plot number,,1,2,3,4,5,6,7,8,9,10,11,12,13,14,15,16,17,18,19,20,21,22,23,24,25,26,27,28,29,30,31,32,33,34,35,36,37,38,39,40,41,42,43,44,45,46,47,48,49,50,51,52,53,54,55,56,57,58,59,60,61,62,63,64,65,66,67,68,69,70,71,72,73,74,75,76,77,78,79,80,81,82,83,84,85,86,87,88,89,90,91,92,93,94,95,96,97,98,99,100,101,102,103,104,105,106,107,108,109,110,111,112,113,114,115,116,117,118,119,120,121,122,123,124,125,126,127,128,129,130,131,132,133,134,135,136,137,138,139,140,141,142,143,144,1,2,3,4,5,6,7,8,9,10,11,12,13,14,15,16,17,18,19,20,21,22,23,24,25,26,27,28,29,30,31,32,33,34,35,36,37,38,39,40,41,42,43,44,45,46,47,48,49,50,51,52,53,54,55,56,57,58,59,60,61,62,63,64,65,66,67,68,69,70,71,72,73,74,75,76,77,78,79,80,81,82,83,84,85,86,87,88,89,90,91,92,93,94,95,96,97,98,99,100,101,102,103,104,105,106,107,108,109,110,111,112,113,114,115,116,117,118,119,120,121,122,123,124,125,126,127,128,129,130,131,132,133,134,135,136,137,138,139,140,141,142,143,144,1,2,3,4,5,6,7,8,9,10,11,12,13,14,15,16,17,18,19,20,21,22,23,24,25,26,27,28,29,30,31,32,33,34,35,36,37,38,39,40,41,42,43,44,45,46,47,48,49,50,51,52,53,54,55,56,57,58,59,60,61,62,63,64,65,66,67,68,69,70,71,72,73,74,75,76,77,78,79,80,81,82,83,84,85,86,87,88,89,90,91,92,93,94,95,96,97,98,99,100,101,102,103,104,105,106,107,108,109,110,111,112,113,114,115,116,117,118,119,120,121,122,123,124,125,126,127,128,129,130,131,132,133,134,135,136,137,138,139,140,141,142,143,144
survey number,,1,1,1,1,1,1,1,1,1,1,1,1,1,1,1,1,1,1,1,1,1,1,1,1,1,1,1,1,1,1,1,1,1,1,1,1,1,1,1,1,1,1,1,1,1,1,1,1,1,1,1,1,1,1,1,1,1,1,1,1,1,1,1,1,1,1,1,1,1,1,1,1,1,1,1,1,1,1,1,1,1,1,1,1,1,1,1,1,1,1,1,1,1,1,1,1,1,1,1,1,1,1,1,1,1,1,1,1,1,1,1,1,1,1,1,1,1,1,1,1,1,1,1,1,1,1,1,1,1,1,1,1,1,1,1,1,1,1,1,1,1,1,1,1,2,2,2,2,2,2,2,2,2,2,2,2,2,2,2,2,2,2,2,2,2,2,2,2,2,2,2,2,2,2,2,2,2,2,2,2,2,2,2,2,2,2,2,2,2,2,2,2,2,2,2,2,2,2,2,2,2,2,2,2,2,2,2,2,2,2,2,2,2,2,2,2,2,2,2,2,2,2,2,2,2,2,2,2,2,2,2,2,2,2,2,2,2,2,2,2,2,2,2,2,2,2,2,2,2,2,2,2,2,2,2,2,2,2,2,2,2,2,2,2,2,2,2,2,2,2,2,2,2,2,2,2,2,2,2,2,2,2,2,2,2,2,2,2,3,3,3,3,3,3,3,3,3,3,3,3,3,3,3,3,3,3,3,3,3,3,3,3,3,3,3,3,3,3,3,3,3,3,3,3,3,3,3,3,3,3,3,3,3,3,3,3,3,3,3,3,3,3,3,3,3,3,3,3,3,3,3,3,3,3,3,3,3,3,3,3,3,3,3,3,3,3,3,3,3,3,3,3,3,3,3,3,3,3,3,3,3,3,3,3,3,3,3,3,3,3,3,3,3,3,3,3,3,3,3,3,3,3,3,3,3,3,3,3,3,3,3,3,3,3,3,3,3,3,3,3,3,3,3,3,3,3,3,3,3,3,3,3
full treatment,,Jan_R_T_NPt,Jan_R_T_Pt,Nov_R_NT_NPt,Jan_R_NT_Pt,Nov_R_NT_Pt,Nov_R_NT_Pt,Nov_R_T_Pt,Nov_R_NT_NPt,Jan_R_NT_Pt,Nov_R_NT_Pt,Jan_R_T_Pt,Con,Nov_R_T_NPt,Jan_R_T_NPt,Jan_R_T_Pt,Nov_R_T_Pt,Jan_R_T_Pt,Jan_R_T_Pt,Nov_R_NT_Pt,Jan_R_T_NPt,Jan_R_NT_Pt,Nov_R_NT_NPt,Jan_R_NT_NPt,Jan_R_NT_NPt,Jan_R_NT_Pt,Nov_R_NT_NPt,Jan_R_NT_Pt,Jan_R_NT_Pt,Jan_R_NT_NPt,Nov_R_NT_Pt,Nov_R_NT_NPt,Jan_R_T_NPt,Jan_R_T_Pt,Jan_R_NT_NPt,Jan_R_T_Pt,Nov_R_T_Pt,Con,Nov_R_T_Pt,Jan_R_NT_NPt,Jan_R_T_NPt,Nov_R_NT_NPt,Nov_R_T_Pt,Jan_R_T_NPt,Con,Nov_R_T_NPt,Jan_R_NT_NPt,Nov_R_T_Pt,Nov_R_NT_Pt,Nov_R_T_NPt,Jan_R_T_NPt,Nov_R_T_Pt,Con,Con,Nov_R_T_NPt,Jan_R_NT_NPt,Nov_R_T_NPt,Jan_R_NT_Pt,Nov_R_NT_Pt,Nov_R_NT_Pt,Jan_R_NT_NPt,Jan_R_NT_Pt,Nov_R_NT_NPt,Jan_R_T_Pt,Nov_R_T_NPt,Nov_R_NT_NPt,Con,Jan_R_T_NPt,Con,Nov_R_T_Pt,Jan_R_NT_NPt,Nov_R_NT_Pt,Jan_R_NT_NPt,Nov_R_T_Pt,Jan_R_NT_NPt,Jan_R_T_NPt,Nov_R_NT_NPt,Nov_R_NT_Pt,Nov_R_T_Pt,Nov_R_T_Pt,Nov_R_NT_Pt,Jan_R_T_NPt,Jan_R_T_Pt,Con,Nov_R_NT_Pt,Jan_R_T_NPt,Con,Jan_R_NT_Pt,Jan_R_T_Pt,Jan_R_T_Pt,Jan_R_NT_Pt,Nov_R_T_NPt,Nov_R_T_Pt,Nov_R_T_NPt,Nov_R_NT_NPt,Con,Jan_R_T_NPt,Jan_R_T_NPt,Nov_R_T_NPt,Nov_R_T_NPt,Con,Nov_R_T_Pt,Jan_R_T_Pt,Con,Nov_R_NT_NPt,Con,Jan_R_NT_NPt,Nov_R_NT_Pt,Jan_R_T_Pt,Nov_R_NT_Pt,Nov_R_NT_Pt,Jan_R_T_Pt,Jan_R_NT_Pt,Jan_R_NT_NPt,Jan_R_NT_Pt,Nov_R_T_NPt,Jan_R_T_Pt,Jan_R_NT_NPt,Nov_R_NT_NPt,Jan_R_NT_NPt,Jan_R_NT_Pt,Nov_R_T_Pt,Nov_R_T_NPt,Jan_R_T_NPt,Con,Nov_R_T_Pt,Con,Jan_R_T_NPt,Nov_R_NT_NPt,Nov_R_T_Pt,Nov_R_T_NPt,Jan_R_NT_NPt,Nov_R_T_NPt,Nov_R_NT_Pt,Nov_R_NT_NPt,Con,Jan_R_NT_Pt,Nov_R_NT_NPt,Nov_R_T_NPt,Jan_R_NT_Pt,Jan_R_NT_Pt,Nov_R_NT_NPt,Jan_R_T_NPt,Jan_R_T_Pt,Nov_R_T_NPt,Jan_R_T_NPt,Jan_R_T_Pt,Nov_R_NT_NPt,Jan_R_NT_Pt,Nov_R_NT_Pt,Nov_R_NT_Pt,Nov_R_T_Pt,Nov_R_NT_NPt,Jan_R_NT_Pt,Nov_R_NT_Pt,Jan_R_T_Pt,Con,Nov_R_T_NPt,Jan_R_T_NPt,Jan_R_T_Pt,Nov_R_T_Pt,Jan_R_T_Pt,Jan_R_T_Pt,Nov_R_NT_Pt,Jan_R_T_NPt,Jan_R_NT_Pt,Nov_R_NT_NPt,Jan_R_NT_NPt,Jan_R_NT_NPt,Jan_R_NT_Pt,Nov_R_NT_NPt,Jan_R_NT_Pt,Jan_R_NT_Pt,Jan_R_NT_NPt,Nov_R_NT_Pt,Nov_R_NT_NPt,Jan_R_T_NPt,Jan_R_T_Pt,Jan_R_NT_NPt,Jan_R_T_Pt,Nov_R_T_Pt,Con,Nov_R_T_Pt,Jan_R_NT_NPt,Jan_R_T_NPt,Nov_R_NT_NPt,Nov_R_T_Pt,Jan_R_T_NPt,Con,Nov_R_T_NPt,Jan_R_NT_NPt,Nov_R_T_Pt,Nov_R_NT_Pt,Nov_R_T_NPt,Jan_R_T_NPt,Nov_R_T_Pt,Con,Con,Nov_R_T_NPt,Jan_R_NT_NPt,Nov_R_T_NPt,Jan_R_NT_Pt,Nov_R_NT_Pt,Nov_R_NT_Pt,Jan_R_NT_NPt,Jan_R_NT_Pt,Nov_R_NT_NPt,Jan_R_T_Pt,Nov_R_T_NPt,Nov_R_NT_NPt,Con,Jan_R_T_NPt,Con,Nov_R_T_Pt,Jan_R_NT_NPt,Nov_R_NT_Pt,Jan_R_NT_NPt,Nov_R_T_Pt,Jan_R_NT_NPt,Jan_R_T_NPt,Nov_R_NT_NPt,Nov_R_NT_Pt,Nov_R_T_Pt,Nov_R_T_Pt,Nov_R_NT_Pt,Jan_R_T_NPt,Jan_R_T_Pt,Con,Nov_R_NT_Pt,Jan_R_T_NPt,Con,Jan_R_NT_Pt,Jan_R_T_Pt,Jan_R_T_Pt,Jan_R_NT_Pt,Nov_R_T_NPt,Nov_R_T_Pt,Nov_R_T_NPt,Nov_R_NT_NPt,Con,Jan_R_T_NPt,Jan_R_T_NPt,Nov_R_T_NPt,Nov_R_T_NPt,Con,Nov_R_T_Pt,Jan_R_T_Pt,Con,Nov_R_NT_NPt,Con,Jan_R_NT_NPt,Nov_R_NT_Pt,Jan_R_T_Pt,Nov_R_NT_Pt,Nov_R_NT_Pt,Jan_R_T_Pt,Jan_R_NT_Pt,Jan_R_NT_NPt,Jan_R_NT_Pt,Nov_R_T_NPt,Jan_R_T_Pt,Jan_R_NT_NPt,Nov_R_NT_NPt,Jan_R_NT_NPt,Jan_R_NT_Pt,Nov_R_T_Pt,Nov_R_T_NPt,Jan_R_T_NPt,Con,Nov_R_T_Pt,Con,Jan_R_T_NPt,Nov_R_NT_NPt,Nov_R_T_Pt,Nov_R_T_NPt,Jan_R_NT_NPt,Nov_R_T_NPt,Nov_R_NT_Pt,Nov_R_NT_NPt,Con,Jan_R_NT_Pt,Nov_R_NT_NPt,Nov_R_T_NPt,Jan_R_NT_Pt,Jan_R_NT_Pt,Nov_R_NT_NPt,Jan_R_T_NPt,Jan_R_T_Pt,Nov_R_T_NPt,Jan_R_T_NPt,Jan_R_T_Pt,Nov_R_NT_NPt,Jan_R_NT_Pt,Nov_R_NT_Pt,Nov_R_NT_Pt,Nov_R_T_Pt,Nov_R_NT_NPt,Jan_R_NT_Pt,Nov_R_NT_Pt,Jan_R_T_Pt,Con,Nov_R_T_NPt,Jan_R_T_NPt,Jan_R_T_Pt,Nov_R_T_Pt,Jan_R_T_Pt,Jan_R_T_Pt,Nov_R_NT_Pt,Jan_R_T_NPt,Jan_R_NT_Pt,Nov_R_NT_NPt,Jan_R_NT_NPt,Jan_R_NT_NPt,Jan_R_NT_Pt,Nov_R_NT_NPt,Jan_R_NT_Pt,Jan_R_NT_Pt,Jan_R_NT_NPt,Nov_R_NT_Pt,Nov_R_NT_NPt,Jan_R_T_NPt,Jan_R_T_Pt,Jan_R_NT_NPt,Jan_R_T_Pt,Nov_R_T_Pt,Con,Nov_R_T_Pt,Jan_R_NT_NPt,Jan_R_T_NPt,Nov_R_NT_NPt,Nov_R_T_Pt,Jan_R_T_NPt,Con,Nov_R_T_NPt,Jan_R_NT_NPt,Nov_R_T_Pt,Nov_R_NT_Pt,Nov_R_T_NPt,Jan_R_T_NPt,Nov_R_T_Pt,Con,Con,Nov_R_T_NPt,Jan_R_NT_NPt,Nov_R_T_NPt,Jan_R_NT_Pt,Nov_R_NT_Pt,Nov_R_NT_Pt,Jan_R_NT_NPt,Jan_R_NT_Pt,Nov_R_NT_NPt,Jan_R_T_Pt,Nov_R_T_NPt,Nov_R_NT_NPt,Con,Jan_R_T_NPt,Con,Nov_R_T_Pt,Jan_R_NT_NPt,Nov_R_NT_Pt,Jan_R_NT_NPt,Nov_R_T_Pt,Jan_R_NT_NPt,Jan_R_T_NPt,Nov_R_NT_NPt,Nov_R_NT_Pt,Nov_R_T_Pt,Nov_R_T_Pt,Nov_R_NT_Pt,Jan_R_T_NPt,Jan_R_T_Pt,Con,Nov_R_NT_Pt,Jan_R_T_NPt,Con,Jan_R_NT_Pt,Jan_R_T_Pt,Jan_R_T_Pt,Jan_R_NT_Pt,Nov_R_T_NPt,Nov_R_T_Pt,Nov_R_T_NPt,Nov_R_NT_NPt,Con,Jan_R_T_NPt,Jan_R_T_NPt,Nov_R_T_NPt,Nov_R_T_NPt,Con,Nov_R_T_Pt,Jan_R_T_Pt,Con,Nov_R_NT_NPt,Con,Jan_R_NT_NPt,Nov_R_NT_Pt,Jan_R_T_Pt,Nov_R_NT_Pt,Nov_R_NT_Pt,Jan_R_T_Pt,Jan_R_NT_Pt,Jan_R_NT_NPt,Jan_R_NT_Pt,Nov_R_T_NPt,Jan_R_T_Pt,Jan_R_NT_NPt,Nov_R_NT_NPt,Jan_R_NT_NPt,Jan_R_NT_Pt,Nov_R_T_Pt,Nov_R_T_NPt,Jan_R_T_NPt,Con,Nov_R_T_Pt,Con,Jan_R_T_NPt,Nov_R_NT_NPt,Nov_R_T_Pt,Nov_R_T_NPt,Jan_R_NT_NPt,Nov_R_T_NPt,Nov_R_NT_Pt,Nov_R_NT_NPt,Con,Jan_R_NT_Pt,Nov_R_NT_NPt,Nov_R_T_NPt,Jan_R_NT_Pt,Jan_R_NT_Pt,Nov_R_NT_NPt,Jan_R_T_NPt,Jan_R_T_Pt,Nov_R_T_NPt
season,,Jan,Jan,Nov,Jan,Nov,Nov,Nov,Nov,Jan,Nov,Jan,c,Nov,Jan,Jan,Nov,Jan,Jan,Nov,Jan,Jan,Nov,Jan,Jan,Jan,Nov,Jan,Jan,Jan,Nov,Nov,Jan,Jan,Jan,Jan,Nov,c,Nov,Jan,Jan,Nov,Nov,Jan,c,Nov,Jan,Nov,Nov,Nov,Jan,Nov,c,c,Nov,Jan,Nov,Jan,Nov,Nov,Jan,Jan,Nov,Jan,Nov,Nov,c,Jan,c,Nov,Jan,Nov,Jan,Nov,Jan,Jan,Nov,Nov,Nov,Nov,Nov,Jan,Jan,c,Nov,Jan,c,Jan,Jan,Jan,Jan,Nov,Nov,Nov,Nov,c,Jan,Jan,Nov,Nov,c,Nov,Jan,c,Nov,c,Jan,Nov,Jan,Nov,Nov,Jan,Jan,Jan,Jan,Nov,Jan,Jan,Nov,Jan,Jan,Nov,Nov,Jan,c,Nov,c,Jan,Nov,Nov,Nov,Jan,Nov,Nov,Nov,c,Jan,Nov,Nov,Jan,Jan,Nov,Jan,Jan,Nov,Jan,Jan,Nov,Jan,Nov,Nov,Nov,Nov,Jan,Nov,Jan,c,Nov,Jan,Jan,Nov,Jan,Jan,Nov,Jan,Jan,Nov,Jan,Jan,Jan,Nov,Jan,Jan,Jan,Nov,Nov,Jan,Jan,Jan,Jan,Nov,c,Nov,Jan,Jan,Nov,Nov,Jan,c,Nov,Jan,Nov,Nov,Nov,Jan,Nov,c,c,Nov,Jan,Nov,Jan,Nov,Nov,Jan,Jan,Nov,Jan,Nov,Nov,c,Jan,c,Nov,Jan,Nov,Jan,Nov,Jan,Jan,Nov,Nov,Nov,Nov,Nov,Jan,Jan,c,Nov,Jan,c,Jan,Jan,Jan,Jan,Nov,Nov,Nov,Nov,c,Jan,Jan,Nov,Nov,c,Nov,Jan,c,Nov,c,Jan,Nov,Jan,Nov,Nov,Jan,Jan,Jan,Jan,Nov,Jan,Jan,Nov,Jan,Jan,Nov,Nov,Jan,c,Nov,c,Jan,Nov,Nov,Nov,Jan,Nov,Nov,Nov,c,Jan,Nov,Nov,Jan,Jan,Nov,Jan,Jan,Nov,Jan,Jan,Nov,Jan,Nov,Nov,Nov,Nov,Jan,Nov,Jan,c,Nov,Jan,Jan,Nov,Jan,Jan,Nov,Jan,Jan,Nov,Jan,Jan,Jan,Nov,Jan,Jan,Jan,Nov,Nov,Jan,Jan,Jan,Jan,Nov,c,Nov,Jan,Jan,Nov,Nov,Jan,c,Nov,Jan,Nov,Nov,Nov,Jan,Nov,c,c,Nov,Jan,Nov,Jan,Nov,Nov,Jan,Jan,Nov,Jan,Nov,Nov,c,Jan,c,Nov,Jan,Nov,Jan,Nov,Jan,Jan,Nov,Nov,Nov,Nov,Nov,Jan,Jan,c,Nov,Jan,c,Jan,Jan,Jan,Jan,Nov,Nov,Nov,Nov,c,Jan,Jan,Nov,Nov,c,Nov,Jan,c,Nov,c,Jan,Nov,Jan,Nov,Nov,Jan,Jan,Jan,Jan,Nov,Jan,Jan,Nov,Jan,Jan,Nov,Nov,Jan,c,Nov,c,Jan,Nov,Nov,Nov,Jan,Nov,Nov,Nov,c,Jan,Nov,Nov,Jan,Jan,Nov,Jan,Jan,Nov
raking,,r,r,r,r,r,r,r,r,r,r,r,c,r,r,r,r,r,r,r,r,r,r,r,r,r,r,r,r,r,r,r,r,r,r,r,r,c,r,r,r,r,r,r,c,r,r,r,r,r,r,r,c,c,r,r,r,r,r,r,r,r,r,r,r,r,c,r,c,r,r,r,r,r,r,r,r,r,r,r,r,r,r,c,r,r,c,r,r,r,r,r,r,r,r,c,r,r,r,r,c,r,r,c,r,c,r,r,r,r,r,r,r,r,r,r,r,r,r,r,r,r,r,r,c,r,c,r,r,r,r,r,r,r,r,c,r,r,r,r,r,r,r,r,r,r,r,r,r,r,r,r,r,r,r,r,c,r,r,r,r,r,r,r,r,r,r,r,r,r,r,r,r,r,r,r,r,r,r,r,r,c,r,r,r,r,r,r,c,r,r,r,r,r,r,r,c,c,r,r,r,r,r,r,r,r,r,r,r,r,c,r,c,r,r,r,r,r,r,r,r,r,r,r,r,r,r,c,r,r,c,r,r,r,r,r,r,r,r,c,r,r,r,r,c,r,r,c,r,c,r,r,r,r,r,r,r,r,r,r,r,r,r,r,r,r,r,r,c,r,c,r,r,r,r,r,r,r,r,c,r,r,r,r,r,r,r,r,r,r,r,r,r,r,r,r,r,r,r,r,c,r,r,r,r,r,r,r,r,r,r,r,r,r,r,r,r,r,r,r,r,r,r,r,r,c,r,r,r,r,r,r,c,r,r,r,r,r,r,r,c,c,r,r,r,r,r,r,r,r,r,r,r,r,c,r,c,r,r,r,r,r,r,r,r,r,r,r,r,r,r,c,r,r,c,r,r,r,r,r,r,r,r,c,r,r,r,r,c,r,r,c,r,c,r,r,r,r,r,r,r,r,r,r,r,r,r,r,r,r,r,r,c,r,c,r,r,r,r,r,r,r,r,c,r,r,r,r,r,r,r,r,r
tamping,,t,t,nt,nt,nt,nt,t,nt,nt,nt,t,c,t,t,t,t,t,t,nt,t,nt,nt,nt,nt,nt,nt,nt,nt,nt,nt,nt,t,t,nt,t,t,c,t,nt,t,nt,t,t,c,t,nt,t,nt,t,t,t,c,c,t,nt,t,nt,nt,nt,nt,nt,nt,t,t,nt,c,t,c,t,nt,nt,nt,t,nt,t,nt,nt,t,t,nt,t,t,c,nt,t,c,nt,t,t,nt,t,t,t,nt,c,t,t,t,t,c,t,t,c,nt,c,nt,nt,t,nt,nt,t,nt,nt,nt,t,t,nt,nt,nt,nt,t,t,t,c,t,c,t,nt,t,t,nt,t,nt,nt,c,nt,nt,t,nt,nt,nt,t,t,t,t,t,nt,nt,nt,nt,t,nt,nt,nt,t,c,t,t,t,t,t,t,nt,t,nt,nt,nt,nt,nt,nt,nt,nt,nt,nt,nt,t,t,nt,t,t,c,t,nt,t,nt,t,t,c,t,nt,t,nt,t,t,t,c,c,t,nt,t,nt,nt,nt,nt,nt,nt,t,t,nt,c,t,c,t,nt,nt,nt,t,nt,t,nt,nt,t,t,nt,t,t,c,nt,t,c,nt,t,t,nt,t,t,t,nt,c,t,t,t,t,c,t,t,c,nt,c,nt,nt,t,nt,nt,t,nt,nt,nt,t,t,nt,nt,nt,nt,t,t,t,c,t,c,t,nt,t,t,nt,t,nt,nt,c,nt,nt,t,nt,nt,nt,t,t,t,t,t,nt,nt,nt,nt,t,nt,nt,nt,t,c,t,t,t,t,t,t,nt,t,nt,nt,nt,nt,nt,nt,nt,nt,nt,nt,nt,t,t,nt,t,t,c,t,nt,t,nt,t,t,c,t,nt,t,nt,t,t,t,c,c,t,nt,t,nt,nt,nt,nt,nt,nt,t,t,nt,c,t,c,t,nt,nt,nt,t,nt,t,nt,nt,t,t,nt,t,t,c,nt,t,c,nt,t,t,nt,t,t,t,nt,c,t,t,t,t,c,t,t,c,nt,c,nt,nt,t,nt,nt,t,nt,nt,nt,t,t,nt,nt,nt,nt,t,t,t,c,t,c,t,nt,t,t,nt,t,nt,nt,c,nt,nt,t,nt,nt,nt,t,t,t
seed treatment,,npt,pt,npt,pt,pt,pt,pt,npt,pt,pt,pt,c,npt,npt,pt,pt,pt,pt,pt,npt,pt,npt,npt,npt,pt,npt,pt,pt,npt,pt,npt,npt,pt,npt,pt,pt,c,pt,npt,npt,npt,pt,npt,c,npt,npt,pt,pt,npt,npt,pt,c,c,npt,npt,npt,pt,pt,pt,npt,pt,npt,pt,npt,npt,c,npt,c,pt,npt,pt,npt,pt,npt,npt,npt,pt,pt,pt,pt,npt,pt,c,pt,npt,c,pt,pt,pt,pt,npt,pt,npt,npt,c,npt,npt,npt,npt,c,pt,pt,c,npt,c,npt,pt,pt,pt,pt,pt,pt,npt,pt,npt,pt,npt,npt,npt,pt,pt,npt,npt,c,pt,c,npt,npt,pt,npt,npt,npt,pt,npt,c,pt,npt,npt,pt,pt,npt,npt,pt,npt,npt,pt,npt,pt,pt,pt,pt,npt,pt,pt,pt,c,npt,npt,pt,pt,pt,pt,pt,npt,pt,npt,npt,npt,pt,npt,pt,pt,npt,pt,npt,npt,pt,npt,pt,pt,c,pt,npt,npt,npt,pt,npt,c,npt,npt,pt,pt,npt,npt,pt,c,c,npt,npt,npt,pt,pt,pt,npt,pt,npt,pt,npt,npt,c,npt,c,pt,npt,pt,npt,pt,npt,npt,npt,pt,pt,pt,pt,npt,pt,c,pt,npt,c,pt,pt,pt,pt,npt,pt,npt,npt,c,npt,npt,npt,npt,c,pt,pt,c,npt,c,npt,pt,pt,pt,pt,pt,pt,npt,pt,npt,pt,npt,npt,npt,pt,pt,npt,npt,c,pt,c,npt,npt,pt,npt,npt,npt,pt,npt,c,pt,npt,npt,pt,pt,npt,npt,pt,npt,npt,pt,npt,pt,pt,pt,pt,npt,pt,pt,pt,c,npt,npt,pt,pt,pt,pt,pt,npt,pt,npt,npt,npt,pt,npt,pt,pt,npt,pt,npt,npt,pt,npt,pt,pt,c,pt,npt,npt,npt,pt,npt,c,npt,npt,pt,pt,npt,npt,pt,c,c,npt,npt,npt,pt,pt,pt,npt,pt,npt,pt,npt,npt,c,npt,c,pt,npt,pt,npt,pt,npt,npt,npt,pt,pt,pt,pt,npt,pt,c,pt,npt,c,pt,pt,pt,pt,npt,pt,npt,npt,c,npt,npt,npt,npt,c,pt,pt,c,npt,c,npt,pt,pt,pt,pt,pt,pt,npt,pt,npt,pt,npt,npt,npt,pt,pt,npt,npt,c,pt,c,npt,npt,pt,npt,npt,npt,pt,npt,c,pt,npt,npt,pt,pt,npt,npt,pt,npt
Acmispon glaber,,,,,,,,,,,,,,,,,,,,,,,,,,,,,,,,,,,,,,,,,,,,,,,,,,,,,,,,,,,,,,,,,,,,,,,,,,,,,,,,,,,,,,,,,,,,,,,,,,,,,,,,,,,,,,,,,,,,,,,,,,,,,,,,,,,,,,,,,,,,,,,,,,,,,,,,,,,,,,,,,,,,,,,,,,,,,,,,,,,,,,,,,,,,,,,,,,,,,,,,,,,,,,,,,,,,,,,,,,,,,,,,,,,,,,,,,,,,,,,,,x,,,,,,,,,,,,,,,,,,,,,,,,,,,,,,,,,,,,,,,,,,,,,,,,,,,,,,,,,,,,,,,,,,,,,,,,,,,,,,,,,,,,,,,,,,,,,,,,,,,,,,,,,,,,,,,,,,,,,,,,,,,,,,,,,,,,,,,,,,,,,,,,,,,,,,,,,,,,,,,,,,,,,,,,,,,,,,,,,,,,,,,,,,,,,,,,
Acmispon maritimus var. maritimus,n,,,,,,x,x,,,x,,,x,,x,,,,x,,,,,,,,,x,,x,x,,,x,,,,,,,x,x,,,x,,x,,x,,x,,,,,x,,x,,,,,,,,,,,x,,x,,,,,,,x,,,,,,x,,,,,,,,,,x,,,,,,,,,,x,,,x,x,,,,,,,,,,,,x,,,,,,,,x,,,,,,,,,,,,,,,,,,,,,,,,,,,,,,,,,,,,,,,,,,,,,,,,,,,,,,,,,,,,,,,,,,,,,,,,,,,,,,,,,,,,,,,,,,,,,,,,,,,,,,,,,,,,,,,,,,,,,,,,,,,,,,,,,,,,,,,,,,,,,,,,,,,,,,,,,,,,,,,,,,,,,,,,,,,,,,,,,,,,,,,,,,,,,,,,,,,,,,,,,,,,,,,,,,,,,,,,,,,,,,,,,,,,,,,,,,,,,,,,,,,,,,,,,,,,,,,,,,,,,,,,,,,,,,,,,,,,,,,,,,,,,,,,,,,,,,,,,,,,,,,,
Acmispon strigosus,n,,,,,,,,,,,,,,,,,,,,,,,,,,,,,x,,,,,,,,,,,,,,,,,,,,,,,,,,,,,,,,,,,,,,,,,,,,,,,,,,,,,,,,,,,,,,,,,,,,,,,,,,,,,,,,,,,,,,,,,,,,,,,,,,,,,,,,,,,,,,,,,,,,,,,,,,,,,,,,,,,,,,,,,,,,,,,,,,,,,,,,,,,,,,,,,,,,,,,,,,,,,,,,,,,,,,,,,,,,,,,,,,,,,,,,,,,,,,,,,,,,,,,,,,,,,,,,,,,,,,,,,,,,,,,,,,,,,,,,,,,,,,,,,,,,,,,,,,,,,,,,,,,,,,,,,,,,,,,,,,,,,,,,,,,,,,,,,,,,,,,,,,,,,,,,,,,,,,,,,,,,,,,,,,,,,,,,,,,,,,,,,,,,,,,,,,,,,,,,,,,,,,,,,,,,,,,,,,,,,,,,,,,,,,,,,,,
Artemisia californica,n,,,,,,,,,x,,,,,,,,,,,,,,,,,,,,,,,,,,,,,,,,,,,,,,,,,,,,,,,,x,,,,,,,,,,,,,,,,,,,,,,,,,,,,,,,,x,x,,,x,,,,x,,,,,,,,,,,,,,,,,,,,,,,,,,,,,,,,,,,,,,,x,,,,,,,,,,,,,,,,,,,,,,,,,,,,,,,,,,,x,,,,,,,,,,,,,,,,,,x,,,,x,,,,,,,,x,,,,,,,,,,,,,,,,,,,,,,,x,,,,,,,x,x,x,,,,x,,,x,x,,,,,,x,,,,x,,,,,,,,,,,,,x,,,,x,,,x,,,x,,,x,,,x,,,,x,,,x,x,,,,,,,,,,,,,,,,,,x,,,,,,,,,x,,x,,x,x,,,,,,x,,,,,,,,,,,x,,,,,,,,x,x,,,,,,,x,x,,,,,,,,,,,,,,x,,,,,,,x,x,x,x,,,,,,,,,,,,,x,,,x,x,,,,,,,,,,,,,x,,,,,x,,,,,x,,,x,x,,x,,,,x,,x,x,
Astragalus douglasii,n,,,,,,,,,,,,,,,,,,,,,,,,,,,,,,,,,,,,,,,,,,,,,,,,,,,,,,,,,,,,,,,,,,,,,,,,,,,,,,,x,,,,,,,,,,,x,,,,,,,,,,,,,,,,,,,,,,,,,,,,,,,,,,,,,,,,,,,,,,,,,,,,,,,,,,,,,,,,,,,,,,,,,,,,,,,,,,,,,,,,,,,,,,,,,,,,,,,,,,,,,,,,,,,,,,,,,,,,,,,,,,,,,,,,,,,,,,,,,,,,,,,,,,,,,,,,,,,,,,,,,,,,,,,,,,,,,,,,,,,,,,,,,,,,,,,,,,,,,,,,,,,,,,,,,,,,,,,,,,,,x,,,,,,,,,,,,,,,x,,,,,,,,,,,,,x,,,,,,,,,,,x,,,,,,,,x,,,,,,,,,,,,,,,,,,,,,,,,,,,,,,,,,,,,,,,,,,x,,,,,,,,,,,,,,,,,,,,,,,x,x,
Astragulus sp.,n,,,,,,,,,,,,,,,,,,,,,,,,,,,,,,x,,,,,,,,,,,x,,,,x,,,,,,,,,,,,,,,,,,,,,,,,,,,,,,,,,,,,,,,,,,,,,,,,,,,,,,,,,,,,,,,,,,,,,,,,,,,,,,,,,,,,,,,,,,,,,,,,,,,,,,,,,x,,,,,x,,x,x,x,,,,,,,,,,,,,,,,,,,,,,,,,,,,,,x,,,,,,,,,,,x,,,,,,,,,,,,,x,,,,,,x,,x,,,,,,,,,,,,,,,,,,,,,,,,,,,,,,,,,,,,,,,,,,x,,,,,,,,,,,,,,,,,,,,,,,x,,,,,,,,,,,,,,,,,,,,,,,,,,,,,,,,,,,,,,,,,,,,,,,,,,,,,,,,,,,,,,,,,,,,,,,,,,,,,,,,,,,,,,,,,,,,,,,,,,,,,,,,,,,,,,,,,,,,,,,,,,,,,,,,,,,,,,,,,,,,,,,,,,
Avena fatua,nn,,,,,,,,,,,,,,,,,x,x,x,,x,,x,,,,,x,,,,x,x,x,x,,,,,x,,,,x,,,,,,,,,,,,,,,,,,,,,,,,,,,,,,,,,,,,,,,,,,,,,,,,,,,,,,,,,,,,,,,,,,,,,,,,,,,,,,,,,,,,,,,,,,,,,,,,,,,,,,,,x,,,,,,,,x,,x,,,x,x,,,x,,,,,,,x,,,,,x,,,,,,,x,,,,x,,,,,,,,,,,,,,,,,,,,,,,x,,x,,,x,x,,x,x,,,,,,,x,x,,,,,,,,,,,,,,,,,,,,,,,,,,,,,,,,,,,,,,,,,,,,,,,,,,,,,,,,,,,,,,,,,,,,,,,,,,,,,,,,,,,,,,,,,,,,,,,,,,,,,,,,,,,,x,,,,,,,,,,,,,x,,,,,,,,,,,,,,,,,,,,,,,,,,,,,,,,,,,,,,,,,,,,,,,,,,,,,,x,,,,,,,,,,,,,,,,,,,,,,,,,,,,,
Brassica nigra,nn,,,,,,x,x,x,,x,,,x,,,x,,,x,,x,x,x,x,,x,,x,x,x,x,x,x,x,,x,x,x,x,x,x,x,x,x,x,x,x,x,x,x,x,,,x,x,x,x,x,x,,,x,,x,x,x,,,x,x,x,,x,,,x,x,x,x,,x,x,x,x,,,x,,x,x,x,x,x,x,,x,x,x,,x,x,,x,x,x,,x,x,,,,,,,x,,,x,,x,,x,,,,,,x,,,,,,,,,,,,,,,,,,,,,,,,,,,,,,,,,,,,,,,,,,,,,,,,,,,,,,,,,,,,,,,,,,,,,,,,,,,,,,,,,,,x,x,,x,x,x,,,,,,,,x,x,x,x,x,x,,,,x,x,x,x,x,x,x,x,x,x,x,x,,,x,x,x,x,x,x,x,x,x,,,,x,x,x,x,x,x,x,x,x,,x,x,x,x,x,x,x,,x,x,x,x,x,x,x,x,x,,x,x,x,,x,x,x,x,x,x,x,x,,,x,,x,x,x,,,,,,,x,,x,,,x,x,x,x,,,,,,,x,,,x,x,x,x,x,,,,x,x,x,x,,x,,,x,x,x,,,x,,,x,x,x,x,x,x,x,x,x,,x,,,x,,x,x,x,x,x,x,,,,,,,,,x,x,x,x,x,,,,x,x,x,x,x,x,x,x,x,,,,,x,x,x,x,x,x,x,x,,x,x,x,x,x,x,x,x,,x,x,x,x,x,,,,x,,
Brickellia californica,n,,,,,,,,,,,,,,,,,,,,,,,,,,,,,,,,,,,,,,,,,,,,,,,,,,,,,,,,,,,,,,,,,,,,,,,,,,,,,,,,,,,,,,,,,,,,,,,,,,,,,,,,,,,,,,,,,,,,,,,,x,,,,,,,,,,,,,,,,,,,,,,,,,,,,,,,,,,,,,,,,,,,,,,,,,,,,,,,,,,,,,,,,,,,,,,,,,,,,,,,,,,,,,,,,,,,,,,,,,,,,,,,,,,,,,,,,,,,,,,,,,,,,,,,,,,,,,,,,,,,,,,,,,,,,,,,,,,,,,,,,,,,,,,,,,,,,,,,,,,,,,,,,,,,,,,,,,,,,,,,,,,,,,,,,,,,,,,,,,,,,,,,,,,,,,,,,,,,,,,,,,,,,,,,,,,,,,,,,,,,,,,,,,,,,,,,,,,,,,,,,,,,,,,,,,,,,,,,,,,,,,,,,,,,,,,,,
Bromus diandrus,nn,,,,,,,,x,x,x,x,x,x,x,x,x,x,,,x,x,x,x,x,x,x,x,x,,,x,x,x,x,x,x,x,x,x,x,x,x,x,,,x,x,,,x,,x,x,,x,,x,,,x,x,x,x,x,x,x,x,x,,x,x,x,x,x,x,x,,,,,x,x,x,x,x,x,x,x,x,x,x,,,,x,x,x,x,,x,,x,x,x,x,x,,,,,,x,x,,,,,,,,,,,,,,,,,,x,,,,,x,,,,,,,,,x,x,,x,x,x,,,,,,x,,x,x,x,x,x,x,x,x,x,x,x,,x,,x,x,,x,x,x,,x,x,x,,x,x,,x,x,x,x,x,x,,,x,x,x,x,,x,,x,,,x,x,,x,,,x,x,x,x,x,,x,x,x,,,x,,,,x,x,x,x,x,x,x,,x,x,x,x,x,x,x,x,x,x,x,x,x,x,x,x,x,x,,x,x,x,x,x,x,x,,x,x,,x,x,,x,x,x,x,x,x,x,x,x,x,x,x,x,,x,x,x,x,x,x,x,x,x,,,,,,,,,,,x,,,,,,,,,,,,,x,,,,,x,,,,,,,,x,,,,,,,,,,,,x,x,x,,,,,,,,x,,x,x,x,,x,,,,,,,,x,,,x,,,,x,,,,,x,,x,x,x,x,x,,x,x,,x,,x,x,x,x,x,,x,,,,,,,,x,,,,x,,,,,,x,,,,,x,,,,,,,x,x,,,,,,,,,
Bromus hordeacous,nn,,,,,,,,,,,,,,,,,,,,,,,,,,,,,,,,,,,,,,,,,,,,,,,,,,,,,,,,,,,,,,,,,,,,,,,,,,,,,,,,,,,,,,,,,,,,,,,,,,,,,,,,,,,,,,,,,,,,,,,,,,,,,,,,,,,,,,,,,,,,,,,,,,,,,,,,,,,,,,,,,,,,,x,x,x,,x,,x,x,x,,,,,,,,,,,,,x,,,x,,,,,,,,,,,,,,,,,,,,,,,,,,,,,,,,,,,,,,,,,,,,,,,,,,,,,,,,,,,,,,x,,,,,,,,,,,,,,,,,,,,,,,,,,,,,,,,,,,,,,,,,,,,,,,,,x,x,,,,,,,,,,,,,,,,,,,,,,,,,,,,,,,,,,,,,,,,,,,,,,,,,,,,,,,,,,,,,,,,,,,,,,,,,,,,,,,,,,,,,,,,,,,,,,,,,,,,,,,,,,,,,,,,,,,,,,,,,,,,,,,,,,,
Bromus madritensis ssp. rubens,nn,,,,,,,,x,,,,x,x,,,,,,,,,x,,x,,,x,x,x,,,x,,,,,,,x,,,,x,x,,,,,,,,,,,,,,,,,,x,,x,x,,,,,,,,x,,,x,x,,,,,,,x,,x,,,x,x,,,,,,,,,,x,,x,,,,,,,,,,,,,,,,,,,,,,,,,,,,,,,,,,,,,,,,,,,,x,x,x,,,,,,,x,x,,x,x,,,,,x,x,,x,x,,x,x,x,x,,,x,x,x,x,x,,x,x,x,,x,x,x,x,,,,,x,,x,,,x,,,,x,,,,,x,,,,,,,,x,x,,x,,x,,,,,,,x,,,,x,x,x,,,,,,,,,,x,,,x,,x,x,,x,,,,,,,,,,,,,,,,,,,,,,,,,,,,x,,,,,x,x,,x,,,,,,,,,,,x,x,x,x,,,,,,,,,,,,x,,x,,,,,,,,x,x,,,,,,,x,,,,,x,x,,,,,,x,,,,,x,x,,x,x,,,x,,,,,,x,x,x,x,,,,x,x,,,,x,x,,x,x,x,x,,,,,x,,,x,,,,x,,,,,,,,,,,x,,,,,,,,,,,,,,,,,,,,,,,,,,,,,
Bromus tectorum,nn,,,,,,,,,,,,,,,,,,,,,,,,,,,,,,,,,,,,,,,,,,,,,,,,,,,,,,,,,,,,,,,,,,,,,x,,,,,,,,,,,,,,,,,,,,,,,,,,,,,,,,,,,,,,,,,,,,,,,,,,,,,,,,,,,,,,,,,,,,,,,,,,,,,,,x,,,,,,,,,,,,,,,,,,,x,,,,,x,x,,,x,,x,,,,,,,,,,,,,,,,,,,,,,,,,,,,,,,,,,,,,,,,,,,,,,,,,,,,,,,,,,,,,,,,,,,,,,,,,,,,,,,,,,,,,,,,,,,,,,,,,,,,,,,,,,,,,,,,,,,,,,,,,,,,,,,,,,,,,,,,,,,,,,,,,,,,,,,,,,,,,,,,,,,,,,,,,,,,,,,,,,,,,,,,,,,,,,,,,,,,,,,,,,,,,,,,,,,,,,,,,,,,,,,,,,,,,,,,,,,,,,,,,,,,,,,,,,,,,,
Calandrinia menziesii,n,,,,,,,,,,,,,,,,,,,,,,,,,,,,,,,,,,,,,,,,,,x,,,,,,,,,x,,,,,x,,,,,,,,,,,,,,,,,x,,,,,,,,,,,,,,,,,x,,,,,,,,,,,,,,,,,,,,,,,,,,,,,,x,,,,,,,,,,,,,,,,,,,,,,,,,,,,,,,,,,,,,,,,,,,,,,,,,,,,,,,,,,,,,,,,,,,,,,,,,,,,,,,,,,,,,,,,,,,,,,,,,,,,,,,,,,,,,,,,,,,,,,,,,,,,,,,,,,,,,,,,,,,,,,,,,,,,,,,,,,,,,,,,,,,,,,,,,,,,,,,,,,,,,,,,,,,,,,,,,,,,,,,,,,,,,,,,,,,,,,,,,,,,,,,,,,,,,,,,,,,,,,,,,,,,,,,,,,,,,,,,,,,,,,,,,,,,,,,,,,,,,,,,,,,,,,,,,,,,,,,,,,,,,,,,,,,,,,,,
Calystegia macrostegia,n,,,,,,,,,,,,,,,,,,,,,,,,,,,,,,,,,,,,,,,,,,,,,,,,,,,,,,,,,,,,,,,,,,,,,,,,,,,,,,,,,,,,,,,,,,,,,,,,,,,,,,,,,,,,,,,,,,,,,,,,,,,,,,,,,,,,,,,,,,,,,,,,,,,,,,,,,,,,,,,,,,,,,,,,,x,,,,,,,,,,,,,,,,,,,,,,,,,,,,,,,,,,,,,,x,,,,,,,,x,,,,,,,,,x,,,,x,,,,,,,,,,x,,x,,,,,,,,,,,,x,,,,,,,,,,,,,,,,,,,,,,,,,,,,,,,x,,,,,,,,,,,,,,,,,,,,,,x,,,,,,,,,,,,,,,,,,,,,,,,,,,,,,,,,,,,,,,,,,,,,x,x,,,,,,,,,,,,,,,,,x,,,,x,,,,,,,,,,x,,,,,,,,,,,,,,,,,,,,,,,,,,,,,,,,,,,,,,,,,,,,,x,,,,,
Carduus pynnocephalus,nn,,,,,,,,,,,,,,,,,,,,,,,,,,,,,,,,,,,,,,,,,,,,,,,,,,,,,,,,,,,,,,,,,,,,,,,,,,,,,,,,,,,,,,,,,,,,,,,,,,,,,,,,,,,,,,,,,,,,,,,,,,,,,,,,,,,,,,,,,,,,,,,,,,,,,,,,,,,,,,,,,,,,,,,,,,,,,,,,,,,,x,,,,,,,,,,,,,,,,,,,,,,,,,,,,,,,,,x,,,,,,,,,,,,,,,,,,,,,,,,,x,,,,,,,,,,,,,x,,,,,,,,,,,,,,,,,,,,,,,,,,,,,,,,,,,,,,,,,,,,,,,,,,x,x,x,,x,,x,x,x,,,,,,,,x,x,x,x,x,,,,x,,x,x,,x,,,,,,x,x,,,,,,x,,,x,x,x,x,,,,,,,,,x,x,x,,x,,,,,,,,,x,x,,x,,x,,,x,,,x,x,x,x,x,,x,,,x,,,,,,x,x,x,,,,,,,x,,,x,x,,,,,x,x,x,,x,x,x,,,,x,x,x,x,x,x,x,
Centaurea melitensis,nn,,,,,,x,x,,x,,x,x,x,x,x,x,,,x,x,,x,,,x,x,x,,,x,,,,x,,,,x,,,x,,,,x,,,,,,,,,x,,,,x,x,,,,,,,x,,,x,,,,,,,,,,,,x,,,,,,,,,x,,,,,,,,,,,,,,,,,,,,,,,,,,,,,,,,,,,,,,,,,,,,,,,,,,,,,,,,,,,,x,,x,x,,x,x,x,x,x,x,,,,x,,x,,x,x,x,x,,,x,,,,x,,x,,x,,,,,,x,x,,,,,,,x,,x,x,,,,x,,,,,,,,,x,,,,,,,,x,x,,x,,,,,,,,,x,,,,,,,,,,x,,,x,,,,,,x,,,x,,,,x,,,,,,,,,,x,x,,,,,,x,,,,x,,,x,x,,,,x,,x,,,x,x,x,x,x,x,x,x,x,x,x,x,x,x,,x,x,x,x,,,x,x,x,x,x,x,,,,x,,,,,,x,x,,x,,x,,,,,,,x,,x,x,,,x,x,,,,,,x,x,,x,x,,,,,,,,,,x,x,,,,,,,,,,,,,,,x,x,x,,,,,,,,,,,,,,,,,,,,,,,,,,x,x,x,x,,,,,,x,,x,,,,,x,x,,,,
Chenopodium berlandieri,n,,,,,,,,,,,,,,,,,,,,,,,,,,,,,,,,,,,,,,,,,,,,,,,,,,,,,,,,,,,,,x,,,,,,,,,,,,,,,,,,,,,,,,,,,,,,,,,,,,,,,,,,,,,,,,,,,,,,,,,,,,,,,,,,,,,,,,,,,,,,,,,,,,,,,,,,,,,,,,,,,,,,,x,,,,,,,,,,,,,,,x,,,,,,,,,,,,,,,,,,,,,,,,,,x,,,,,,,,,,,,,,,,,,,,,,,,,x,x,,,,,,,,,,x,,x,x,,,,,,,,,,,x,x,,,,,,,,,,,,x,,,,,,,,,,,,,,,,,,,,,,,,,,,,,,,,,,,,,,,,,,,,,,,,,,,,,,,,,,,,,,,,,,,,,,,,,,,,,,,,,,,,,,,,,,,,,,,,,,,,,,,,,,,,,,,,,,,,,,,,,,,,,,,,,,,,,,,,,,,,,,,,,,,,,,,,,,,,,,,,,,,,
Chenopodium californicum,n,,,,,,,,,,,,,,,,,,,,,,,,,,,,,,,,,,,,,,,,,,,,,,,,,,,,,,x,,,,,,,,,,,x,x,,,,,,,x,,,,x,,,,,,,,x,,,x,,,,,x,,,,,x,,,,,,,,,,,,,,x,x,,,,,,,,,,,,,,,,,,x,,,,,x,,,,,,,,,,,,,,,,,,,,,,,,,,,,,,,,,,,,,,,,,,,,,,,,,,,,,,,,,,,,,,,,,,,,,,,,,,,,,,,,,,,,,,,,,,,,,,,,,,,,,,,,,,,,,,,,,,,,,,,,,,,,,,,,,,,,,,,,,,,,,,,,,,,,,,x,,x,,,,,,,,,,,,,,,,,,,,,,,,,,,,,,,,,,,,,,x,x,,,,,,,,x,x,,,,x,,,,,,,,,,,,,x,x,,,,,,,x,x,,,,,,,,,,,x,,x,x,,,,,,,,,,x,,x,x,,,,,,x,,,,,x,,,,,,,,,,x,x,,,,,,x,,x,,x,,,,,,,x,x,x,x,x
Clarkia unguiculata,n,,,,,,,,,,,,,,,,,,,,,,,,,,,,,,,,,,,,,,,,,,,,,,,,,,,,,,,,,,,,,,,,,,,,,,,,,,,,,,,,,,,,,,,,,,,,,,,,,,,,,,,,,,,,,,,,,,,,,,,,,,,,,,,,,,,,,,,,,,,,,,,,,,,,,,,,,,,,,,,,,,,,,,,,,,,,,,,,,,,,,,,,,,,,,,,,,,,,,,,,,,,,,,,,,,,,,,,,,,,,,,,,,,,,,,,,,,,,,,,,,,,,,,,,,,,,,,,,,,,,,,,,,,,,,,,,,,,,,,,,,,,,,,,,,,,,,,,,,,,,,,,,,,,,,,,,,,,,,,x,,,,,,,,,,,,,,,,,,,,,,,,,,,,,,,,,,,,,,,,x,,,,,,,,,,,,,x,x,,,,,,,,,,,,x,x,,,,,,,,,,,x,x,,,,,,,,,,,,,,,,,,,,,,,,,,,,,,,,,,,
Claytonia parviflora,n,,,,,,x,,,,,,,,,,,,,x,,,,,,,,,,,,,,,x,,x,,,,,,,,,,,,,,,x,,,,,,,,,,,,,x,,,,,,,x,,,,,,x,,,,x,,,,,,,,,,x,x,,x,,,,x,x,,x,,,,,,x,x,,,,,,,,,,,,,,x,,,,,,,,,,,,,,,,,,,,,,,,,,,,,,,,,,,,,,,,,,,,,,,,,,,,,,,,,,,,,,,,,,,,,,,,,,,,,,,,,,,,,,,,,,,,,,,,,,,,,,,,,,,,,,,,,,,,,,,,,,,,,,,,,,,,,,,,,,,,,,,,,,,,,,,,,,,,,,,,,,,,,,,,,,,,,,,,,,,,,,,,,,,,,,,,,,,,,,,,,,,,,,,,,,,,,,,,,,,,,,,,,,,,,,,,,,,,,,,,,,,,,,,,,,,,,,,,,,,,,,,,,,,,,,,,,,,,,,,,,,,,,,,,,,,,,,,,,,,,,,,,,,,,,,
Claytonia perfoliata,n,,,,,,,,,,x,,,,,,,,,x,,,x,,,,,,,,x,,,,,,x,,x,,,,,,,x,,,x,x,,,,,,,,,x,,,,,,,,,,,,,,,,,,,,,,,,,,,,,,,,,,,,,,,,,,,,,,,,,,,,,,,,,,,,,,,,,,,,,,,,,,,,,,,,,,,,,,,,,,,,,,,,,,,,,,,,,,,,,,,,,,,,,,,,,,,,,,,,,,,,,,,,,,,,,,,,,,,,,,,,,,,,,,,,,,,,,,,,,,,,,,,,,,,,,,,,,,,,,,,,,,,,,,,,,,,,,,,,,,,,,,,,,,,,,,,,,,,,,,,,,,,,,,,,,,,,,,,,,,,,,,,,,,,,,,,,,,,,,,,,,,,,,,,,,,,,,,,,,,,,,,,,,,,,,,,,,,,,,,,,,,,,,,,,,,,,,,,,,,,,,,,,,,,,,,,,,,,,,,,,,,,,,,,,,,,,,,,,,,,,,,
Corethrogyne filaginifolia,n,,,,,,,,,,,,,,,,,,,,,,,,,,,,,,,,,,,,,,,,,,,,,,,,,,,,,,,,,,,,,,,,,,,,,,,,,,,,,,,,,,,,,,,,,,x,,,,,,,,,,,,,,,,,,,,,,,,,,,,,,,,,,,,,,,,,,,,,,,,,,,,,,,,x,,,,,,,,,,,,,,,,,,,,,,,,,,,,,,,,,,,,,x,,,,,,x,,,,,,,,,,,,,,,,,,,,,,,,,,x,,,,,,,,x,,,,,,,,,,,,,,,,,,,,,,,,,,,,,,x,,,,,,,,,,,,,,,,,,,,,,,,,,,,,,,,,,x,,,,,,,,,,,,,,,,,,,,,,,,,,,,,,,,,,,,,x,,,,,,,,,,,,,,,,,,,,x,,,,,,,,,,,,,,,,,,,,,,,x,,,,,,,,,,,,,,,,,,,,,,x,,,,,,,,x,,,,,,,,,,,,,,,,,,,,,,,,,,,,,,,,,,,
Croton setiger,n,,,,,,,,,x,,x,x,,,,,,,,,,,,,,,,,x,,,,,,,,,,,,,,,,,,,,,,,,,,,,x,,,,,,,,,,,,,,,,,,,,,,,,,,,,,,,,,,,,,,,,,,,,,,,,,,,,,,,,,,,,,,,,,,,,,,,,,,,,,,,,,,,,,,,,,,,,,,,,,,,,,,,,,,,,,,,,,,,,,,,,,,,,,,,,,,,,,,,,,,,,,,,,,,,,,,,,,,,,,,,,,,,,,,,,,,,,,,,,,,,,,,,,,,,,,,,,,,,,,,,,,,,,,,,,,,,,,,,,,,,,,,,,,,,,,,,,,,,,,,,,,,,,,,,,,,,,,,,,,,,,,,,,,,,,,,,,,,,,,,,,,,,,,,,,,,,,,,,,,,,,,,,,,,,,,,,,,,,,,,,,,,,,,,,,,,,,,,,,,,,,,,,,,,,,,,,,,,,,,,,,,,,,,,,,,,,,,,,
Cryptantha sp.,n,,,,,,,,,,,,,,,,,,,,,,,,,,,,,,,,,,,,,,,,,,,,,,,,,,,x,,,,,,,,,,,,,,,,,,,,,,,,,,,,,,,,,,,,,,,,,,,,,,,,,,,,,,,,,,,,,,,,,,,,,,,,,,,,,,,,,,,,,,,,,,,,,,,,,,,,,,,,,,,,,,,,,,,,,,,,,,,,,,,,,,,,,,,,,,,,,,,,,,,,,,,,,,,,,,,,,,,,,,,,,,,,,,,,,,,,,,,,,,,,,,,,,,,,,,,,,,,,,,,,,,,,,,,,,,,,,,,,,,,,,,,,,,,,,,,,,x,,,,,,,,,,,,,,,,,,,,,,,,,,,,,,,,,,,,,,,,,,,,,,,,,,,,,,,,,,,,,,,,,,,,,,,,,,,,,,,,,,,,,,,,,,,,,,,,,,,,,,,,,,,,,,,,,,,,,,,,,,,,,,,,,,,,,,,,,,,,
Datura wrightii,n,,,,,,,,,,,,,,,,,,,,,,,,,,,,,,,,,,,,,,,,,,,,,,,,,,,,,,,,,,,,,,,,,,,,,,,,,,,,,,,,,,,,,,,,,,,,,,,,,,,,,,,,,,,,,,,,,,,,,,,,,,,,,,,,,,,,,,,,,,,,,,,,,,,,,,,,,,,,,,,,,,,,,,,,,,,,,,,,,,,,,,,,,,,,,,,,,,,,,x,,,,,,,,,,,,,,x,x,,,,,,,,,,,,,,,,,,,,,,,,,,,,,,,,,,,,,,,,,,,,,,,,,,,,,,,,,,,,,,,,,,,,,,,,,,,,,,,,,,,,,,,,,,,,,x,,,,,,,,,,,,,,,,,,,,,,,,,,,,,,,,,,,,x,,,,,,,,,,,,,,x,x,,,,,,,,x,,,,,x,,x,,,,,,,,,,,,,,x,,,,,,,,,,,,,,,,,,,,,,,,,,,,,,,,,,,,,,,,,,,,,,,
Deinandra fasciculata,n,,,,,,x,x,x,x,x,x,x,x,x,x,x,x,x,x,x,x,x,x,x,x,x,x,x,x,x,x,x,x,x,x,x,,x,x,x,x,x,x,,x,x,x,x,x,x,x,,x,x,x,x,x,x,x,x,x,x,x,x,x,,x,,x,,x,x,x,x,x,x,x,x,x,,x,x,,x,,,x,x,x,x,x,x,x,,,x,x,x,x,,x,x,x,x,x,x,x,x,,,,x,x,x,x,,,x,,x,,,,,,,,x,,,,,,,,x,,,,,,,,,x,x,x,x,x,x,x,x,x,x,x,x,x,x,x,x,x,x,x,x,x,x,x,x,x,x,x,x,x,x,x,,x,x,x,x,x,x,x,x,x,x,x,x,x,x,x,x,x,x,x,x,,x,x,x,x,x,x,x,x,x,x,x,x,,x,x,x,,x,x,x,x,x,x,x,x,x,x,x,x,,x,x,,x,x,x,x,x,x,x,x,,,x,x,x,,x,x,x,x,x,x,x,x,x,,x,,x,x,x,x,x,x,x,x,x,x,x,x,x,x,x,x,x,x,x,x,x,x,x,x,x,x,x,x,x,x,x,x,x,x,x,x,x,x,x,x,x,x,x,x,x,x,x,x,x,x,x,x,x,x,x,x,x,x,x,x,x,x,x,x,x,x,x,x,x,x,x,x,x,x,x,x,x,x,x,x,x,x,x,x,x,x,x,x,x,x,x,x,x,x,x,x,x,x,x,x,x,x,x,x,x,x,x,x,x,x,x,x,x,x,x,x,x,x,x,x,x,x,x,x,x,x,x,x,x,x,x,x,x,x,x,x,x,x,x,,x,,x,x,x,x,x,x,x,x,x,x,x,x,x,x,x,x,x,x,x,,,x,x,x,x,x,x,x,x,x,x,x,,x
Dichelostemma capitatum ssp. capitatum,n,,,,,,,,x,,x,x,x,x,x,x,,,,,,,,,,,x,x,,,,,,,,,,,x,,,x,x,x,,,,,,,,,,,,,,,,,,,,,,,,,,,,,,,,,,,,,,,,,,,,,,,,,,,,,,,,,,,,,,,,,,,,,,,,x,,,x,,,,,,,,,,,,,,,,,,,,,,,,,,,,,,,,,,,,,,,,,,,,,,,,,,,,x,,,,,,,,,,,,,,,,,,,,,,,,,,,,,,,,,,,,,,,,,,,,,,,,,,,,,,,,,,,,,,,,,,,,,,,,,,,,,,,,,,,,,,,,,,,,,,,,,,,,,,,,,,,,,,,,,,,,,,,,,,,,,,,,,,,,,,,,,,,,,,,,,,,,,,,,,,,,,,,,,,,,,,,,,,,,,,,,,,,,,,,,,,,,,,,,,,,,,,,,,,,,,,,,,,,,,,,,,,,,,,,,,,,,,,,,,,,,,,,,,,,,,,,,,,,,,,,,,,,,,,
Emmenanthe penduliflora var. penduliflora,n,,,,,,,x,,,,,,x,,,,,,,x,,,,,,,,,,,,,,,,,,,,,x,,,,x,,,,,x,,,,x,,x,,,,,,,,x,x,,,,,x,,x,,x,x,x,,x,,,x,,,,x,,,,,,x,,x,,,,,,,,,,,x,,x,,,,,,,x,,,,,,,,,,,,,,,,,,,,,,,,,,,,,,,,,,,,,,,,,,,,,,,,,,,,,,,,,,,,,,x,,,,,,,,,,,,,,,,,,,,,,,,,,,,,,,,,,,,,,,,,,,,,,,,,,,,,,x,,,,,,,,,,,,,,,,,,,,,,,,,,,,,,,,,,,,,,,,,,,,,x,,,,,,,,,,,,,,,,x,,,,,,,,,,,,,,,,,,,,,,,,,,,,,,,,x,,,,,,,,,,x,,,,,,,,,,,,,,,,,,,,,,,,x,,x,,x,,,,,,,,,,,x,,x,,,,,,,,,,,,x,,,,,,,,,,,,,,,,,,,,,,,,,,,,,,,,,,,,,,,,,,,,,,,
Encelia californica,n,,,,,,x,x,,x,,x,,x,,,x,x,,x,,x,,,x,,,,x,x,x,x,,,,x,,,,x,x,,x,,,x,x,,x,,x,x,,,,,x,x,x,x,,,x,,x,x,,x,,x,,x,x,x,,,x,x,x,x,,,,,,,,,x,x,,,x,,x,,,x,,,,,,,,,x,,x,,,,,,,x,,,,,x,,,,,,,,x,,,,,,,,,,,,,,,,,,x,,,,,,,,,,,,,,,x,,,,,,,,,,,,,,,x,x,x,x,,,,x,x,,,,,x,x,x,,,,x,,,,,,x,x,,x,,,,,,,x,,x,,x,x,,,,,,,x,x,x,,,x,,,,x,,,,,x,x,,,,,x,,x,,,,,,x,x,,,x,,x,,,,,,x,x,,,,,,,,,,,,,,,,,,,x,,,,,,,,,,,,,,,,,,,,,,x,x,x,x,,,,,,,,,,x,x,,x,,x,x,,x,x,x,,,,,x,x,x,,x,,x,,,,,,x,x,,x,,x,,x,x,,x,,x,,,x,,,,x,x,x,x,x,,,,x,,,x,,,x,,x,x,x,,,x,x,x,,x,,,,,x,x,x,,,,,x,x,,,,x,x,x,,,,,,,,,x,x,,,x,x,,,,x,,,,,x,
Erigeron bonariensis,nn,,,,,,,,,,,,,,,,,,,,,,,,,,,,,,,,,,,,,,,,,,,,,,,,,,,,,,,,,,,,,,,,,,,,,,,,,x,,,,,,,,,,,,,,,,,,,x,,,,,,,,,,,,,,,,,,,,,,,,,,,,,,,,,,,,,,,,,,,,,,,,,,,,,,,,,,,,,,,,,,,,,,,,,,,,,,,,,,,,,,,,,,,,,,,,,,,,,,,,,,,,,,,,,,,,,,,,,,,,,,,,,,,,,,,,,,,,,,,,,,,,,,,,,,,,,,,,,,,,,,,,,,,,,,,,,,,,,,,,,,,,,,,,,,,,,,,,,,,,,,,,,,,,,,,,,,,,,,,,,,,,,,,,,,,,,,,,,,,,,,,,,,,,,,,,,,,,,,,,,,,,,,,,,,,,,,,,,,,,,,,,,,,,,,,,,,,,,,,,,,,,,,,,,,,,,,,,,,,,,,,,,,,,,,,,,,,,
Erigeron canadensis,nn,,,,,,,,,,,,,,,,,,,,x,,,,,,,,x,,,,x,,,,,,,,,x,,,,,,,,,,,,,,,,,,,,,,,,,,,,,,,,,,,,,,,,,,,,,,,,,,,,,,,,,,,,,,,,,,,,,,,,,,,,,,,,,,,,,,,,,,,,,,,,,,,,,,,,,,,,,,,,,,,,,,,,,,,x,,,,,,,,x,,,x,x,,,,,,,,,,,,,,,,,,,,,,,,,,,,,,,,,,,,,,,,,x,,,,,x,,,,,,x,,,,,x,x,,,,,,,,,,,,,,,,,,,,,,,,,,,,,,,,,,,,,,,,,,,,,,,,,x,,,,x,,,,,,,,,,,,,,,,,,,,,,,,,,,,,,,,,,,,,,,,,,,,,,,,,,,,,,,,,,,,,,,,,,,,,,,,,,,,,,,,,,,,,,,,,,,,,,,,,,,,,,,,,,,,,,,,,,,,,,,,,,,,,,,,,,,,,,,,,,,,,,,,,
Eriogonum fasciculatum var. foliolosum,n,,,,,,,,,,,x,,,x,x,,x,x,x,x,x,,,x,,,x,x,x,,,x,x,x,,x,,x,x,,,,x,x,,x,,,,x,,,,,x,x,x,,,x,x,,x,x,x,,x,,,,,x,,x,x,,,,,,x,x,x,x,x,,x,x,,x,,x,x,x,x,,x,,,,,x,,,,x,,x,,,,x,x,x,x,,,,,,,,,,,,,,,,,,,,,,,,,,,,,,,x,,,,,,,x,,,,,x,x,,x,x,,x,x,,,x,x,,x,x,x,x,x,x,x,x,x,x,,,x,x,x,x,x,x,x,x,,,,x,x,,,,x,x,x,x,,x,x,,x,,x,,,,x,x,x,x,,,x,,x,x,x,x,x,x,x,x,x,,x,x,x,x,x,x,x,x,,x,x,,,,,,,,x,x,x,x,x,,,x,x,x,,x,,x,x,x,,x,,,,,,,,,,x,,,,,x,,,,x,,x,x,,x,,,,x,,,,,x,,,x,x,,x,x,x,x,x,,,x,,,x,x,x,,,,x,x,,x,,,x,x,,x,,,,,x,,,x,,,,,x,x,,x,,,x,,x,x,,,x,,x,,x,x,,,x,,x,,,,,x,x,,x,,x,x,,x,x,x,,,,x,x,,,,,x,,,,x,x,,,,,,,,,x,,,x,x,,,,,,,,,,,,,,,,,x,,,,,,x,
Eriophyllum confertiflorum var. confertiflorum,n,,,,,,,,,,x,,,,x,,,,,,x,,x,x,,,,,,,,,x,,,,,,,,,x,,,,x,,,,,,,,,,,,,,,x,,,,,x,,,,,,,,,,x,,,,,,,,,,,,,,,,x,,,x,x,,x,,,,,,,,,x,,,,,,,x,,,,,,,,,,,,,,,,,,,,,,,,,,,,,,,,,,,,,,,,,,,,,,,,,,,x,,,,x,,,,,,,,,,x,,,,,,,,,,,x,,,,,,,,,,,x,,,x,x,,,,,,,,,,,,x,,,x,,,,,,,,,,,,,,,,,,x,x,,x,x,,x,,,,,,x,,,,,,,,x,,,,,,x,,,x,,,,,x,,,,,,,,,,,,,,,,x,x,,,,,,,,,,,,,x,x,,,,,,x,x,,x,x,,,,,,,,x,,x,,,,,,x,x,,,,x,,,,,,,,,,,x,,,,x,,,,,x,,,,,,,x,,,x,x,,,,,,,,,,,,,,,x,,x,,,x,x,x,x,,,,,,,x,,x,,,,,x,,,,,,x,,,,x,,,,x,,,,,x,x,,,,,,x,,,,x,x
Erodium botrys,nn,,,,,,,,,,,,,,,,,,,,,,,,,,,,,,,,,,,,,,,,,x,,,,,,,,,,,,,,,,,,,,,,,,,,,,,,,,,,,,,,,,,,,,,,,,,,,,,,,,,,,,,,,,,,,,,,,,,,,,,,,,,,,,,,,,,,,,,,,,,,,,,,,,,,,,,,,,,,,,,x,,,,,,,,,,,,,,,,,,,,,,,,,,,,,,,,,,,,,,,,,,,,,,,,,,,,,,,,,,,,,,,,,,,,,,,,,,,,,,,,,,,,,,,,,,,,,,,,,,,,,,,,,,,,,,,,,,,,,,,,,,,,,,,,,,,,,,,,,,,,,,,,,,,,,,,,,,,,,,,,,,,,,,,,,,,,,,,,,,,,,,,,,,,,,,,,,,,,,,,,,,,,,,,,,,,,,,,,,,,,,,,,,,,,,,,,,,,,,,,,,,,,,,,,,,,,,,,,,,,,,,,,,,,,,,,,,,
Erodium cicutarium,nn,,,,,,,,,,,,,x,x,,,,,,,,,,,,,,,,,,,,,,,,,,,,,,,,,,x,,,x,,,x,,,,,,,,,,,,,,x,,,,,,,,,,,x,,x,,,,,,,,,x,x,,,,,,,,,,,,,,x,,,,,,,,,x,x,,,,,,,,,,,,,,,,,,,,,,,,,,,,,,,,,,,,,,x,,,,,,,,,,,,,,,,,,,,,,,,,,,,,,,,,,,,,,,,,,,,,,,,,,,,,,,,,,,x,,,,,,,,,,,,,,,,,,,,,,,,,,,,,,,,,,,,,,,,,,,,,,,,,,,,,,,,,,,,,,,,,,,,,,,,,,,,,,,,,,,,,,,,,,,,,,,,,,,,,,,,,,,,,,,,,,,,,,,,,,,,,,,,,,,,,,,,,,,,,,,,x,,,,,,,,,,,,,,,,,,,,,,,,,,,,,,,,,,,,,,,,,,,,,,,,,,,,,,,,,,,,,,,,,,,,,,,,,,,,
Eucrypta chrysanthemifolia var. chrysanthemifolia,n,,,,,,,,x,,x,,,,,,x,,,x,,,x,,,,,,,,x,x,,,,,,,x,,,x,x,,,x,x,x,x,x,,,x,,x,,x,,,x,x,,x,,x,x,,,,,,x,,x,,,x,x,x,,x,,,x,x,,,x,,x,x,x,x,x,x,,x,,x,x,x,x,,x,x,,,x,,,,,,,,x,,,x,,,,x,,,,,,x,,,x,,,,,x,,,,,,,,,,,,x,,x,,,x,,x,x,,,,,,,,x,x,,x,x,,,,,,,,x,,,,,,,,,,,,,,,x,,,,,,,,,,,,,,,,x,,,,,,,,,x,,,,x,x,,,,,,,,,,,,,,,x,,,,,,x,x,,,,,,,,x,,,,,x,,,,,,,,,,,x,x,,,,,,,,,,,,,,,,,,,,x,,,,,,,,,,,,,,,,,,,,,,,x,x,,,,,x,,,x,,,,,,,,,,,,,,x,x,x,,,,,,,,,,,,x,,,,,x,,x,,,,,,x,,,x,,,,x,,,x,,x,,x,,,,,,x,,,x,x,x,x,x,x,,x,,,,,,,,,x,x,,,,,x,,,x,x,x,,,,,,,,x,,x,,,,,x,x,x,,x,x,
Eulobus californicus,n,,,,,,x,,,x,x,x,,x,x,x,x,,x,x,x,x,,x,x,x,x,,,x,x,x,,x,x,,x,,,,,x,x,,,x,,,x,,,x,x,,x,,x,,x,x,,,x,,x,x,,,,x,x,x,x,,,,x,,,x,,x,,,x,,,,x,,x,x,,x,x,,x,,,,,x,x,,x,,x,x,x,,,,x,,,,,,x,,x,,,,,,,,x,,,,,,,,,,,,,,,,,,,,,,,,,x,,x,,,x,,,,,,x,x,,x,,x,,x,,x,,,,,x,,,,,,x,,x,,,x,,,,x,,,,,,,,,,x,,,,,,x,,,,x,,,,,,,,,x,,x,,,,,,,,x,,x,x,x,,x,,x,,,x,,,,,,,x,x,x,,,,x,,,,,,,x,x,x,,,,,,,x,x,,,,,,,,,x,,,x,,,,,,x,x,x,x,x,x,x,x,x,x,x,x,,,,,,,,,,,,,,,,,,,,,,,,,,,,,,,,,,,,,,,,,,,,,,,,,,,,,,,,,,,,,,,,,,,,,,,,,,,,,,,,,,,,,,,,,,,,,,,,,,,,,,,,,,,x,,,,,,,,,,,,,,,,,,,,,,,
Festuca myuros,nn,,,,,,x,x,x,,x,,,x,,,x,,,x,,x,x,,,,x,,,,x,,,,,,x,,x,,,x,x,,,,x,,x,,x,x,,,,x,x,,x,,,x,,,x,x,,,,,,x,x,,,x,x,,x,,,,x,,,,,,,x,x,x,,x,x,,,,x,,,,x,,,,x,,x,,,,,,,x,,,,,,,,,,,,,,,,,,,,,,,,,,,,,,,,x,,x,x,x,x,,x,,x,x,,,,,,x,x,,x,,,,x,,,,,,,,,,x,,x,,,x,x,x,x,,,,x,,,,,,,,,,x,,,,,,,x,,,,,,,,,,,x,x,,,,,,,,,,,,,,,,x,,,,,,,,,,,,,,,,,,,,,,,,,,,,,,,,,,,,,,,,,,x,,,,x,,,x,,,,,,,,,,,,,,,,,,x,,,x,x,x,x,,,,x,x,x,,,,,,,,x,,x,,,x,x,x,,,,,x,,,x,,,,x,x,x,x,,,,x,,x,x,,,,,,,,,,,x,,,,,,,,,,,,,,,,,,,,,,,,,,,,,,,,,,,,,,,x,,,,,,,,,,,,,,,,,,,,x,,,,,,,,,
Galium angustifolium var.angustifolium,n,,,,,,,,,,,,,,,,,,,,,,,,,,,,,,,,,,,,,,,,,,,,,,,,,,,,,,,,,,,,,,,,,,,,,,,,,,,,,,,x,,,,x,,,,,,,,x,,x,,,,,,,,,,,,,,,,,,,,,,,,,,,,,,,,,,,,,,x,,,,,,,,,,,,,,,,,,,,,,,,,,,,,,,,,,,,,,,,,,,,,,,,,,,,,,,,,,,,,,,,,,,,,,,,,,,,,,,,,,,,,,,,,,,,,,,,,,,,,,,,,,,,,,,,,,,,,,,,,,,,,,,,,,,,,,,,,,,,,,,,,,,,,,,,,,,,,,,,,,,,,,,,,,,,,,,,,,,,,,,,,,,,,,,,,,,,,,,,,,,,,,,,,,,,,,,,,,,,,,,,,,,,,,,,,,,,,,,,,,,,,,,,,,,,,,,,,,,,,,,,,,,,,,,,,,,,,,,,,,,,,,,,,,,,,,,,,,,,,
haley pic 1 (astragulus),,,,,,,,,,,,,,,,,,,,,,,,,,,,,,,,,,,,,,,,,,,,,,,,,,,,,,,,,,,,,,,,,,,,,,,,,,,,,,x,,,,,,,,,,,,,,,,,,,,,,,,,,,,,,,,,,,,,,,,,,,,,,,,,,,,,,,,,,,,,,,,,,,,,,,,,,,,,,,,,,,,,,,,,,,,,,,,,,,,,,,,,,,,,,,,,,,,,,,,,,,,,,,,,,,,,,,,,,,,,,,,,,,,,,,,,,,,,,,,,,,,,,,,,,,,,,,,,,,,,,,,,,,,,,,,,,,,,,,,,,,,,,,,,,,,,,,,,,,,,,,,,,,,,,,,,,,,,,,,,,,,,,,,,,,,,,,,,,,,,,,,,,,,,,,,,,,,,,,,,,,,,,,,,,,,,,,,,,,,,,,,,,,,,,,,,,,,,,,,,,,,,,,,,,,,,,,,,,,,,,,,,,,,,,,,,,,
"haley pic 2, clarkia",,,,,,,,,,,,,,,,,,,,,,,,,,,,,,,,,,,,,,,,,,,,,,,,,,,,,,,,,,,,,,,,,,,,,,,,,,,,,,,,,,,,,x,,,,,,,,,,,,,,,,,,,,,,,,,,,,,,,,,,,,,,,,,,,,,,,,,,,,,,,,,,,,,,,,,,,,,,,,,,,,,,,,,,,,,,,,,,,,,,,,,,,,,,,,,,,,,,,,,,,,,,,,,,,,,,,,,,,,,,,,,,,,,,,,,,,,,,,,,,,,,,,,,,,,,,,,,,,,,,,,,,,,,,,,,,,,,,,,,,,,,,,,,,,,,,,,,,,,,,,,,,,,,,,,,,,,,,,,,,,,,,,,,,,,,,,,,,,,,,,,,,,,,,,,,,,,,,,,,,,,,,,,,,,,,,,,,,,,,,,,,,,,,,,,,,,,,,,,,,,,,,,,,,,,,,,,,,,,,,,,,,,,,,,,,,,,
"haley pic 3, thistle like",,,,,,,,,,,,,,,,,,,,,,,,,,,,,,,,,,,,,,,,,,,,,,,,,,,,,,,,,,,,,,,,,,,,,,,,,,,,,,,,,,,,,x,,,,,,,,,,,,,,,,,,,,,,,,,,,,,,,,,,,,,,,,,,,,,,,,,,,,,,,,,,,,,,,,,,,,,,,,,,,,,,,,,,,,,,,,,,,,,,,,,,,,,,,,,,,,,,,,,,,,,,,,,,,,,,,,,,,,,,,,,,,,,,,,,,,,,,,,,,,,,,,,,,,,,,,,,,,,,,,,,,,,,,,,,,,,,,,,,,,,,,,,,,,,,,,,,,,,,,,,,,,,,,,,,,,,,,,,,,,,,,,,,,,,,,,,,,,,,,,,,,,,,,,,,,,,,,,,,,,,,,,,,,,,,,,,,,,,,,,,,,,,,,,,,,,,,,,,,,,,,,,,,,,,,,,,,,,,,,,,,,,,,,,,,,,,
haley pic 4,,,,,,,,,,,,,,,,,,,,,,,,,,,,,,,,,,,,,,,,,,,,,,,,,,,,,,,,,,,,,,,,,,,,,,,,,,,,,,,,,,,,,,,,,,,,,,,,,,,,,,,,x,,,,,,,,,,,,,,,,,,,,,,,,,,,,,,,,,,,,,,,,,,,,,,,,,,,,,,,,,,,,,,,,,,,,,,,,,,,,,,,,,,,,,,,,,,,,,,,,,,,,,,,,,,,,,,,,,,,,,,,,,,,,,,,,,,,,,,,,,,,,,,,,,,,,,,,,,,,,,,,,,,,,,,,,,,,,,,,,,,,,,,,,,,,,,,,,,,,,,,,,,,,,,,,,,,,,,,,,,,,,,,,,,,,,,,,,,,,,,,,,,,,,,,,,,,,,,,,,,,,,,,,,,,,,,,,,,,,,,,,,,,,,,,,,,,,,,,,,,,,,,,,,,,,,,,,,,,,,,,,,,,,,,,,,,
"haley pic 5, brickellia?",,,,,,,,,,,,,,,,,,,,,,,,,,,,,,,,,,,,,,,,,,,,,,,,,,,,,,,,,,,,,,,,,,,x,,,,,,,,,,,,,,,,,,,,,,,,,,,,,,,,,,,,,,,,,,,,,,,,,,,,,,,,,,,,,,,,,,,,,,,,,,,,,,,,,,,,,,,,,,,,,,,,,,,,,,,,,,,,,,,,,,,,,,,,,,,,,,,,,,,,,,,,,,,,,,,,,,,,,,,,,,,,,,,,,,,,,,,,,,,,,,,,,,,,,,,,,,,,,,,,,,,,,,,,,,,,,,,,,,,,,,,,,,,,,,,,,,,,,,,,,,,,,,,,,,,,,,,,,,,,,,,,,,,,,,,,,,,,,,,,,,,,,,,,,,,,,,,,,,,,,,,,,,,,,,,,,,,,,,,,,,,,,,,,,,,,,,,,,,,,,,,,,,,,,,,,,,,,,,,,,,,,,,,,,,,,,,
"haley pic 6, fuzzy",,,,,,,,,,,,,,,,,,,,,,,,,,,,,,,,,,,,,,,,,,,,,,,,,,,,,,,,,,,,,,,,,,,,,x,,,,,,,,,,,,,,,,,,,,,,,,,,,,,,,,,,,,,,,,,,,,,,,,,,,,x,,,,,,,,,,,,,,,,,,,,,,,,,,,,,,,,,,,,,,,,,,,,,,,,,,,,,,,,,,,,,,,,,,,,,,,,,,,,,,,,,,,,,,,,,,,,,,,,,,,,,,,,,,,,,,,,,,,,,,,,,,,,,,,,,,,,,,,,,,,,,,,,,,,,,,,,,,,,,,,,,,,,,,,,,,,,,,,,,,,,,,,,,,,,,,,,,,,,,,,,,,,,,,,,,,,,,,,,,,,,,,,,,,,,,,,,,,,,,,,,,,,,,,,,,,,,,,,,,,,,,,,,,,,,,,,,,,,,,,,,,,,,,,,,,,,,,,,,,,,,,,,,,,,,,,,,
haley pic 7,,,,,,,,,,,,,,,,,,,,,,,,,,,,,,,,,,,,,,,,,,,,,,,,,,,,,,,,,,,,,,,,,,,,,,,,,,,,,,,,,,,,,,,,,,,x,,,,,,,,,,,,,,,,,,,,,,,,x,,,,,,x,,,,,,,,,,,,,,,,,,,,,,,,,,,,,,,,,,,,,,,,,,,,,,,,,,,,,,,,,,,,,,,,,,,,,,,,,,,,,,,,,,,,,,,,,,,,,,,,,,,,,,,,,,,,,,,,,,,,,,,,,,,,,,,,,,,,,,,,,,,,,,,,,,,,,,,,,,,,,,,,,,,,,,,,,,,,,,,,,,,,,,,,,,,,,,,,,,,,,,,,,,,,,,,,,,,,,,,,,,,,,,,,,,,,,,,,,,,,,,,,,,,,,,,,,,,,,,,,,,,,,,,,,,,,,,,,,,,,,,,,,,,,,,,,,,,,,,,,,,,,,,,,,,,,,,,,
haley pic 8,,,,,,,,,,,,,,,,,,,,,,,,,,,,,,,,,,,,,,,,,,,,,,,,,,,,,,,,,,,,,,,,,,,,,,,,,,,,,,,,,,,,,,,,,,,x,,,,,,,,,,,,,,,,,,,,,,,,x,,,,,,,,,,,,,,,,,,,,,,,,,,,,,,,,,,,,,,,,,,,,,,,,,,,,,,,,,,,,,,,,,,,,,,,,,,,,,,,,,,,,,,,,,,,,,,,,,,,,,,,,,,,,,,,,,,,,,,,,,,,,,,,,,,,,,,,,,,,,,,,,,,,,,,,,,,,,,,,,,,,,,,,,,,,,,,,,,,,,,,,,,,,,,,,,,,,,,,,,,,,,,,,,,,,,,,,,,,,,,,,,,,,,,,,,,,,,,,,,,,,,,,,,,,,,,,,,,,,,,,,,,,,,,,,,,,,,,,,,,,,,,,,,,,,,,,,,,,,,,,,,,,,,,,,,,,,,,,
haley pic 9,,,,,,,,,,,,,,,,,,,,,,,,,,,,,,,,,,,,,,,,,,,,,,,,,,,,,,,,,,,,,,,,,,,,,,,,,,,,,,,,,,,,,,,,x,,,x,,,,,,,,,,,,,,,,,,,,,,,,,,,,,,,,,,,,,,,,,,,,,,,,,,,,,,,,,,,,,,,,,,,,,,,,,,,,,,,,,,,,,,,,,,,,,,,,,,,,,,,,,,,,,,,,,,,,,,,,,,,,,,,,,,,,,,,,,,,,,,,,,,,,,,,,,,,,,,,,,,,,,,,,,,,,,,,,,,,,,,,,,,,,,,,,,,,,,,,,,,,,,,,,,,,,,,,,,,,,,,,,,,,,,,,,,,,,,,,,,,,,,,,,,,,,,,,,,,,,,,,,,,,,,,,,,,,,,,,,,,,,,,,,,,,,,,,,,,,,,,,,,,,,,,,,,,,,,,,,,,,,,,,,,,,,,,,,,,,,,,
Hazardia squarrosa,n,,,,,,,,,,,,,,,,,,,,,,,,,,,,,,,,,,,,,,,,,,,,,,,,,,,,,,,,,,,,,,,,,,,,,,,,,,,,,,,,,,,,,,,,,,,,,,,,,,,,,,,,,,,,,,,,,,,,,,,,,,,,,,,,,,,,,,,,,,,,,,,,,,,,,,,,,,,,,,,,,,,,,,,,,,,,,,,,,,,,,,,,,,,,,,,,,,,,,,,,,,,,,,,,,,,,,,,,,,,,,,,,,,,,,,,,,,,,,,,,,,,,,,,,,,,,,,,,,,,,,,,,,,,,,,,x,,,,,,,,,,,,,,,,,,,,,,,,,,,,,,,,,,,,,,,,,,,,,,,,,,,,,,,,,,,,,,,,,,,,,,,,,,,,,,,,,,,,,,,,,,,,,,,,,,,,,,,,,,,,,,,,,,,,,,,,,,,,,,,,,,,,,,,,,,,,,,,,,,,,,,,,,,,,,,,,,
Helianthus annus,n,,,,,,,,,x,,x,,,x,x,x,x,x,,x,x,,x,x,x,,,x,x,,,x,x,x,x,,,,,x,x,,x,,,x,x,,,x,x,,,,,x,x,,x,x,x,,,,,,x,,,,,x,,x,x,x,,x,,,x,x,,,x,,x,x,x,x,x,,,,,x,x,,,,x,x,,,,,,x,,,,,,x,,,,,,x,,,,,,,,,,,,,,,,,,,,,,,,,x,,x,,,,,,x,,x,,,x,x,x,x,x,,x,,,x,x,x,,x,x,x,x,x,x,x,x,x,,,,,x,x,x,x,x,x,x,x,,,x,x,,,,,x,x,x,x,x,x,,,,x,,x,,,x,x,x,,x,x,x,x,x,,x,x,x,,x,x,,x,x,x,x,x,x,x,x,,x,x,x,,x,x,x,,,,x,,x,,,,,,x,,,x,,x,x,,,x,,,,,,x,x,,x,x,,,,x,,x,,,x,x,x,,,x,x,x,,x,,,,,,,x,x,,,x,,x,,,,x,,,x,x,,x,,x,x,x,x,,,,,x,,x,x,x,x,x,x,x,x,x,,,,,x,x,,x,x,,x,,,,x,,x,,,x,x,,,x,,,,x,,x,x,,x,x,x,,x,x,x,x,x,x,x,,x,x,x,,,,x,x,,,,,,x,x,,,,,x,,,,,x,x,x,x,x,,,,,,,x,,,,,,,x,x,x,,,,x,x
Hesperocnide tenella,n,,,,,,,,,,,,,,,,,,,,,,,,,,,,,,,,,,,,,,,,,,,,,,,,,,,,,,,,,,,,,,,,,,,,,,,,,,,,,,,,,,,,,,,,,,,,,,,,,,,,,,,,,,,,,,,,,,,,,,,,,,x,,,,,,,,,x,,,,,,,,,,,,,,,,,,,,,,,,,,,,,,,,,,,,,,,,,,,,,,,,,,,,,,,,,,,,,,,,,,,,,,,,,,,,,,,,,,,,,,,,,,,,,,,,,,,,,,,,,,,,,,,,,,,,,,,,,,,,,,,,,,,,,,,,,,,,,,,,,,,,,,,,,,,,,,,,,,,,,,,,,,,,,,,,,,,,,,,,,,,,,,,,,,,,,,,,,,,,,,,,,,,,,,,,,,,,,,,,,,,,,,,,,,,,,,,,,,,,,,,,,,,,,,,,,,,,,,,,,,,,,,,,,,,,,,,,,,,,,,,,,,,,,,,,,,,,,
Hesperoyucca whipplei,n,,,,,,,,,,,,,,x,,,,,,,,,,,,,,,,,,,,,,,,,,,,,,,,,,,,,,,,,,,,,,,,,,,,,,,,,,,,,,,,,,,,,,,,,,,,,,,,,,,,,,,,,,,,,,,,,,,,,,,,,,,,,,,,,,,,,,,,,,,,,,,,,,,,,,,,,,,,,,,,,,,,,,,,,,,,,,,,,,,,,,,,,,,,,,,,,,,,,,,,,,,,,,,,,,,,,,,,,,,,,,,,,,,,,,,,,,,,,,,,,,,,,,,,,,,,,,,,,,,,,,,,,,,,,,,,,,,,,,,,,,,,,,,,,,,,,,,,,,,,,,,,,,,,,,,,,,,,,,,,,,,,,,,,,,,,,,,,,,,,,,,,,,,,,,,,,,,,,,,,,,,,,,,,,,,,,,,,,,,,,,,,,,,,,,,,,,,,,,,,,,,,,,,,,,,,,,,,,,,,,,,,,,,,,,,,,,
Hirschfeldia incana,nn,,,,,,,,,,x,,,x,,,x,,,x,,,,,,,,,,,x,,,,,,x,,x,,x,x,,,,x,,,,,,,,,,,,,,,,,x,,x,x,,,,,,,,,,,,,,,,,,,,,,,,x,,,,,x,,,,,,,,,,x,,,,x,,,,,,,x,,,x,,,,,,,,,,,,,,,,,,x,,,,,,,,,,,,,,,,,,,,,,,,x,,,x,,x,x,x,x,x,x,x,x,x,x,x,x,x,x,xx,x,x,x,x,x,x,x,,x,x,,x,x,x,,x,x,x,x,x,x,x,x,x,x,,x,,x,x,,x,x,x,x,x,x,x,x,x,x,x,x,x,,,x,,x,x,,x,,x,x,x,x,x,x,,x,,,,,x,,x,x,x,,,,x,,,x,,,x,,x,x,,,x,x,,,x,x,x,x,x,,x,x,x,x,x,x,,,,x,,,x,x,,,,,,,,,,,,,,,,,,,,,,,,,,,,,,,,,,,,,,,,,,,,,,,,,,,,,,,,,,,,,,,,,,,,,,,,,,,,,,,,,,,,,,,,,,,,,,,,,,,,,,,,,,,,,,,,,,,,,,,,,,,,,,,,,,,,,,,,,,,,,,,,
Hordeum murinum,nn,,,,,,,,,,,,,,,,,,,,,,,,,,,,,,,,,,,,,,,,,,,,,,,,,,,,,,,,,,,,,,,,,,,,,,,,,,,,,,,,,,,,,,,,,,,,,,,,,,,,,,,,,,,,,,,,,,,,,,,,,,,,,,,,,,,,,,,,,,,,,,,,,,,,,,,,,,,,,,,,,,,,,,,,,,,,,,,,,,,,,,,,,,,,,,,,,,,,,,,,,,,,,,,,,,,,,,,,,,,,,,,,x,,,,,,,,,,,,,,,,,,,,,,,,,,,,,,,,,,,,,,,,,,,,,,,,,,,,,,,,,,,,,,,,,,,,,,,,,,,,,,,,,,,,,,,,,,,,,,,,,,,,,,,,,,,,,,,,,,,,,,,,,,,,,,,,,,,,,,,,,,,,,,,,,,,,,,,,,,,,,,,,,,,,,,,,,,,,,,,,,,,,,,,,,,,,,,,,,,,,,,,,,,,,,,,,
Hypochaeris glabra,nn,,,,,,x,,,,x,x,,,,,,,x,x,x,,x,,x,,x,x,,,x,,x,,,,,,,x,,,,,,,x,,x,,,,,,,,x,,,,,,x,x,,x,,x,,,,,,,x,x,,,x,,,x,x,,x,,,,x,,,,,,,,x,x,,,,,x,,,,,,,,,,,,,,,,,,,,,,,,,,,,,,,,,,,,,,,,,,,,,,,,,,,,,,,,,,,,,,,,,,,,,,,,,,,,,,,,,,,,,,,,,,,,,,,,,,,,,,,,,,,,,,,,,,,,,,,,,,,,,,,,,,,,,,,,,,,,,,,,,,,,,,,,,,,,,,,,,,,,,,,,,,,,,,,,,,,,,,,,,,,,,,,,,,,,,,,,,,,,,,,,,,,,,,,,,,,,,,,,,,,,,,,,,,,,,,,,,,,,,,,,,,,,,,,,,,,,,,,,,,,,,,,,,,,,,,,,,,,,,,,,,,,,,,,,,,,,,,,,,,,,,,,,,,,,,,,,,,,,,,,,,,
Isocoma menziesii,n,,,,,,x,x,x,x,,,x,,,x,,,,x,x,x,x,x,x,x,x,x,x,,x,,,x,,x,x,x,x,x,x,x,x,x,x,x,,,,x,,,,,x,x,x,x,x,x,,,x,x,x,x,,,,,,x,,,,x,x,x,x,x,,,x,,,,,x,,x,x,x,,,,,,x,,,,x,x,x,x,,,x,,,,,,,x,x,,,x,,,,,,,,,,x,,,,,,,,x,,,,,,,,,x,x,x,,x,x,x,x,x,,,x,x,,x,x,,x,x,x,x,x,x,x,x,x,x,x,,x,x,,x,,,x,x,x,x,x,x,x,x,x,x,,,,,,,,,,,,,,,,,x,x,x,,,,,x,,x,,,,x,x,x,x,x,x,,x,,x,x,,x,,x,x,x,x,x,x,,,,,,,x,x,x,x,x,x,x,,x,,,,,,,,,,,,,,,x,x,x,x,x,x,,,,,x,x,x,,,x,,,,,,x,x,x,,x,x,x,x,x,x,,x,x,x,x,x,,,x,x,x,x,x,x,x,x,x,x,x,x,x,x,x,x,x,x,x,x,x,x,x,x,x,x,x,,x,x,x,,x,,x,x,x,x,,x,x,,,x,x,,x,,,,,,x,,,,x,x,x,x,,x,,,,x,,,x,,x,,x,x,x,,,,x,,x,,x,x,x,x,x,x,x,,,,,,,x,x,x,,x,,,x,x,,x,x,x,x,x,x,,,x,,x,x,x,x,,x,,x,,,
Lactuca serriola,nn,,,,,,x,x,,,,,,,,,x,x,,x,,,x,,,,x,,,,x,x,,,,,x,x,,x,,x,,x,,,,x,x,x,x,,,,x,,x,,x,,,,x,,x,x,,,,x,,x,,,,,x,x,x,,,x,,,,,,,,,,x,x,x,,,,,x,x,x,x,x,,,,,,,,,,,,,,,,x,,,,x,,,,,,x,,,,,,,,,,,,,,,,,,,,,,,,,,,,,,,,,,,,,,,,,,,,,,,,,,,,,,,,,x,,,,x,,,,,,,,,,,,,x,,,,,,,,,,,,,x,,,,,,,x,,,,,,x,,,,,,,x,x,,,,,,,x,,x,,,,,,x,,,,,,,,,,,,,,,,,,,,x,,,,,,,,,,,,,x,,,,,,,,x,,,,,,x,,,,,,,,,,,,x,,,,,,,,,,,,,,,,,,,,,,x,,,,,,,,,,,,,,,,,,,,,,,,,,x,,x,,,,,,,,,,,x,,,x,,,,,,,,,,x,x,,,,,,,,x,,,,,,,,,,,,,,,,,,,,,,,,,,x,,,,,,,x,,x,,,,
Lupinus hirsutissimus,n,,,,,,,,,,,,,,,,,,,,,,,,,,,,,,x,,,,,,,,,,,,,,,,,x,,,,,,,,,,,,,,,,,,,,,,,,,,,,,,,,,,,,,,,,,,x,,,,,,,,,,,,,,,,,,,,,,,,,,,,,,,,,,,,,,,,,,,,,,,,,,,,,,,,,,,,,,,,,,,,,,,,,,,,,,,,,,,,,,,,,,,,,,,,,,,,,,,,,,,,,,,,,,,,,,,,,,,,,,,,,,,,,,,,,,,,,,,,,,,,,,,,,,,,,,,,,,,,,,,,,,,,,,,,,,,,,,,,,,,,,,,,,,,,,,,,,,,,,,,,,,,,,,,,,,,,,,,,,,,,,,,,,,,,,,,,,,,,,,,,,,,,,,,,,,,,,,,,,,,,,,,,,,,,,,,,,,,,,,,,,,,,,,,,,,,,,,,,,,,,,,,,,,,,,,,,,,,,,,,,,,,,,,,,,,,,,,,
Lupinus succulentus,n,,,,,,x,x,x,,x,,,x,x,,x,,,x,x,x,x,,,,x,,,,x,x,,,,x,x,,x,,,x,x,,,x,,x,x,x,,x,,,x,,x,x,x,x,,,x,,x,x,,x,,x,x,x,,x,,,x,x,x,x,,x,,,x,,,,,,,x,x,x,x,,,x,x,,x,x,,,x,,,x,x,,,,x,,,x,,,x,,,,,,,,,,x,,,,,,,,,,,,,,,,,,,,x,,,,,,,,,,,,x,,,,x,,,,,,x,,,,,x,,,,,,,,,,,x,,,x,,x,,,,,,,,,,,,,,,,,,,,,,x,x,x,x,,,,,,,,x,,,,x,,,,,,,,x,x,x,x,x,,,,,,,,x,,,,,x,,,,,,,,,,,,x,,,,,,,x,x,,,,,,,,,x,,,,,,,,,,,,,,,,,,,,,,,,,,,,,,,,,,,,,,,,,,,,,,,,,,,,,,,,,,,,,,,,,,,,,,,,,,,,,,,,,,,,,,,,,,,,,,,,,,,,,,,,,,,,,,,,,,,,,,,,,,,,,,,,,,,,,,,,,,,,,,,,,,,,,,
Lysimachia arvensis,nn,,,,,,x,x,x,x,x,x,x,x,x,x,x,x,x,,x,x,x,x,x,x,x,x,x,x,x,,x,,,x,x,x,x,x,x,x,x,,x,x,,x,,,,x,x,,x,,x,,,x,,,,,,,,,,,,,,,,,,x,,,,x,,,,,,x,,,,,,,,,,x,,,,,,,,,,,,,,,,,x,,,,,,,,,,,,,,,,,,,,,,,,,,,,,,,,,,,,,,,,,,,,x,x,,,,,,,,x,,,,,x,,x,,,,,x,,x,,x,x,,x,,x,x,,x,x,x,,x,,,,,x,x,x,,,,,,,,,,,,,,,,,,,,,,x,,,x,,,,,,,,,,,,,,x,,,,,,,,,,,,,,,,,x,,,,,,,,,,,,,,,x,,x,,,,,,,,x,,,,x,,,x,,x,x,x,x,x,x,x,x,x,x,x,x,x,x,x,x,x,x,x,x,x,x,x,x,x,x,,,x,,,x,x,x,,x,x,,,,x,x,,,,,,x,x,,,,,x,,,,,,x,x,,x,,,,,,,x,,,,,,,x,,x,x,,,,x,,,,,,,,x,,,,,x,,,,,,,,,x,,,,,,,,,,,,,,,,,,,,,,,,,,,,,x,,,,,,
Malacothamnus fasiculatus,n,,,,,,,,,,,,,,,,,,,,,,,,,,,,,,,,,,,,,,,,,,,,,,,,,,,,,,,,,,,,,,,,,,,,,,,,,,,,,,,,,,,,,,,,,,,,,,,,,,,,,,,,,,,,,,,,,,,,,,,,,,,,,,,,,,,,,,,,,,,,,,,,,,,,,,,,,,,,,,,,,,,,,,,,,,,,,,,,,,,,,,,,,,,,,,,,,,,,,,,,,,,,,,,,,,,,,,,,,,,,,,,,,,,,,,,x,,x,,,,,,,,,,,,,,,,,,,,,,,x,,,,x,,,,,,,,,,,,,,,,,,,,,,,,,x,x,,,,,,,,,,,,,,,,,,,,,,,,,,,,,,,,,,,,,,,,,,,,,,,,,,,,,,,,,,,,,,,,,,,,,,,,,,,,,,,,,,,,,,,,,x,,,,,,,,,,,,,,,,,,,,,,,,,x,,,,,,,,,,,,,,,,,,,,,,,,,,,,,x,x,,
Malacothrix saxatilis var. tenuifolia,n,,,,,,x,,,,,,,,,,,,,x,,,,,,,,,,,x,,,,,,x,,,,,,,,,,,,,,,x,,,,,,,,x,,,x,,x,x,,,,,,,,,x,,x,x,,,,,,,x,,,x,,,,,,,,,,,,,,x,,,,,,,x,,,,,,,,,,,,,,x,,,,,,x,,,x,,,,,,,,,,,,,,,,,,,,,,,,,,,,,,,,,,,,,,,,,,x,x,,,x,,,,,,,,,,,,x,,,,,,,x,x,,,,,,x,,,,,,,,x,,x,,x,x,,x,,,,x,,x,,x,,,,,,,,,,,,,,,,,,,x,,,,,,,,,,,,,,,,,,,,,,,,,,,,,,,,x,,,,,,,x,,,x,x,x,,,,,,,,,,,,,,,,x,x,x,,,,,,,,,,,x,,,x,,,,,,x,,,,,,x,,x,,,,,,,,x,,,,,x,,x,x,x,x,,x,,x,,,x,x,x,x,x,x,x,x,,,x,,x,,,x,,,,,x,x,x,,x,x,x,,,x,x,,x,,x,x,x,,,,,x,,,,,,,,x,,x,,,,,,,,,,x,,x,,x,x,x,,,,,x
Malva parvilfora,n,,,,,,,x,,,,,,,,,x,,,,,,,,,,,,,,,,,,,,x,,,,,,,,,,x,,,,,x,,,,,,,,,,,x,,,,,,,,,,,x,,,x,,,,,,,,,,,,,,,,,,,,,,,x,x,,,,,,,,,,,,,,,,,,,,,,,,,,,,,,,,,,,,,,,,,,,,,,,,,,,,,,,,,,,,,,,,,,,,,,,,,,,,,,,,,,,,,,,,,,,,,,,,,,,,,,,,,,,,,,,,,,,,,,,,,,,,,,,,,,,,,,,,,,,,,,,,,,,,,,,,,,,,,,,,,,,,,,,,,,,,,,,,,,,,,,,,,,,,,,,,,,,,,,,,,,,,,,,,,,,,,,,,,,,,,,,,,,,,,,,,,,,,,,,,,,,,,,,,,,,,,,,,,,,,,,,,,,,,,,,,,,,,,,,,,,,,,,,,,,,,,,,,,,,,,,,,,,,,,,,,,,,,,,,,,,,,,,,,,,,,
Marah macrocarpa,n,,,,,,,,,,x,,,,,,,,,,,x,,,x,,,,,,,,,,,,,,,,,,,,,,,,,,,,,,,,,,,,,,,,,,,,,,,,,,,,,,,,,x,,,,,,,,,,,,,,,,,,,,,,,,,,,,,,,,,,,,,,,,,x,,,,,,,,,,,,,,,,,,,,,,,,,,,,,,,,,,,,,,,,,,,,,,,,,,,,,,,,,,,,,,,,,,,,,,,,,,,,,,,,,,,,,,,,,,,,,,,,,,,,,,,,,,,,,,,,,,,,,,,,,x,,,,,,,,,,,,,,,,,,,,,,,,,,,,,,,,,,,,,,,,,,,,,,,,,,,,,,,,,,,,,,,,,,,,,,,,,,,,,,,,,,,,,,,,,,,,,,,,,,,,,,,,,,,,,,,,,,,,,,,,,,,,,,,,,,,x,,,,,,,,,,,,,,,,,,,,,,,,,,,,,,,,,,,,,,,,,,,,,,,,,,,,,,,,,,
Marrubium vulgare,n,,,,,,,,,x,,,,,,,,,,,,,,,,,,,,,,,,,,,,,,,,,,,,,,,,,,,,,,,,,,,,,,,,,,,,,,,,,,,,x,x,,,,,,,,,,,,,,,,,,,,,,,,,,,,,x,x,,,,,,,,,,,,x,,,,,,,,,,,x,,,,,,,,,,,,,,,,,,,,,,,,,,,,,,,,,,,,,,,,,,,,x,,,,x,x,,,,,,,,,,,,,,,x,,,,,,,,,,,,,x,x,,,,,,x,,,,,,x,x,,,x,,,x,x,,,,,,x,,,,,,,x,x,,,,,,,,x,x,,x,,,,,,x,,,x,x,,x,x,,,,,,,x,,x,,x,,x,,,x,x,x,x,x,x,,,,,,,,,,,,,,,,,,,,,,,,,,,,,,,,,,,,,,,,,,,,,,,,,,,,,,,,,,,,,,,,x,,,,,,,x,x,,x,,,,,,,,,,,,,,,,,,,,,x,,,,,x,,,,,,,,,,,x,x,,,,,,,,x,,x,x,,,,,,,,,x,,,,,,,,,x,x,x,x
Medicago polymorpha,nn,,,,,,,,x,,,,,,,,,,,,,,,,,,,,,,,,,,,,,,,,,,,,,,,,x,,,,x,,,,,,,,,,,,,,,,,,,,,,,,,,,,,x,,,x,,,,,,,,,,,,,,,,,,,,,,,,,,,,,,,,,,,,,,,,,,,,,,,,,,,,,,,,,,,,,,,,,,,,,,,,,,,,,,,,,,,,,,,,,,,,,,,,,,,,,,,,,,,,,,,,,,,,,,,,,,,,,,,,,,,,,,,,,,,,,,,,,,,,,,,,,,,,,,,,,,,,,,,,,,,,,,,,,,,,,,,,,,,,,,,,,,,,,,,,,,,,,,,,,,,,,,,,,,,,,,,,,,,,,,,,,,,,,,,,,,,,,,,,,,,,,,,,,,,,,,,,,,,,,,,,,,,,,,,,,,,,,,,,,,,,,,,,,,,,,,,,,,,,,,,,,,,,,,,,,,,,,,,,,,,,,,,,,,,,,,,,,,,,
Melilotus indicus,nn,,,,,,,,,,,,,,,,,,,,,,,,,,,,,,,,,,,,,,,,,,,,,,,,,,,,,,,,,,,,,,,,,,,,,,,,,,,,,,,,,,,,,,,,,,,,,,,,,,,,,,,,,,,,,,,,,,,,,,,,,,,,,,,,,,,,,,,,,,,,,,,,,,,,,,,,,,,,,,,,,,,,,,,,,,,,,,,,,,,,,,,,,,,,,,,,,,,,,,,,,,,,,,,,,,,,,,,,,,,,,,,,,,,,,,,,,,,,,,,,,,x,,,,,,,,,,,,,,,,,,,,,,,,,,,,,,,,,,,,,,,,,,,,,,,,,,,,,,,,,,,,,,,,,,,,,,,,,,,,,,,,,,,,,,,,,,,,,,,,,,,,,,,,,,,,,,,,,,,,,,,,,,,,,,,,,,,,,,,,,,,,,,,,,,,,,,,,,,,,,,,,,,,,,,,,,,,,,,,,,,,,,,,,,,,,,,
Nicotiana glauca,nn,,,,,,,,,,,,,,,,,,,,,,,,,,,,,,,,,,,,,,,,,,,,,,,,,,,,,,,,,,,,,,,,,,,,,,,,,,,,,,,,,,,,,,,,,,,,,,,,,,,,,,,,,,,,,,,,,,,,,,,,,,,,,,,,,,,,,,,,,,,,,,,,,,,,,,,,,,,,,,x,,,,,,x,,,,,,,,,,,,,,,,,,,,,,,,,,,,,,,,,,,,,,,,,,,,,,,,x,,,,,,,,,,,,,,,,,,,,,,,,,,,,,,,,,x,,,,,,,,,,,,,x,,,,,,,,,,,,,,,,,,,,,,,x,,,,,,,,,,,,,,,,,,,,,,,,,,,,,,,,,,,,x,,,,,,,,,,,,,,,,,,,,,,,,,,,,x,,,x,,,,,,,,x,,,,,,,,,,,,,,,,,x,,,,,,,,,,,,,,x,x,,,,,,,,,,,,,,,,,,,,,,,,,,,,,,,,,,,,,,,,,,,,
"Phacelia (minor, visida like)",n,,,,,,,,,,,x,,x,x,x,x,x,x,x,x,x,x,x,x,x,,x,x,x,x,x,x,x,x,x,x,,x,x,x,x,x,x,x,x,x,x,x,x,x,x,,,x,x,x,x,x,x,x,x,x,x,x,x,,x,,,x,x,x,,,x,x,x,x,x,,x,x,x,x,x,,x,x,x,x,,x,x,x,,x,x,x,x,,x,x,x,x,,x,x,x,,,,x,x,,x,,,x,,x,,,,,,,,x,,,,,,,,,,,,,,,,,,x,,,,,,,x,,x,,,x,x,,x,x,,x,x,,x,x,x,,x,x,x,,,x,x,x,x,,,,x,x,,,x,x,,x,,,,x,,,,,x,x,x,,x,x,x,,x,,x,,x,,,x,,x,,x,x,,,,,,,,x,,x,,x,x,x,x,,x,,,,,x,,x,x,,x,,,,x,x,x,,,,x,x,x,,x,,,,x,x,,x,,,,x,,,,,x,,,,,x,,,,x,,,x,,,,,,,,,,,,,,,,,x,,,,,,,x,,,,,x,,,,,,,,,,,x,,,,x,,,,,,,,,,,,,,,,,,,,,,,,,,,,,,x,,,,,,,,,,,x,,x,,,,,,,,,,x,x,,,x,,,,,,,x,,,,x,,,,,,,,x,,,x,,,,,,,,,,,,,,,,,,,,,
"Phacelia (tanec, lacey like)",n,,,,,,,,,,,,,x,x,x,x,x,x,x,x,x,x,x,x,x,x,x,x,x,x,x,x,x,x,x,x,,x,x,x,x,x,x,,x,x,x,x,x,x,x,,,x,x,x,x,x,x,x,x,x,x,x,x,,x,,x,x,x,x,x,,x,x,x,x,x,,x,x,,x,x,,x,x,x,x,,x,x,x,,,x,,x,,x,x,,x,,x,x,x,,,,x,x,,,,,x,,x,,x,,,,,,x,,,x,,,,,,,,,,,,,,,,,,,,,,,,,,,,,x,x,x,x,,x,x,x,x,x,,x,x,x,x,x,x,x,x,x,x,,x,,x,x,x,x,,x,x,x,x,x,x,x,,,x,x,x,x,x,x,x,x,x,,x,x,,x,,x,,x,x,x,x,x,x,x,x,x,x,x,x,,x,x,,x,x,,x,x,x,x,,,,,x,x,,x,x,,x,,x,x,x,x,x,,,x,x,,x,,x,x,x,x,x,x,,,,,x,x,,x,,,x,x,,,,x,,,,x,,,,,x,,,,,,,,,,,,,,,,,,,,,,,,,x,,,,,,,,,,,,,,,,,x,,,,,,,,,,,,x,,x,,,,,,x,,,,x,,x,,,,,,,,,,x,,,,,,,,,,,,,,x,x,,,,,,,,,,,,x,,,x,,,,,,,,,,,x,,,,,,,,,,,,,,,x,,,,,,
Phacelia cicutaria,n,,,,,,,,,x,,,,,,,,,,,,,,,,,,,,,,,,,,,,,,,,,,,,,,,,,,,,,,,,,,,,,,,,,,,,,,,,,,,,,,,,,,,,,,,,,,,,,,,,,,,,,,,,,,,,,,,,,,,,,,,,,,,,,,,,,,,,,,,,,,,,,,,,,,,,,,,,,,,,,,,,,,,,,,,,,,,,,,,,,,,,,,,,,,,,,,,,,,,,,,,,,,,,,,,,,,,,,,,,,,,,,,,,,,,,,,,,,,,,,,,,,,,,,,,,,,,,,,,,,,,,,,,,,,,,,,,,,,,,,,,,,,,,,,,,,,,,,,,,,,,,,,,,,,,,,,,,,,,,,,,,,,,,,,,,,,,,,,,,,,,,,,,,,,,,,,,,,,,,,,,,,,,,,,,,,,,,,,,,,,,,,,,,,,,,,,,,,,,,,,,,,,,,,,,,,,,,,,,,,,,,,,,,,,,,,,,
Phacelia distans,n,,,,,,,,,,,,,,,,,,,,,,,,,,,,,,,,,,,,,,,,,,,,,,,,,,,,,,,,,,,,,,,,,,,,,,,,,,,,,,,,,,,,,,,,,,,,,,,,,,,,,,,,,,,,,,,,,,,,,,,,,,,,,,,,,,,,,,,,,,,,,,,,,,,,,,,,,,,,,,,,,,,,,,,,,,,,,,,,,,,,,,,,,,,,,,,,,,,,,,,,,,,,,,,,,,,,,,,,,,,,,,,,,,,,,,,,,,,,,,,,,,,,,,,,,,,,,,,,,,,,,,,,,,,,,,,,,,,,,,,,,,,,,,,,,,,,,,,,,,,,,,,,,,,,,,,,,,,,,,,,,,,,,,,,,,,,,,,,x,,,,,,,,,,,,,,,,,,,,,,,,,,,,,,,,,,,,,,,,,,,,,,,,,,,,,,,,,,,,,,,,,,,,,,,,,,,x,,,,,,,,,,,,,,,,,,,,,
Phacelia minor,n,,,,,,x,,,x,x,,,,,,,,,,,,,,,,,,,,,,,,,,,,,,,,,,,,,,,,,,,,,,,,,,,,,,,,,,,,,,,,,,,,,,,,,,,,,,,,,,,,,,,,,,,,,,,,,,,,,,,,,,,,,,,,,,,,,,,,,,,,,,,,,,,,,,,,,,,,,,,,,,,,,,,,,,,,,,,,,,,,,,,,,,,,,,,,,,,,,,,,,,,,,,,,,,,,,,,,,,,,,,,,,,,,,,,,,,,,,,,,,,,,,,,,,,,,,,,,,,,,,,,,,,,,,,,,,,,,,,,,,,,,,,,,,,,,,,,,,,,,,,,,,,,,,,,,,,,,,,,,,,,,,,,,,,,,,,,,,,,,,,,,,,,,,,,,,,,,,,,,,,,,,,,,,,,,,,,,,,,,,,,,,,,,,,,,,,,,,,,,,,,,,,,,,,,,,,,,,,,,,,,,,,,,,,,,,,,,,,
Phacelia tanacetifolia,n,,,,,,x,x,,x,x,x,,,,,,,,,,,,,,,,,,,,,,,,,,,,,,,,,,,,,,,,,,,,,,,,,,,,,,,,,,,,,,,,,,,,,,,,,,,,,,,,,,,,,,,,,,,,,,,,,,,,,,,,,,,,,,,,,,,,,,,,,,,,,,,,,,,,,,,,,,,,,,,,,,,,,,,,,,,,,,,,,,,,,,,,,,,,,,,,,,,,,,,,,,,,,,,,,,,,,,,,,,,,,,,,,,,,,,,,,,,,,,,,,,,,,,,,,,,,,,,,,,,,,,,,,,,,,,,,,,,,,,,,,,,,,,,,,,,,,,,,,,,,,,,,,,,,,,,,,,,,,,,,,,,,,,,,,,,,,,,,,,,,,,,,,,,,,,,,,,,,,,,,,,,,,,,,,,,,,,,,,,,,,,,,,,,,,,,,,,,,,,,,,,,,,,,,,,,,,,,,,,,,,,,,,,,,,,,,,,,,,
Phacelia viscida,n,,,,,,,,,x,,,,,,,,,,,,,,,,,,,,,,,,,,,,,,,,,,,,,,,,,,,,,,,,,,,,,,,,,,,,,,,,,,,,,,,,,,,,,,,,,,,,,,,,,,,,,,,,,,,,,,,,,,,,,,,,,,,,,,,,,,,,,,,,,,,,,,,,,,,,,,,,,,,,,,,,,,,,,,,,,,,,,,,,,,,,,,,,,,,,,,,,,,,,,,,,,,,,,,,,,,,,,,,,,,,,,,,,,,,,,,,,,,,,,,,,,,,,,,,,,,,,,,,,,,,,,,,,,,,,,,,,,,,,,,,,,,,,,,,,,,,,,,,,,,,,,,,,x,,,,,,,,,,,,x,,,,x,,,,,,,,,,,,,,,,,,,,,,,,,,,x,x,,,,,,,,,,,,,,,,,,,,,,,,,,,,x,x,,,,,,,x,,,x,,,,,x,x,,,,,,,x,,,,,,,,,,,,,,,,,,,,,,,,,,,,x,,x,x
Pseudognaphalium californicum,n,,,,,,,,,,,,,,,,,,,,,,,,,,,,,,,,,,,,,,,,,,,,,,,,,,,,,,,,,,,,,,,,,,,,,,,,,,,,,,,,,,,,,,,,,,,,,,,,,,,,,,,,,,,,,,,,,,,,,,,,,,,,,,,,,,,,,,,,,,,,,,,,,,,,,,,,,,,,,,,,,x,,,,,,,,,,,,x,,,,,,,,,,,,,,,,,,,,,,,,,,,,,,,x,x,,x,,,,,,,,,x,,,,,,,,,,,,,,,,,,,,,,,,,x,,,,,,,,,,,,,,,,x,,,,,,,,,,,,,,x,,,,,,,,,,x,,,,x,x,x,x,,,,,,,,,,,,,,,,,,,,,,,,,,,,,,,,,,,,,,,,,,,,,,,,,,,,,,,,,,,,,,,,,,,,,,,,x,,,,,,,,,,,,,,,,,,,,,,,,,,,,,,,,,,,,,,,,,,,,,,,,,,,,,,,,,,,,,,,,,,,,,,,,
Pseudognaphalium luteoalbum,nn,,,,,,,,,,,x,,,,,,,,,,,,,,,,,,,,,,,,,,,,,,,,,,,,,,,,,,,,,,,,,,,,,,,,,,,,,,,,,,,,,,,,,,,,,,,,,,,,,,,,,,,,,,,,,,,,,,,,,,,,,,,,,,,,,,,,,,,,,,,,,,,,,,,,,,,,,,,,,,,,,,,,,,,,,,,,,,,,,,,,,,,,,,,,,,,,,,,,,,,,,,,,,,,,,,,,,,,,,,,,,,,,,,,,,,,,,,,,,,,,,,,,,,,,,,,,,,,,,,,,,,,,,,,,,,,,,,,,,,,,,,,,,,,,,,x,,,,,,,,,,,,,,,,,,,,,,,,,,,,,,,,,,,,,,,,,,x,,,,,,,,,,,,,,,,,,,,,,,,,,,,,,,,,,,,,,,,,,,,,,,,,,,,,,,,,,,,,,,,,,,,,,,,,,,,,,,,,,,,,,,,,,,,,,x,,,,,,,
Ribes aureum,n,,,,,,,,,,,,,,,,,,,,,,,,,,,,,,,,,,,,,,,,,,,x,,,x,,,,,,,,,,,,,,,,,,,,,,,,,,,,,,,,,,,,,,,,,,,,,,,,,,,,,,,,,,,,,,,,,,,,,,,,,,,,,,,,,,,,,,,,,,,,,,,,,,,,,,,,,,,,,,,,,,,,,,,,,,,,,,,,,,,,,,,,,,,,,,,,x,,,,,,,,,,,,,,,,,,,,,,,,,,,,,,,,,,,,,,,,,,,,,,,,,,,,,,,,,,,,,,,,,,,,,,,,,,,,,,,,,,,,,,,,,,,,,x,,,,,,,,,,,,,,,,,,,,,,,,,,,,,,,,,,,,,,,,,,,,,,,,,,,,,,,,,,,,,,,,,,,,,,,,,,,,,,,,,,,,,,,,,,,,,,,,,,,,,,,,,,,,,,,,,,,,,,,,,,,,,,,,,,,,,,,,,,,,,,,,,,,,,
Ribes califor,n,,,,,,,,,,,,,,,,,,,,,,,,,,,,,,,,,,,,,,,,,,,,,,,,,,,,,,,,,,,,,,,,,,,,,,,,,,,,,,,,,,,,,,,,,,,,,,,,,,,,,,,,,,,,,,,,,,,,,,,,,,,,,,,,,,,x,,,,,,,,,,,,,,,,,,,,,,,,,,,,,,,,,,,,,,,,,,,,,,,,,,,,,,,,,,,,,,,,,,,,,,,,,,,,,,,,,,,,,,,,,,,,,,,,,,,,,,,,,,,,,,,,,,,,,,,,,,,,,,,,,,,,,,,,,,,,,,,,,,,,,,,,,,,,,,,,,,,,,,,,,,,,,,,,,,,,,,,,,,,,,,,,,,,,,,,,,,,,,,,,,,,,,,,,,,,,,,,,,,,,,,,,,,,,,,,,,,,,,,,,,,,,,,,,,,,,,,,,,,,,,,,,,,,,,,,,,,,,,,,,,,,,,,,,,,,,,
Salsola australis,nn,,,,,,,,,,,,,,,,,,,,,,,,,,,,,,,,,,,,,,,,,,,,,,,,,,,,,,,,,,,,,,,,,,,,,,,,,,,,,,,,,,,,,,,,,,,,,,,,,,,,,,,,,,,,x,,,,,,,,,,,,,,,,,,,,,,,,,,,,,,,,,,,,,,,,,,,,,,,,,,,,,,,,,,,,,,,,,,,,,,,,,,,,,,,,,,,,,,,,,,,,,,,,,,,,,,,,,,,,,,,,,,,,,,,,,,,,,,,,,,,,,,,,,,,,,,,x,x,,,,,,,,,,,,,,,,,,,,,,,,,,,,,,,,,,,,,,,,,,,,,,,,,,,,,,,,,,,,,,,,,x,,,,,,,,,,,x,x,,x,x,,x,,,,,,,,,,,,,,x,,,,,,,x,,,x,,x,,,x,x,,,,,,,x,,,,,,,,,,,,x,x,x,,,,,,,,,x,,,,,,,,,,,,,x,,x,,,,,,,,,,,x,,,,,,,,,,,,
Salvia columbariae,n,,,,,,,x,x,x,,x,,x,,,,,x,x,x,,x,x,x,,x,,,x,,x,,,x,x,,,,x,x,x,,x,,x,x,,x,x,x,,x,,x,x,x,,,,x,,x,x,x,x,,x,,,,,x,x,x,x,x,x,x,x,,x,x,,,x,,x,x,,x,x,x,x,x,,x,x,x,x,,x,x,,x,,x,x,x,,,,,x,x,x,,,x,,x,,x,,,,,,x,,,x,,,,,,,,,,,,,,,,x,,,,,,,,x,,x,x,,,x,x,,x,x,x,x,x,,,x,x,x,,x,,,x,x,,,x,x,x,x,,x,x,x,x,,,x,,x,,,x,,x,,,x,x,,x,x,x,x,,x,,,x,,x,,x,x,x,,x,,,x,x,,,x,,x,,x,x,x,,x,x,,x,,x,x,,,x,,x,x,x,x,x,,,,,,x,,,,,x,x,x,,,,,,x,,,,,x,x,,,,x,x,x,,,x,,,,x,x,,,,,,x,,,,,x,x,,,,,x,x,,x,x,,,,,x,x,,x,x,x,x,,,,x,x,,,x,,x,x,,,,,x,,,,x,x,,,,x,,,x,x,,x,,,,,,x,x,,x,x,,,x,,x,,,,x,,x,x,x,x,x,x,x,,x,,,,x,,x,,,x,,x,,x,,,,x,,,,,,,x,x,,,x,,,,,x,x,x,,x,x,x,,,,,x,,x,,x,x
Salvia mellifera,n,,,,,,,,,x,,x,,,x,,,,,,x,x,,,,,,x,,x,,,x,x,,x,x,,,,x,,,x,,x,x,,,,,,,,,x,,x,,,,,,x,x,,,,,,,,x,,x,x,x,x,,,,x,,,,x,,,x,,x,,,,x,,,x,,,,,,,,,x,,x,,,,x,,,,,,,,,,,,,,,,,,,,,,,,,,,,,,,,,,x,x,,,,,,x,,x,,,x,x,,x,,,x,x,,x,x,,,,,,x,,x,x,x,x,x,,,x,x,,,x,,x,x,,,x,,x,,,,,x,x,x,,x,,,x,x,x,,,,,,,x,,,,,x,,x,,x,,,,,,,x,x,x,x,,x,,,,x,,x,,,,,,x,x,x,x,,,,x,,,,,,,x,x,,,x,,,,x,,,x,,x,x,,,,,,x,,x,x,x,x,,,,,,,,,,,,,,,,,,x,,,,,,,,,,,,,,,,,,,,,,,,,,,,,,,,,,,,,,,,,,x,,,,,,,,,,,,,,,,,,,,,,,,,,,,,,,,,,,x,,x,,,,,,,,,,,,,,,x,,,,,,,,,,,,,,,,,,x,,,,,,,,,,,,,,
Sambucus nigra ssp. caerulea,n,,,,,,,,,,,,,,,,,,,,,,,,,,,,,,,,x,,,,,,,,,,,,,,,,,,,,,,,,,x,,,x,,,x,,,,,,,,,,,x,,,,,,,,,,,,,,,,,,,,,x,,,,,,,,,,,x,,,,,,x,,,,,,,,x,,,,,,,,,,,,,,,,,,,,,,,,,,,,,,,,,,,,,,,,,,,,,,,,,,,,,,,,,,,,,,,,,,,,,,,,,,,,,,,,,,,,x,x,,,,,,,,,,,,,x,,,,,,,,,,,,,,,,,,,,,x,,x,,,,,,,,,,,,,,,,,,,,,,,,,,,,,,,,,,,,,,,,,,,,,,,,,,,,,,,,,,,,,,,,,,,,,,,,,,,,,,,,,,,,,,,,,,,,,,,,,,,,,,,,,,,,,,,,,,,,,,,,,,,,,,,,,,,,,,,,,,,,,,,,,,,,,,,,,,,,,,,,,,,,,,,,,,,,,,,,,,,,,,,,,,,,x,x,,
Schismus barbatus,nn,,,,,,,,,,,x,x,,,,,,,,,,,,,,,,,,,,,x,,,,,,,x,,,,,,,,,,,,,,,,,,,,,,,,,,,,,,,,,,,,,,,,,x,,x,,,,,,,,,,,,,,,,,,,,x,,,,,,,,,,,,,,,,,,,,,,,,,,,,,,,,,,,,,,,,,,,,,,,,,,,,,,,,,,,,,,,,,,,,,,,,,,,,,,,,,,,,,,,,,,,,,,,,,,,,,,,,,,,,,,,,,,,,,,,,,,,,,,,,,,,,,,,,,,,,,,,,,,,,,,,,,,,,,,,,,,,,,,,,,,,,,,,,,,,,,,,,,,,,,,,,,,,,,,,,,,,,,,,,,,,,,,,,,,,,,,,,,,,,,,,,,,,,,,,,,,,,,,,,,,,,,,,,,,,,,,,,,,,,,,,,,,,,,,,,,,,,,,,,,,,,,,,,,,,,,,,,,,,,,,,,,,,,,,,,,,,,,,,,,
Senecio vulgaris ,nn,,,,,,,,,,,,,,,,,,,,,,x,,,,,,,,,,x,,,,,,,,,,,,,,,,x,,,x,,,,,,,,,,,,,,,,,,,,,,,,,x,,,,,,,,,,,,,,,,,,,,x,,,x,,x,,,x,,,,,,,,,,,,,,,,,,,,,,,,,,,,,,,,,,,,,,,,,,,,,,,,,,,,,,,,,,,,,,,,,,,,,,,,,,,,,,,,,,,,,,,,,,,,,,,,,,,,,,,,,,,,,,,,,,,,,,,,,,,,,,,,,,,,,,,,,,,,,,,,,,,,,,,,,,,,,,,,,,,,,,,,,,,,,,,,,,,,,,,,,x,x,x,,,,,,,,,,,,,,,x,,,x,x,,,,,,,x,,,,,x,x,x,,,x,,,,x,,,,,x,,x,,x,,x,,x,,,x,x,,,x,x,x,x,,x,,,x,,,,,,,,,,x,,,x,,,,,,,,,x,,,,,,x,x,x,,,,x,,,,,x,x,,,,,x,,x,,,x,,,,,,,,,,x,x,x,,,,x,x,x,,,,,
Silybum marianum,nn,,,,,,x,x,x,,x,,,x,,,x,,,x,,,x,,,,x,,x,,x,x,,,,,x,,x,,,x,x,,,x,,x,x,x,x,,x,,x,,x,,x,x,,,x,,x,x,,,,x,,x,,x,,,,x,x,x,,x,,,x,,,,,,,x,x,x,x,x,,,,x,x,x,,,x,x,,x,,,,,,,,x,,,x,,,,x,,,,,,x,,,x,,,,,,,,,,,,,,x,,,x,x,x,,,,x,,,,,,x,,,,,,,,,,,,,x,x,x,,,,,x,x,x,x,x,,x,,,,,x,x,x,,x,x,,x,,x,,x,x,x,,x,,x,x,x,,,x,,x,,x,,,x,x,x,x,x,,,,x,,,,x,,x,,x,x,x,x,x,x,x,x,x,x,,,x,x,x,x,,x,x,x,,x,,,,,x,,,x,x,,x,x,,,x,x,,,,x,x,x,,x,x,x,x,x,,x,,,,,,,,,,,,,,,,,x,,,,,,,,,,,,,,,,,,,,,,,,,x,,,,,,,,,,,,,,,,,,,,,,,,,,,,,,,,,,,,,,,,,,,,,x,,,,,,,,,x,,x,,,,,,,,,,x,,,,,,,,,,,,,,,,,,,,,,,,,,,,,,,,,,,,,
Sisymbrium oreintale,nn,,,,,,,,,,,,,,,,,,,,,,,,,,,,,,,,,,,,,,,,,,,,,,,,,,,,,,,,,,,,,,,,,,,,,,,,,,,,,,,,,,,,,,,,,x,,,,,,,,,,,,,,,,,,,,,,,,,,,,,,,,,,,,,,,,,,,,,,,,,,,,,,,,,,,,,,,,,,,,,,,,,,,,,,,,,,,,,,,,,,,,,,,,,,,,,,,,,,,,,,,,,,,,,,,,,,,,,,,,,,,,,,,,,,,,,,,,,,,,,,,,,,,,,,,,,,,,,,,,,,,,,,,,,,,,,,,,,,,,,,,,,,,,,,,,,,,,,,,,,,,,,,,,,,,,,,,,,,,,,,,,,,,,,,,,,,,,,,,,,,,,,,,,,,,,,,,,,,,,,,,,,x,,,,,,,,,,,,x,,,,,,,,,,,,,,x,,,,,,,,,,,,,,,,,,,,,,,x,,,,,,,,,,,,,,,,,,,,,
Sonchus oleraeus,nn,,,,,,,,,,,,,,,,,,,,,,,,,,,,,,,,,,,,,,,,,,,,,,,,,,,,,,,,,,,,,,,,,,,,,,,,,,,,,,,,,,,,,,,,,,,,,x,,,,,,,,,,,,,,,,,,,,,,,,,,,,,,,,,,,,,,,,,,,,,,,,,,,,,,,,,,,,,,,,,,,,,,x,,,,,,,,,,,,,,,,,x,,,x,,,,,,,,x,,,,,,,,,,,,,,,,,,x,,,,,,,,x,,,,,,x,,,,,,,,,,,,,x,,,,,,x,,x,,x,x,,,,x,,,,,,,,,,,,,,,,,,,,,,,,,,,,,,,,,,,,,,,,,x,x,,x,,,,,,,,,x,x,,x,,,x,,,,,,,,,,,,,,,,,,x,,,,,,,,,,,,,,,,x,,,,,x,,,,,x,,x,,,,,,,,,,,,,x,,x,,,,x,,,,,,,,x,x,x,,,,,,,,,,,x,,,,x,,,,,,,,,x,,,,,,,,,,,,,,x,,,x,,,,,,
Sonchus oleraeus,n,,,,,,,,,,,,,,,,,,,,,,,,,,,,,,,,,,,,,,,,,,,,,,,x,,,,x,,,,,,,,,,,,,,,,,,x,,,,x,,,,,,,,,,,,,,,,,,,,,,,,,,,,,,,,,,,,,,,,,,,,,,,,,,,,,,,,,,,,,,,,,,,,,,,,,,,,,,,,,,,,,,,,,,,,,,,,,,,,,,,,,,,,,,,,,,,,,,,,,,,,,,,,,,,,,,,,,,,,,,,,,,,,,,,,,,,,,,,,,,,,,,,,,,,,,,,,,,,,,,,,,,,,,,,,,,,,,,,,,,,,,,,,,,,,,,,,,,,,,,,,,,,,,,,,,,,,,,,,,,,,,,,,,,,,,,,,,,,,,,,,,,,,,,,,,,,,,,,,,,,,,,,,,,,,,,,,,,,,,,x,,,,,,,,,,,,,,,,,,,,,,,,,,,,,,,,,,,,,,,,,,,,,,,,,,,,,,,,,
Stipa lepida,n,,,,,,,,,,,,,,,,,,,,,,,,,,,,,,,,,,,,,,,,,,,,,,,,,,,,,,,,,,,,,,,,,,,,,,,,,,,,,,,,,,,,,,,,,,,,,,,,,,,,,,,,,,,,,,,,,,,,,,,,,,,,,,,,,,,,,,,,,,,,,,,,,,,,,,,,,,,,,,,,,,,,,,,,,,,,,,,,,,,,,,,,,,,,,,,,,,,,,,,,,x,,,,,,,,,,,,,,,,,,,,,,,,,,,,,,,,x,,,,,,,x,,,,,,,,,,,,,,,,,,,,,,,,,,,,,,,,,,,,,,,,,,,,,,,,,,,,,,,,,,,,,,,,,x,x,,,,,,x,,,,,x,,,,,,x,,,,,,,,,,,,,,,,,,,,,,,,,,,x,,,,,,,,,,,x,,x,,,,,,,,,,,,,,,,,,,,,,,,,,,,,,,,,,,,,,,,,,,,,,,,,,,,,,,,,,,,,,,,,,,,,
Stipa pulchra,n,,,,,,,,,,,,,,,,,,,,,,,,,,,,,,,,,,,,,,,,,,,,,,,,,,,,,,,,,,,,,,,,,,,,,,,,,,,,,,,,,,,,,,,,,,,,,,,,,,,,,,,,,,,,,,,,,,,,,,,,,,,,,,,,,,,,,,,,,,,,,,,,,,,,,,,,,,,,,,,x,,,,,,,,,,,,,,,,,,,,,,,,,,,,,,,,,,,,,,,,,,,,,,,,,,,,,,,,,,,,,,,,,,,,,,x,,,,,,,,,,,,,,,,,x,,,,,,,,,,,,,,,,,,,,,,,,,,,,,,,,,,,,,,,,,,,,,,,,,,,,,,,,,,,,,,,,,,,,,,,,,,,,,,,,,,,,,,,,,,,,,,,,,,,,,,,,,,,,,,,,,,,,,,,,,,,,,,,,,,,,,,,,,,,,,,,,,,,,,,,,,,,,,,,,,,,,,,,,,,,,,,,,,,,,,,,,,,
Trifolium sp.,,,,,,,,,,,,,,,,,,,,,,,,,,,,,,,,,,,,,x,,,,,,,,,x,,,,,,,,,,,,,,,,,,,,,,,,,,,,,,,,,,,,,,,x,,,,,,,,,x,,x,,,,,,,,,,,,,,,,,,,,x,,,,,,,,,,,,,,,,,,,,,,,,,,,,,,,,,,,,,,,,,,,,,,,,,,,,,,,,,,,,,,,,x,,,,,,,,,,,,,,,,,,,,,,,,,,,,,,,,,,,,,,,,,,,,,,,,,,,,,,,,,,,,,,,,,,,,,,,,,,,,,,,,,,,,,,,,,,,,,,,,,,,,,,,,,,,,,,,,,,,,,,,,,,,,,,,,,,,,,,,,,,,,,,,,,,,,,,,,,,,,,,,,,,,,,,,,,,,,,,,,,,,,,,,,,,,,,,,,,,,,,,,,,,,,,,,,,,,,,,,,,,,,,,,,,,,,,,,,,,,,,,,,,,,,,,,,,,,,,
"unk ale 4, milky sap, thistle like",,,,,,,,,,,,,,,,,,,,,,,,,,,,,,,,,,,,,,,,,,,,,,,,,,,,,,,,,,,,,,,,,,,,,,,,,,,,,,x,,,,x,,,,,,,,,,,,,,,,,,,,,,,,,,,,,,,,,,,,,,,,,,,,,,,,,,,,,,,,,,,,,,,,,,,,,,,,,,,,,,,,,,,,,,,,,,,,,,,,,,,,,,,,,,,,,,,,,,,,,,,,,,,,,,,,,,,,,,,,,,,,,,,,,,,,,,,,,,,,,,,,,,,,,,,,,,,,,,,,,,,,,,,,,,,,,,,,,,,,,,,,,,,,,,,,,,,,,,,,,,,,,,,,,,,,,,,,,,,,,,,,,,,,,,,,,,,,,,,,,,,,,,,,,,,,,,,,,,,,,,,,,,,,,,,,,,,,,,,,,,,,,,,,,,,,,,,,,,,,,,,,,,,,,,,,,,,,,,,,,,,,,,,,,,,,,,,
Unk cheese weedy,,,,,,,,,,,,,,,,,,,,,,,,,,x,,,,,,,,,,,,,,x,,,,,,,,,,,,,,,,,,,,,,,,,,,,,,,,,,,,,,,,,,,,,,,,,,,,,,,,,,,,,,,,,,,,,,,,,,,,,,,,,,,,,,,,,,,,,,,,,,,,,,,,,,,,,,,,,,,,,,,,,,,,,,,,,,,,,,,,,,,,,,,,,,,,,,,,,,,,,,,,,,,,,,,,,,,,,,,,,,,,,,,,,,,,,,,,,,,,,,,,,,,,,,,,,,,,,,,,,,,,,,,,,,,,,,,,,,,,,,,,,,,,,,,,,,,,,,,,,,,,,,,,,,,,,,,,,,,,,,,,,,,,,,,,,,,,,,,,,,,,,,,,,,,,,,,,,,,,,,,,,,,,,,,,,,,,,,,,,,,,,,,,,,,,,,,,,,,,,,,,,,,,,,,,,,,,,,,,,,,,,,,,,,,,,,,,,
Unk deep veined,,,,,,,,,,,,,,,,,,,,,,,,,,,,,,,,,,,,,,,,,,,,,,,,,,,,,,,,x,,,,,,,,,,,,,,,,,,,,,,,,,,,,,,,,,,,,,,,,,,,,,,,,,,,,,,,,,,,,,,,,,,,,,,,,,,,,,,,,,,,,,,,,,,,,,,,,,,,,,,,,,,,,,,,,,,,,,,,,,,,,,,,,,,,,,,,,,,,,,,,,,,,,,,,,,,,,,,,,,,,,,,,,,,,,,,,,,,,,,,,,,,,,,,,,,,,,,,,,,,,,,,,,,,,,,,,,,,,,,,,,,,,,,,,,,,,,,,,,,,,,,,,,,,,,,,,,,,,,,,,,,,,,,,,,,,,,,,,,,,,,,,,,,,,,,,,,,,,,,,,,,,,,,,,,,,,,,,,,,,,,,,,,,,,,,,,,,,,,,,,,,,,,,,,,,,,,,,,,,,,,,,,,,,,,,,,,,
Unk eriogonum fasc look alike,,,,,,,,,,,,,,,,,,,x,x,,,,,x,x,,,,,,,,x,,,,,,,x,,,,,,,,,,,,,,,,,,,,,,,,,,,,,,,,,,,,,,,,,,,,,,,,,,,,,,,,,,,,,,,,,,,,,,,,,,,,,,,,,,,,,,,,,,,,,,,,,,,,,,,,,,,,,,,,,,,,,,,,,,,,,,,,,,,,,,,,,,,,,,,,,,,,,,,,,,,,,,,,,,,,,,,,,,,,,,,,,,,,,,,,,,,,,,,,,,,,,,,,,,,,,,,,,,,,,,,,,,,,,,,,,,,,,,,,,,,,,,,,,,,,,,,,,,,,,,,,,,,,,,,,,,,,,,,,,,,,,,,,,,,,,,,,,,,,,,,,,,,,,,,,,,,,,,,,,,,,,,,,,,,,,,,,,,,,,,,,,,,,,,,,,,,,,,,,,,,,,,,,,,,,,,,,,,,,,,,,,,,,,,,,,,,,,,,,
unk fuzzy heart,,,,,,,,,,,,,,,,,,,,,,,,,,,,,,,,,,,,,,,,,,,,,,,,,,,,,,,,,,,,,,,,,,,,x,,,,,,,,,,,,,,,,,,,,,,,,,,,,,,,,,,,,,,,,,x,,,,,,,,,,,,,,,,,,,,,,,,,,,,,,,,,,,,,,,,,,,,,,,,,,,,,,,,,,,,,,,,,,,,,,,,,,,,,,,,,,,,,,,,,,,,,,,,,,,,,,,,,,,,,,,,,,,,,,,,,,,,,,,,,,,,,,,,,,,,,,,,,,,,,,,,,,,,,,,,,,,,,,,,,,,,,,,,,,,,,,,,,,,,,,,,,,,,,,,,,,,,,,,,,,,,,,,,,,,,,,,,,,,,,,,,,,,,,,,,,,,,,,,,,,,,,,,,,,,,,,,,,,,,,,,,,,,,,,,,,,,,,,,,,,,,,,,,,,,,,,,,,,,,,,,,,,,,,,,,,,,,
Unk fuzzy stem,,,,,,,x,x,x,,x,,,,,,,,,,,,,,,,,,,,,,,,,,,,,,,,,,,,,,,,,,,,,,,,,,,,,,,,,,,,,,,,,,,,,,,,,,,,,,,,,,,,,,,,,,,,,,,,,,,,,,,,,,,,,,,,,,,,,,,,,,,,,,,,,,,,,,,,,,,,,,,,,,,,,,,,,,,,,,,,,,,,,,,,,,,,,,,,,,,,,,,,,,,,,,,,,,,,,,,,,,,,,,,,,,,,,,,,,,,,,,,,,,,,,,,,,,,,,,,,,,,,,,,,,,,,,,,,,,,,,,,,,,,,,,,,,,,,,,,,,,,,,,,,,,,,,,,,,,,,,,,,,,,,,,,,,,,,,,,,,,,,,,,,,,,,,,,,,,,,,,,,,,,,,,,,,,,,,,,,,,,,,,,,,,,,,,,,,,,,,,,,,,,,,,,,,,,,,,,,,,,,,,,,,,,,,,,,,,,,,,
Unk linear fuzzy,,,,,,,,,,,,,x,,,,,,,,,,,,,,,,,,,,,,,,,,,,,,,,,,,,,,,,,,,,,,,,,,,,,,,,,,,,,,,,,,,,,,,,,,,,,,,,,,,,,,,,,,,,,,,,,,,,,,,,,,,,,,,,,,,,,,,,,,,,,,,,,,,,,,,,,,,,,,,,,,,,,,,,,,,,,,,,,,,,,,,,,,,,,,,,,,,,,,,,,,,,,,,,,,,,,,,,,,,,,,,,,,,,,,,,,,,,,,,,,,,,,,,,,,,,,,,,,,,,,,,,,,,,,,,,,,,,,,,,,,,,,,,,,,,,,,,,,,,,,,,,,,,,,,,,,,,,,,,,,,,,,,,,,,,,,,,,,,,,,,,,,,,,,,,,,,,,,,,,,,,,,,,,,,,,,,,,,,,,,,,,,,,,,,,,,,,,,,,,,,,,,,,,,,,,,,,,,,,,,,,,,,,,,,,,,,,,
Unk mint,,,,,,,,,,,,x,,,,,,x,,x,x,x,,,x,x,,,,,,,x,,x,x,,,x,,,,,,,,,,,,,,,,,,,,,,,,,,,,,,,,,,,,,,,,,,,,,,,,,,,,x,,,,,,,,,,,,,,,,,,,,,,,,,,,,,,x,,,,,,,,,,,,,,,,,,,,,,,,,,,,,,,,,,,,,,,,,,,,,,,,,,,,,,,,,,,,,,,,,,,,,,,,,,,,,,,,,,,,,,,,,,,,,,,,,,,,,,,,,,,,,,,,,,,,,,,,,,,,,,,,,,,,,,,,,,,,,,,,,,,,,,,,,,,,,,,,,,,,,,,,,,,,,,,,,,,,,,,,,,,,,,,,,,,,,,,,,,,,,,,,,,,,,,,,,,,,,,,,,,,,,,,,,,,,,,,,,,,,,,,,,,,,,,,,,,,,,,,,,,,,,,,,,,,,,,,,,,,,,,,,,,,,,,,,,,,,,,,,,,,,,,,,
unk round bubbles,,,,,,,,,,,,,,,,,,x,x,,,,,,,,,,,,,,x,x,,,,,,,,,,,x,,,,,,,,,,,,,,,,x,,,,,,,,,,,,,,,,,,,,,,,,,,,,,,,,,,,,,,,,,,,,,,,,,,,,,,,,,,,,,,,,,,,,,,,,,,,,,,,,,,,,,,,,,,,,,,,,,,,,,,,,,,,,,,,,,,,,,,,,,,,,,,,,,,,,,,,,,,,,,,,,,,,,,,,,,,,,,,,,,,,,,,,,,,,,,,,,,,,,,,,,,,,,,,,,,,,,,,,,,,,,,,,,,,,,,,,,,,,,,,,,,,,,,,,,,,,,,,,,,,,,,,,,,,,,,,,,,,,,,,,,,,,,,,,,,,,,,,,,,,,,,,,,,,,,,,,,,,,,,,,,,,,,,,,,,,,,,,,,,,,,,,,,,,,,,,,,,,,,,,,,,,,,,,,,,,,,,,,,,,,,,,,,,,,,
unk saggitate,,,,,,,,,,,,,,,,,,,,,,,,,,,,,,,,,,,,,,,,,,,,,,,,,,,,,,,,,,,,,,,,x,,,,,,,,,,,,,,,,,,,,,,,,,,,,,,,,,x,,,,,,,,,,,,,,,,,,,,,,,,,,,,,,,,,,,,,,,,,,,,,,,,,,,,,,,,,,,,,,,,,,,,,,,,,,,,,,,,,,,,,,,,,,,,,,,,,,,,,,,,,,,,,,,,,,,,,,,,,,,,,,,,,,,,,,,,,,,,,,,,,,,,,,,,,,,,,,,,,,,,,,,,,,,,,,,,,,,,,,,,,,,,,,,,,,,,,,,,,,,,,,,,,,,,,,,,,,,,,,,,,,,,,,,,,,,,,,,,,,,,,,,,,,,,,,,,,,,,,,,,,,,,,,,,,,,,,,,,,,,,,,,,,,,,,,,,,,,,,,,,,,,,,,,,,,,,,,,,,,,,,,,,,,,,,,,,
Unk spiny fuzzy,,,,,,,,,,,,,,,,,,,,,,,,,,,,,,,,,,,,,,,,,,,x,,,,,,,,,,,,,,,,,,,,,,,,,,,,,,,,,,,,,,,,,,,,,,,,,,,,,,,,,,,,,,,,,,,,,,,,,,,,,,,,,,,,,,,,,,,,,,,,,,,,,,,,,,,,,,,,,,,,,,,,,,,,,,,,,,,,,,,,,,,,,,,,,,,,,,,,,,,,,,,,,,,,,,,,,,,,,,,,,,,,,,,,,,,,,,,,,,,,,,,,,,,,,,,,,,,,,,,,,,,,,,,,,,,,,,,,,,,,,,,,,,,,,,,,,,,,,,,,,,,,,,,,,,,,,,,,,,,,,,,,,,,,,,,,,,,,,,,,,,,,,,,,,,,,,,,,,,,,,,,,,,,,,,,,,,,,,,,,,,,,,,,,,,,,,,,,,,,,,,,,,,,,,,,,,,,,,,,,,,,,,,,,,,,,,,
unk spoon spike,,,,,,,,,,,,,,,,,,,,,,,,,,,,,,,,,,,,,,,,,,,,,,,,,,,,,,,,,,,,,,,,,,,,,,,,,,,,,,,,,,,,,,,,,,,,,,,,,,x,,,,,,,,,,,,,,,,,,,,,,,,,,,,,,,,,,,,,,,,,,,,,,,,,,,,,,,,,,,,,,,,,,,,,,,,,,,,,,,,,,,,,,,,,,,,,,,,,,,,,,,,,,,,,,,,,,,,,,,,,,,,,,,,,,,,,,,,,,,,,,,,,,,,,,,,,,,,,,,,,,,,,,,,,,,,,,,,,,,,,,,,,,,,,,,,,,,,,,,,,,,,,,,,,,,,,,,,,,,,,,,,,,,,,,,,,,,,,,,,,,,,,,,,,,,,,,,,,,,,,,,,,,,,,,,,,,,,,,,,,,,,,,,,,,,,,,,,,,,,,,,,,,,,,,,,,,,,,,,,,,,,,,,,,,,,,,,
unk square leaves,,,,,,,,,,,,,,,,,,,,x,,,,,,,,,,,,,,,,,x,,,,,x,,,,,,,,,,,,,,,,,,,,,,,,,,,,,,,,,,,,,,,,,,,,,,,,,,,,,,,,,,,,,,,,,,,,,,,,,,,,,,,,,,,,,,,,,,,,,,,,,,,,,,,,,,,,,,,,,,,,,,,,,,,,,,,,,,,,,,,,,,,,,,,,,,,,,,,,,,,,,,,,,,,,,,,,,,,,,,,,,,,,,,,,,,,,,,,,,,,,,,,,,,,,,,,,,,,,,,,,,,,,,,,,,,,,,,,,,,,,,,,,,,,,,,,,,,,,,,,,,,,,,,,,,,,,,,,,,,,,,,,,,,,,,,,,,,,,,,,,,,,,,,,,,,,,,,,,,,,,,,,,,,,,,,,,,,,,,,,,,,,,,,,,,,,,,,,,,,,,,,,,,,,,,,,,,,,,,,,,,,,,,,,,,,,,,,,
unk stabby plant,,,,,,,,,,,,,,,,,,,,,,,,,,,,,,,,,,,,,,,,,,,,,,,,,,,,,,,,,,,,,,,,,,,,,,,,,,,,,,,,,,,,,,,,,,,,,,x,,,,,,,,,,,,,,,,,,,,,,,,,,,,,,,,,,,,,,,,,,,,,,,,,,,,,,,,,,,,,,,,,,,,,,,,,,,,,,,,,,,,,,,,,,,,,,,,,,,,,,,,,,,,,,,,,,,,,,,,,,,,,,,,,,,,,,,,,,,,,,,,,,,,,,,,,,,,,,,,,,,,,,,,,,,,,,,,,,,,,,,,,,,,,,,,,,,,,,,,,,,,,,,,,,,,,,,,,,,,,,,,,,,,,,,,,,,,,,,,,,,,,,,,,,,,,,,,,,,,,,,,,,,,,,,,,,,,,,,,,,,,,,,,,,,,,,,,,,,,,,,,,,,,,,,,,,,,,,,,,,,,,,,,,,,,,,,,,,,
Unk start shape,,,,,,,,,,,,,,,,,,x,,,,,,,,x,,,,,,,,,,,,,,,,,,,,,,,,,,,,,,,,,,,,,,,,,,,,,,,,,,,,,,,,,,,,,,,,,,,,,,,,,,,,,,,,,,,,,,,,,,,,,,,,,,,,,,,,,,,,,,,,,,,,,,,,,,,,,,,,,,,,,,,,,,,,,,,,,,,,,,,,,,,,,,,,,,,,,,,,,,,,,,,,,,,,,,,,,,,,,,,,,,,,,,,,,,,,,,,,,,,,,,,,,,,,,,,,,,,,,,,,,,,,,,,,,,,,,,,,,,,,,,,,,,,,,,,,,,,,,,,,,,,,,,,,,,,,,,,,,,,,,,,,,,,,,,,,,,,,,,,,,,,,,,,,,,,,,,,,,,,,,,,,,,,,,,,,,,,,,,,,,,,,,,,,,,,,,,,,,,,,,,,,,,,,,,,,,,,,,,,,,,,,,,,,,,,,,,,
unk succulenty leaves,,,,,,,,,,,,,,,,,,,,,x,,,,,,,,,,,,,,,x,,,,,,,,,,,,,,,,,,,,,,,,,,,,,,,,,,,,,,,,,,,,,,,,,,x,,,,,,,,,,,,,,,,,,,,,,,,,,,,,,,,,,,,,,,,,,,,,,,,,,,,,,,,,,,,,,,,,,,,,,,,,,,,,,,,,,,,,,,,,,,,,,,,,,,,,,,,,,,,,,,,,,,,,,,,,,,,,,,,,,,,,,,,,,,,,,,,,,,,,,,,,,,,,,,,,,,,,,,,,,,,,,,,,,,,,,,,,,,,,,,,,,,,,,,,,,,,,,,,,,,,,,,,,,,,,,,,,,,,,,,,,,,,,,,,,,,,,,,,,,,,,,,,,,,,,,,,,,,,,,,,,,,,,,,,,,,,,,,,,,,,,,,,,,,,,,,,,,,,,,,,,,,,,,,,,,,,,,,,,,,,,,,,,,,,,,,,,,,
Unk Y,,,,,,,,,,,x,,,,,,,,,,,,,,,,,,,,,,,,,,,,,,,,,,,,,,,,,,,,,,,,,,,,,,,,,,,,,,,,,,,,,,,,,,,,,,,,,,,,,,,,,,,,,,,,,,,,,,,,,,,,,,,,,,,,,,,,,,,,,,,,,,,,,,,,,,,,,,,,,,,,,,,,,,,,,,,,,,,,,,,,,,,,,,,,,,,,,,,,,,,,,,,,,,,,,,,,,,,,,,,,,,,,,,,,,,,,,,,,,,,,,,,,,,,,,,,,,,,,,,,,,,,,,,,,,,,,,,,,,,,,,,,,,,,,,,,,,,,,,,,,,,,,,,,,,,,,,,,,,,,,,,,,,,,,,,,,,,,,,,,,,,,,,,,,,,,,,,,,,,,,,,,,,,,,,,,,,,,,,,,,,,,,,,,,,,,,,,,,,,,,,,,,,,,,,,,,,,,,,,,,,,,,,,,,,,,,,,
"unknown 1, nicotiana? Pic",,,,,,,,,,,,,,,,,,,,,,,,,,,,,,,,,,,,,,,,,,,,,,,,,,,,,,,,,,,,,,,,,,,,,,,,,,,,,,,,,,,,,,,,,,,,,,,,,,,,,,,,,,,,,,,,,,,,,,,,,,,,,,,,,,,,,,,,,,,,,,,,,,,x,,,,,,,,,,,,,,,,,,,,,,,,,,,,,,,,,,,,,,,,,,,,,,,,,,,,,,,,,,,,,,,,,,,,,,,,,,,,,,,,,,,,,,,,,,,,,,,,,,,,,,,,,,,,,,,,,,,,,,,,,,,,,,,,,,,,,,,,,,,,,,,,,,,,,,,,,,,,,,,,,,,,,,,,,,,,,,,,,,,,,,,,,,,,,,,,,,,,,,,,,,,,,,,,,,,,,,,,,,,,,,,,,,,,,,,,,,,,,,,,,,,,,,,,,,,,,,,,,,,,,,,,,,,,,,,,,,,,,,,,,,,,,,
"unknown 3, grass, glumes papery",,,,,,,,,,,,,,,,,,,,,,,,,,,,,,,,,,,,,,,,,,,,,,,,,,,,,,,,,,,,,,,,,,,,,,,,,,,,,,,,,,,,,,,,,,,,,,,,,,,,,,,,,,,,,,,,,,,,,,,,,,,,,,,,,,,,,,,,,,,,,,,,,,,,,x,,,,,x,,x,x,x,,,,,,,,,,,,,,,,,,,,,,,,,,,,,,,,,,,,,,,,,,,,,,,,,,,,,,,,,,,,,,,,,,,,,,,,,,,,,,,,,,,,,,,,,,,,,,,,,,,,,,,,,,,,,,,,,,,,,,,,,,,,,,,,,,,,,,,,,,,,,,,,,,,,,,,,,,,,,,,,,,,,,,,,,,,,,,,,,,,,,,,,,,,,,,,,,,,,,,,,,,,,,,,,,,,,,,,,,,,,,,,,,,,,,,,,,,,,,,,,,,,,,,,,,,,,,,,,,,,,,,,,,,,,,,,,,,,
unknown big stick,,,,,,,,,,,,,,,,,,,,,,,,,,,,,,,,,,,,,,,,,,,,,,,,,,,,,,,,,,,,,,,,,,,,,,,,,,,,,,,,,,,,,,,,,,,,,,,,,,,,,,,,,,,,,,,,,,,,,,,,,,,,,,,,,,,,,,,,,,,,,,,,,,,,,,,,,,,,,,,,,,,,,,,,,,,,,,,,,,,,,,,,,,,,,,,,,,,,,,x,,,,,,,,,,,,,,,,,,,,,,,,,,,,,,,,,,,,,,,,,,,,,,,,,,,,,,,,,,,,,,,,,,,,,,,,,,,,,,,,,,,,,,,,,,,,,,,,,,,,,,,,,,,,,,,,,,,,,,,,,,,,,,,,,,,,,,,,,,,,,,,,,,,,,,,,,,,,,,,,,,,,,,,,,,,,,,,,,,,,,,,,,,,,,,,,,,,,,,,,,,,,,,,,,,,,,,,,,,,,,,,,,,,,,,,,,,,
unknown cotyledon,,,,,,,,,,,,,,,,,,,,,,,,,,,,,,,,,,,,,,,,,,,,,,,,,,,,,,,,,,,,,,,,,,,,,,,,,,,,,,,,,,,,,,,,,,,,,,,,,,,,,,,,,,,,,,,,,,,,,,,,,,,,,,,,,,,,,,,,,,,,,,,,,,,,,,,,,,,,,,,,,,,,,,,,,,,,,,,,,,,,,,,,,,,,,,,,,,,,,,,,,,,,,,,,,,,,,,,,,,,,,,,,,,,,,,,,,,,,,,,,x,x,,,,,,,x,x,,,,,,,,,,,,,,,,,,,,,,,,,,,,,,,,,,,,,,,,,,,,,,,,,,,,,,,,,,,,,,,,,,,,,,,,,,,,,,,,,,,,,,,,,,,,,,,,,,,,,,,,,,,,,,,,,,,,,,,,,,,,,,,,,,,,,,,,,,,,,,,,,,,,,,,,,,,,,,,,,,,,,,,,,,,,,,,,,,,,,,,,
unknown linear leaf asterd,,#REF!,,,,,,,,,,,,,,,,,,,,,,,,,,,,,,,,,,,,,,,,,,,,,,,,,,,,,,,,,,,,,,,,,,,,,,,,,,,,,,,,,,,,,,,,,,,,,,,,,,,,,,,,,,,,,,,,,,,,,,,,,,,,,,,,,,,,,,,,,,,,,,,,,,,,,,,,,,,,,,,,,,,,,,,,,,,,,,,,,,,,,,,,,,,,,,,,,,,,,,,,,,,,,,,,,,,,,,,,,,,,,,,,,,,,,,,,,,,,,,,,,,,,,,,,,,x,,,,,,,,,,,,,,,,,,,,,,,,,,,,,,,,,,,,,,,,,,,,,,,,,,,,,,,,,,,,,,,,,,,,,,,,,,,,,,,,,,,,,,,,,,,,,,,,,,,,,,,,,,,,,,,,,,,,,,,,,,,,,,,,,,,,,,,,,,,,,,,,,,,,,,,,,,,,,,,,,,,,,,,,,,,,,,,,,,,,,
unknown milky aster,,#REF!,,,,,,,,,,,,,,,,,,,,,,,,,,,,,,,,,,,,,,,,,,,,,,,,,,,,,,,,,,,,,,,,,,,,,,,,,,,,,,,,,,,,,,,,,,,,,,,,,,,,,,,,,,,,,,,,,,,,,,,,,,,,,,,,,,,,,,,,,,,,,,,,,,,,,,,,,,,,,,,,,,,,,,,,,,,,,,,,,,,,,,,,,,,,,,,,,,,,,,,,,,,,,,,,,,,,,,,,,,,,,,,,,,,,,,,,,,,,,,,,x,,,,,,,,,,,,,,,,,,,,,,,,,,,,,,,,,,,,,,,,,,,,,,,,,,,,,,,,,,,,,,,,,,,,,,,,,,,,,,,,,,,,,,,,,,,,,,,,,,,,,,,,,,,,,,,,,,,,,,,,,,,,,,,,,,,,,,,,,,,,,,,,,,,,,,,,,,,,,,,,,,,,,,,,,,,,,,,,,,,,,,,,,,,,,,,
unknown pods,,,,,,,,,,,,,,,,,,,,,,,,,,,,,,,,,,,,,,,,,,,,,,,,,,,,,,,,,,,,,,,,,,,,,,,,,,,,,,,,,,,,,,,,,,,,,,,,,,,,,,,,,,,,,,,,,,,,,,,,,,,,,,,,,,,,,,,,,,,,,,,,,,,,,,,,,,,,,,,,,,,,,,,,,,,,,,,,,,,,,,,,,,,,,,x,,,,,,,,,,,,,,,,,,,,,,,,,,,,,,,,,,,,,,,,,,,,,,,,,,,,,,,,,,,,,,,,,,,,,,,,,,,,,,,,,,,,,,,,,,,,,,,,,,,,,,,,,,,,,,,,,,,,,,,,,,,,,,,,,,,,,,,,,,,,,,,,,,,,,,,,,,,,,,,,,,,,,,,,,,,,,,,,,,,,,,,,,,,,,,,,,,,,,,,,,,,,,,,,,,,,,,,,,,,,,,,,,,,,,,,,,,,,,,,,,,,
unknown prostrate thistle,,,,,,,,,,,,,,,,,,,,,,,,,,,,,,,,,,,,,,,,,,,,,,,,,,,,,,,,,,,,,,,,,,,,,,,,,,,,,,,,,,,,,,,,,,,,,,,,,,,,,,,,,,,,,,,,,,,,,,,,,,,,,,,,,,,,,,,,,,,,,,,,,,,,,,,,,,,,,,,,,,,,,,,,,,,,,,,,,,,,,,,,,,,,,,,,,,,,,x,x,,,,,,,x,,,,,,x,,,,,,,,,,,,,,,,,,,,,,,,,,,,,,,,,,,,,,,,,,,,,,,,,,,,,,,,,,,,,,,,,,,,,,,,,,,x,,,x,,,,,,,,,,,,,,,,,,,,,,,,,,,,,,,,,,,,,,,,,,,,,,,,,,,,,,,,,,,,,,,,,,,,,,,,,,,,,,,,,,,,,,,,,,,,,,,,,,,,,,,,,,,,,,,,,,,,,,,,,,,,,,,,,,,,,,,,,,,,,,,,
,,,,,,,,,,,,,,,,,,,,,,,,,,,,,,,,,,,,,,,,,,,,,,,,,,,,,,,,,,,,,,,,,,,,,,,,,,,,,,,,,,,,,,,,,,,,,,,,,,,,,,,,,,,,,,,,,,,,,,,,,,,,,,,,,,,,,,,,,,,,,,,,,,,,,,,,,,,,,,,,,,,,,,,,,,,,,,,,,,,,,,,,,,,,,,,,,,,,,,,,,,,,,,,,,,,,,,,,,,,,,,,,,,,,,,,,,,,,,,,,,,,,,,,,,,,,,,,,,,,,,,,,,,,,,,,,,,,,,,,,,,,,,,,,,,,,,,,,,,,,,,,,,,,,,,,,,,,,,,,,,,,,,,,,,,,,,,,,,,,,,,,,,,,,,,,,,,,,,,,,,,,,,,,,,,,,,,,,,,,,,,,,,,,,,,,,,,,,,,,,,,,,,,,,,,,,,,,,,,,,,,,,,,,,,,,,,
,,,,,,,,,,,,,,,,,,,,,,,,,,,,,,,,,,,,,,,,,,,,,,,,,,,,,,,,,,,,,,,,,,,,,,,,,,,,,,,,,,,,,,,,,,,,,,,,,,,,,,,,,,,,,,,,,,,,,,,,,,,,,,,,,,,,,,,,,,,,,,,,,,,,,,,,,,,,,,,,,,,,,,,,,,,,,,,,,,,,,,,,,,,,,,,,,,,,,,,,,,,,,,,,,,,,,,,,,,,,,,,,,,,,,,,,,,,,,,,,,,,,,,,,,,,,,,,,,,,,,,,,,,,,,,,,,,,,,,,,,,,,,,,,,,,,,,,,,,,,,,,,,,,,,,,,,,,,,,,,,,,,,,,,,,,,,,,,,,,,,,,,,,,,,,,,,,,,,,,,,,,,,,,,,,,,,,,,,,,,,,,,,,,,,,,,,,,,,,,,,,,,,,,,,,,,,,,,,,,,,,,,,,,,,,,,,
,,,,,,,,,,,,,,,,,,,,,,,,,,,,,,,,,,,,,,,,,,,,,,,,,,,,,,,,,,,,,,,,,,,,,,,,,,,,,,,,,,,,,,,,,,,,,,,,,,,,,,,,,,,,,,,,,,,,,,,,,,,,,,,,,,,,,,,,,,,,,,,,,,,,,,,,,,,,,,,,,,,,,,,,,,,,,,,,,,,,,,,,,,,,,,,,,,,,,,,,,,,,,,,,,,,,,,,,,,,,,,,,,,,,,,,,,,,,,,,,,,,,,,,,,,,,,,,,,,,,,,,,,,,,,,,,,,,,,,,,,,,,,,,,,,,,,,,,,,,,,,,,,,,,,,,,,,,,,,,,,,,,,,,,,,,,,,,,,,,,,,,,,,,,,,,,,,,,,,,,,,,,,,,,,,,,,,,,,,,,,,,,,,,,,,,,,,,,,,,,,,,,,,,,,,,,,,,,,,,,,,,,,,,,,,,,,
,,,,,,,,,,,,,,,,,,,,,,,,,,,,,,,,,,,,,,,,,,,,,,,,,,,,,,,,,,,,,,,,,,,,,,,,,,,,,,,,,,,,,,,,,,,,,,,,,,,,,,,,,,,,,,,,,,,,,,,,,,,,,,,,,,,,,,,,,,,,,,,,,,,,,,,,,,,,,,,,,,,,,,,,,,,,,,,,,,,,,,,,,,,,,,,,,,,,,,,,,,,,,,,,,,,,,,,,,,,,,,,,,,,,,,,,,,,,,,,,,,,,,,,,,,,,,,,,,,,,,,,,,,,,,,,,,,,,,,,,,,,,,,,,,,,,,,,,,,,,,,,,,,,,,,,,,,,,,,,,,,,,,,,,,,,,,,,,,,,,,,,,,,,,,,,,,,,,,,,,,,,,,,,,,,,,,,,,,,,,,,,,,,,,,,,,,,,,,,,,,,,,,,,,,,,,,,,,,,,,,,,,,,,,,,,,,
,,,,,,,,,,,,,,,,,,,,,,,,,,,,,,,,,,,,,,,,,,,,,,,,,,,,,,,,,,,,,,,,,,,,,,,,,,,,,,,,,,,,,,,,,,,,,,,,,,,,,,,,,,,,,,,,,,,,,,,,,,,,,,,,,,,,,,,,,,,,,,,,,,,,,,,,,,,,,,,,,,,,,,,,,,,,,,,,,,,,,,,,,,,,,,,,,,,,,,,,,,,,,,,,,,,,,,,,,,,,,,,,,,,,,,,,,,,,,,,,,,,,,,,,,,,,,,,,,,,,,,,,,,,,,,,,,,,,,,,,,,,,,,,,,,,,,,,,,,,,,,,,,,,,,,,,,,,,,,,,,,,,,,,,,,,,,,,,,,,,,,,,,,,,,,,,,,,,,,,,,,,,,,,,,,,,,,,,,,,,,,,,,,,,,,,,,,,,,,,,,,,,,,,,,,,,,,,,,,,,,,,,,,,,,,,,,
,,,,,,,,,,,,,,,,,,,,,,,,,,,,,,,,,,,,,,,,,,,,,,,,,,,,,,,,,,,,,,,,,,,,,,,,,,,,,,,,,,,,,,,,,,,,,,,,,,,,,,,,,,,,,,,,,,,,,,,,,,,,,,,,,,,,,,,,,,,,,,,,,,,,,,,,,,,,,,,,,,,,,,,,,,,,,,,,,,,,,,,,,,,,,,,,,,,,,,,,,,,,,,,,,,,,,,,,,,,,,,,,,,,,,,,,,,,,,,,,,,,,,,,,,,,,,,,,,,,,,,,,,,,,,,,,,,,,,,,,,,,,,,,,,,,,,,,,,,,,,,,,,,,,,,,,,,,,,,,,,,,,,,,,,,,,,,,,,,,,,,,,,,,,,,,,,,,,,,,,,,,,,,,,,,,,,,,,,,,,,,,,,,,,,,,,,,,,,,,,,,,,,,,,,,,,,,,,,,,,,,,,,,,,,,,,,
,,,,,,,,,,,,,,,,,,,,,,,,,,,,,,,,,,,,,,,,,,,,,,,,,,,,,,,,,,,,,,,,,,,,,,,,,,,,,,,,,,,,,,,,,,,,,,,,,,,,,,,,,,,,,,,,,,,,,,,,,,,,,,,,,,,,,,,,,,,,,,,,,,,,,,,,,,,,,,,,,,,,,,,,,,,,,,,,,,,,,,,,,,,,,,,,,,,,,,,,,,,,,,,,,,,,,,,,,,,,,,,,,,,,,,,,,,,,,,,,,,,,,,,,,,,,,,,,,,,,,,,,,,,,,,,,,,,,,,,,,,,,,,,,,,,,,,,,,,,,,,,,,,,,,,,,,,,,,,,,,,,,,,,,,,,,,,,,,,,,,,,,,,,,,,,,,,,,,,,,,,,,,,,,,,,,,,,,,,,,,,,,,,,,,,,,,,,,,,,,,,,,,,,,,,,,,,,,,,,,,,,,,,,,,,,,,
,,,,,,,,,,,,,,,,,,,,,,,,,,,,,,,,,,,,,,,,,,,,,,,,,,,,,,,,,,,,,,,,,,,,,,,,,,,,,,,,,,,,,,,,,,,,,,,,,,,,,,,,,,,,,,,,,,,,,,,,,,,,,,,,,,,,,,,,,,,,,,,,,,,,,,,,,,,,,,,,,,,,,,,,,,,,,,,,,,,,,,,,,,,,,,,,,,,,,,,,,,,,,,,,,,,,,,,,,,,,,,,,,,,,,,,,,,,,,,,,,,,,,,,,,,,,,,,,,,,,,,,,,,,,,,,,,,,,,,,,,,,,,,,,,,,,,,,,,,,,,,,,,,,,,,,,,,,,,,,,,,,,,,,,,,,,,,,,,,,,,,,,,,,,,,,,,,,,,,,,,,,,,,,,,,,,,,,,,,,,,,,,,,,,,,,,,,,,,,,,,,,,,,,,,,,,,,,,,,,,,,,,,,,,,,,,,
,,,,,,,,,,,,,,,,,,,,,,,,,,,,,,,,,,,,,,,,,,,,,,,,,,,,,,,,,,,,,,,,,,,,,,,,,,,,,,,,,,,,,,,,,,,,,,,,,,,,,,,,,,,,,,,,,,,,,,,,,,,,,,,,,,,,,,,,,,,,,,,,,,,,,,,,,,,,,,,,,,,,,,,,,,,,,,,,,,,,,,,,,,,,,,,,,,,,,,,,,,,,,,,,,,,,,,,,,,,,,,,,,,,,,,,,,,,,,,,,,,,,,,,,,,,,,,,,,,,,,,,,,,,,,,,,,,,,,,,,,,,,,,,,,,,,,,,,,,,,,,,,,,,,,,,,,,,,,,,,,,,,,,,,,,,,,,,,,,,,,,,,,,,,,,,,,,,,,,,,,,,,,,,,,,,,,,,,,,,,,,,,,,,,,,,,,,,,,,,,,,,,,,,,,,,,,,,,,,,,,,,,,,,,,,,,,
,,,,,,,,,,,,,,,,,,,,,,,,,,,,,,,,,,,,,,,,,,,,,,,,,,,,,,,,,,,,,,,,,,,,,,,,,,,,,,,,,,,,,,,,,,,,,,,,,,,,,,,,,,,,,,,,,,,,,,,,,,,,,,,,,,,,,,,,,,,,,,,,,,,,,,,,,,,,,,,,,,,,,,,,,,,,,,,,,,,,,,,,,,,,,,,,,,,,,,,,,,,,,,,,,,,,,,,,,,,,,,,,,,,,,,,,,,,,,,,,,,,,,,,,,,,,,,,,,,,,,,,,,,,,,,,,,,,,,,,,,,,,,,,,,,,,,,,,,,,,,,,,,,,,,,,,,,,,,,,,,,,,,,,,,,,,,,,,,,,,,,,,,,,,,,,,,,,,,,,,,,,,,,,,,,,,,,,,,,,,,,,,,,,,,,,,,,,,,,,,,,,,,,,,,,,,,,,,,,,,,,,,,,,,,,,,,
,,,,,,,,,,,,,,,,,,,,,,,,,,,,,,,,,,,,,,,,,,,,,,,,,,,,,,,,,,,,,,,,,,,,,,,,,,,,,,,,,,,,,,,,,,,,,,,,,,,,,,,,,,,,,,,,,,,,,,,,,,,,,,,,,,,,,,,,,,,,,,,,,,,,,,,,,,,,,,,,,,,,,,,,,,,,,,,,,,,,,,,,,,,,,,,,,,,,,,,,,,,,,,,,,,,,,,,,,,,,,,,,,,,,,,,,,,,,,,,,,,,,,,,,,,,,,,,,,,,,,,,,,,,,,,,,,,,,,,,,,,,,,,,,,,,,,,,,,,,,,,,,,,,,,,,,,,,,,,,,,,,,,,,,,,,,,,,,,,,,,,,,,,,,,,,,,,,,,,,,,,,,,,,,,,,,,,,,,,,,,,,,,,,,,,,,,,,,,,,,,,,,,,,,,,,,,,,,,,,,,,,,,,,,,,,,,
,,,,,,,,,,,,,,,,,,,,,,,,,,,,,,,,,,,,,,,,,,,,,,,,,,,,,,,,,,,,,,,,,,,,,,,,,,,,,,,,,,,,,,,,,,,,,,,,,,,,,,,,,,,,,,,,,,,,,,,,,,,,,,,,,,,,,,,,,,,,,,,,,,,,,,,,,,,,,,,,,,,,,,,,,,,,,,,,,,,,,,,,,,,,,,,,,,,,,,,,,,,,,,,,,,,,,,,,,,,,,,,,,,,,,,,,,,,,,,,,,,,,,,,,,,,,,,,,,,,,,,,,,,,,,,,,,,,,,,,,,,,,,,,,,,,,,,,,,,,,,,,,,,,,,,,,,,,,,,,,,,,,,,,,,,,,,,,,,,,,,,,,,,,,,,,,,,,,,,,,,,,,,,,,,,,,,,,,,,,,,,,,,,,,,,,,,,,,,,,,,,,,,,,,,,,,,,,,,,,,,,,,,,,,,,,,,
