plot,survey number,fulltreat,season,raking,tamping,seed treatment,Acmispon glaber,Acmispon maritimus var. maritimus,Artemisia californica,Astragulus sp.,Avena fatua,Brassica nigra,Brickellia californica,Bromus diandrus,Bromus hordeacous,Bromus madritensis ssp. rubens,Bromus tectorum,Calystegia macrostegia ssp. intermedia,Carduus pycnocephalus spp. pycnocephalus,Centaurea melitensis,Chenopodium berlandieri,Chenopodium californicum,Clarkia ung,Claytonia parviflora,Claytonia perfoliata,Corethrogyne filaginifolia,Croton setiger,Cryptantha sp.,Datura wrightii,Deinandra fasciculata,Dichelostemma capitatum ssp. capitatum,Emmenanthe penduliflora var. penduliflora,Encelia californica,Eremothera boothii var. decorticans,Erigeron bonariensis,Erigeron canadensis,Eriogonum fasciculatum var. foliolosum,Eriophyllum confertiflorum var. confertiflorum,Erodium botrys,Erodium cicutarium,Eucrypta chrysanthemifolia var. chrysanthemifolia,Eulobus californicus,Festuca myuros,Galium angustifolium var.angustifolium,Helianthus annus,Hirschfeldia incana,Hordeum murinum,Hypochaeris glabra,Isocoma menziesii,Lactuca sp. (vegetative),Lupinus hirsutissimus,Lupinus succulentus,Lysimachia arvensis,Malacothamnus fasciculatus,Malacothrix saxatilis var. tenuifolia,Malva parvilfora,Mara macrocarpa,Marrubium vulgare,Medicago polymorpha,Nicotiana glauca,Phacelia minor,Phacelia tanacetifolia,Pseudognaphalium californicum,Ribes aureum,Salsola australis,Salvia columbariae,Salvia mellifera,Sambucus nigra ssp. caerulea,Schismus barbatus,Senecio vulgaris ,Silybum marianum,Sonchus oleraeus,Stipa lepida,Stipa pulchra,Trifolium sp.,Phacelia big leaf,phacelia lace leaf,round bubbly AS4/5,minty salvia,unk fuzzy heart leaf,buckwheat look alike,phacerlia sp.,unk cheese weed like,haley pic 7,unk square leaf,unk fuzzy stem,unk fuzzy stem,unk spiny and fuzzy,unk ale pic 1 4/8,unk stabby big leaf,unk linear fuzzy,unk bubbly leaf,unk fuzzy,unk 2,unk prostrate,coteylodons,unk linear leaf aster
,,,,,,,n,n,n,n,nn,nn,n,nn,nn,nn,nn,n,nn,nn,n,n,,n,n,n,n,n,n,n,n,n,n,n,nn,nn,n,n,nn,nn,n,n,nn,n,n,nn,nn,nn,n,nn,n,n,nn,n,n,nn,,nn,nn,nn,n,n,n,n,nn,n,n,n,nn,n,nn,nn,n,n,,n,n,,,,,,,,,,,,,,,,,,,,
1,1,Jan_R_T_NPt,Jan,r,t,npt,,,,,,10,,5,,1,,,,,,,,,,,,,,48,,,,,,,,,,,1,,,,,,,,2,,,1,1,,,,,,,,,,,3,,,,,,,20,,,,,,,,,,,,,,,,,,,,,,,,,,
2,1,Jan_R_T_Pt,Jan,r,t,pt,,,,,,1,,2,,,,,,,,,,,,,,,,1,,2,1,,,,1,,,,1,,,,,,,,,,,,,,,,,,,,,1,,,,,,,,,,,,,,,,,,,,,,,,,,,,,,,,,,,
3,1,Nov_R_NT_NPt,Nov,r,nt,npt,,,,,,2,,,,,,,,,,,,,,,,,,15,,,1,,,,,1,,,,,30,,,,,1,1,1,,,7,,,,,,,,,,,,,2,,,,1,3,,,,,,,,,,,,,,,,,,,,,,,,,,
4,1,Jan_R_NT_Pt,Jan,r,nt,pt,1,,,,5,5,,3,,15,,,,,,,,,,,,,,15,,,,,,,,,,,,,,,,,,,1,,,,25,,,,,,,,,,,,,,,,,,,,,,,,,,,,,,,,,,,,,,,,,,,,
5,1,Nov_R_NT_Pt,Nov,r,nt,pt,,1,,,,7,,,,,,,,3,,,,,,,,,,35,,,1,,,,,,,,,1,15,,,,,,,7,,10,10,,,,,,,,1,1,,,,,,,,,5,,,,,,,,,,,,,,,,,,,,,,,,,,
6,1,Nov_R_NT_Pt,Nov,r,nt,pt,,1,,,,2,,,,,,,,,,,,1,,,,,,30,,,1,,,,,,,,,2,25,,,,,,10,,,1,3,,1,,,,,,,5,,,,,,,,,,,,,,,,,,,,,,,,,,,,,,,,,,,
7,1,Nov_R_T_Pt,Nov,r,t,pt,,2,,,,5,,,,,,,,,,,,,,,,,,35,,3,1,,,,,,,,,,25,,,,,,,1,,1,10,,,,,,,,,1,,,,1,,,,,2,,,,,,,,,,,,,,,,3,,,,,,,,,,
8,1,Nov_R_NT_NPt,Nov,r,nt,npt,,,,,,3,,,,,,,,,,,,,,,,,,10,,,,,,,,,,,,,40,,,,,,5,,,1,20,,,,,,5,,,,,,,1,,,,,3,,,,,,,,,,,,,,,5,,,,,,,,,,,
9,1,Jan_R_NT_Pt,Jan,r,nt,pt,,,,,,,,,,,,,,1,,,,,,,,,,2,,,1,,,,,,,,,,,,1,,,,,,,,5,,,,,,,,,,,,,,1,,,,,,,,,,,,,,,5,,,,,,,,,,,,,,,
10,1,Nov_R_NT_Pt,Nov,r,nt,pt,,1,,,,5,,,,,,,,,,,,1,,,,,,50,,,,,,,,,,,,1,5,,,1,,1,,,,,15,,,,,,,,,1,,,,1,,,,,5,,,,,,,,,,,,,,,10,,,,,,,,,,,
11,1,Jan_R_T_Pt,Jan,r,t,pt,,,,,,,,,,,,,,2,,,,,,,,,,3,,,,,,,1,,,,,,,,1,1,,,,,,,7,,,,,,,,,1,,,,,,1,,,,,,,,,,,,,,,,,,,,,,,,,,,,,
12,1,Con,c,c,c,c,,,,,,,,,,,,,,,,,,,,,,,,,,,,,,,,,,,,,,,,,,,,,,,,,,,,,,,,,,,,,,,,,,,,,,,,,,,,,,,,,,,,,,,,,,,
13,1,Nov_R_T_NPt,Nov,r,t,npt,,,,,,,,1,,1,,,,1,,,,,,,,,,,2,,,,,,,,,,,,,,,,,,45,,,,5,,,,,,,,,,,,,4,,,,,,,,,,,,,,,,,,,,,,,,,1,,,,,,
14,1,Jan_R_T_NPt,Jan,r,t,npt,,,,,,,,,,,,,,,,,,,,,,,,,2,,,,,,3,,,,,3,,,,,,,,,,,3,,,,,,,,,,,,,,,,,,,,,,,3,1,,,,,,,,,,,,,,,,,,,,
15,1,Jan_R_T_Pt,Jan,r,t,pt,,,,,,,,5,,,,,,,,,,,,,,,,,,,,,,,,,,,,,,,,,,,80,,,,,,,,,,,,,,,,,,,,,,,,,,,,,,,,,,,,,,,,,,,,,,,,
16,1,Nov_R_T_Pt,Nov,r,t,pt,,,,,,10,,,,,,,,,,,,,,,,,,5,,,,,,,,,,,2,7,,,,,,,,4,,15,,,,,,,,,,,,,,,,,,,,,,,,3,10,,,,,,,,,,,,,,,,,,,,
17,1,Jan_R_T_Pt,Jan,r,t,pt,,,,,3,,,2,,,,,,,,,,,,,,,,,,,,,,,,,,,,,,,1,,,1,,,,,3,,,,,,,,,,,,,,,,,,,,,,,,,,,,,,,,,,,,,,,,,,,,
18,1,Jan_R_T_Pt,Jan,r,t,pt,,,,,2,,,,,,,,,,,,,,,,,,,3,,,,,,,,,,,,,,,,,,,,,,,2,,,,,,,,,,,,,,,,,,,,,,,,,,,,,,,,,,,,,,,,,,,,
19,1,Nov_R_NT_Pt,Nov,r,nt,pt,,,,,,5,,,,,,,,3,,,,5,,,,,,20,,,1,,,,,,,,5,,4,,,,,,,5,,5,,,,,,,,,,,,,,2,,,,,,,,,,3,5,,,,1,,,,5,,,,,,,,,,,,
20,1,Jan_R_T_NPt,Jan,r,t,npt,,,,,,,,2,,,,,2,,,,,,,,,,,3,,,,,,,,,,,,3,,,,,,,5,,,,2,,,,,,,,,,,,,,1,,,,,,,,,5,6,,,,,,,,,,,,,,,,,,,,
21,1,Jan_R_NT_Pt,Jan,r,nt,pt,,,,,,3,,7,,,,,,,,,,,,,,,,,,,,,,,,,,,,,,,1,,,,10,,,,1,,,,,,,,,,,,,1,,,,,,,,,,4,4,,,,,,,,,,,,,,,,,,,,
22,1,Nov_R_NT_NPt,Nov,r,nt,npt,,,,,,7,4,,,,,,,3,,,,,,,,,,15,,,,,,,,1,,,,,2,,,,,1,30,,,2,3,,,,,,,,,,,,,3,,,,,,,,,,,2,,,,,,,,,,,,,,,,,,,,
23,1,Jan_R_NT_NPt,Jan,r,nt,npt,,,,,,5,,10,,,,,,,,,,,,,,,,1,,,,,,,,2,,,,1,,,,,,,20,,,,,,,,,,,,,,,,,,,,,,,,,,,1,2,,,,1,,,,,,,,,,,,,,,,
24,1,Jan_R_NT_NPt,Jan,r,nt,npt,,,,,,,,4,,,,,,,,,,,,,,,,1,,,,,,,1,,,,,,,,1,,,1,,,,,6,,,,,,,,,,,,,1,,,,,,,,,,4,1,,,,1,,,,,,,,,,,,,,,,
25,1,Jan_R_NT_Pt,Jan,r,nt,pt,,,,,,,,3,,,,,,,,,,,,,,,,1,,,,,,,,,,,,,,,1,,,,,,,,,,,,,,,,,,,,,,,,,,,,,,,1,3,,1,,,,2,,,,,,,,,,,,,,
26,1,Nov_R_NT_NPt,Nov,r,nt,npt,,,,,,1,,,,,,,,,,,,,,,,,,25,4,,,,,,,,,,,1,3,,,,,,2,,,7,3,,,,,,,,,,,,,2,,,,,3,,,,,,4,,,,,,,,,,,,,,,,,,,,
27,1,Jan_R_NT_Pt,Jan,r,nt,pt,,,,,,,,,,,,,,2,,,,,,,,,,,,,,,,,,,,,,,,,,,,,2,,,,,,,,,,,,,,,,,,,,,,,,,,,3,3,,,,,,,,,,,,,,,,,,,,
28,1,Jan_R_NT_Pt,Jan,r,nt,pt,,2,,,,,,4,,12,,,,,,,,,,,,,,5,,,1,,,,,,,,,,,,,,,,,,,,,,,,,,,,,,,,,,,,,,,,,,,,,,,,,,,,,,,,,,,,,,,,
29,1,Jan_R_NT_NPt,Jan,r,nt,npt,,,,,,,,,,20,,,,,,,,,,,1,,,1,,,1,,,,1,,,,,,,,1,,,,,,,,2,,,,,,,,,,,,,5,1,,,,,,,,,,2,,,,,,,,,,,,,,,,,,,,
30,1,Nov_R_NT_Pt,Nov,r,nt,pt,,,,,,,,,,,,,,4,,,,,,,,,,6,,,1,,,,,,,,,,,,,,10,,,2,,20,,,,,,,,,,,,,,,,,,,,,,,,3,5,,,,,,,,,,,,,,,,,,,,
31,1,Nov_R_NT_NPt,Nov,r,nt,npt,,,,,,10,,,,,,,,,,,,,,,,,,7,,2,3,,,,,,,,4,,,,,,,,,,,15,,,,,,,,,,,,,,5,,,,,7,,,,,4,15,,,,,,,,,,,,,,,,,,,,
32,1,Jan_R_T_NPt,Jan,r,t,npt,,,,,2,,,4,,,,,,,,,,,,,,,,,,,,,,,,,,,,,,,,,,,,,,,,,,,,,,,,,,,,,1,1,,,,,,,,3,2,1,,,,,,,,,,,,,,,,,,,
33,1,Jan_R_T_Pt,Jan,r,t,pt,,,,,4,,,4,,,,,,,,,,,,,,,,3,,,,,,,2,,,,,,,,,,,,,,,,,,,,,,,,,,,,,,,,,,,,,,,,,,,,,,,,,,,,,,,,,,,,
34,1,Jan_R_NT_NPt,Jan,r,nt,npt,1,,,,,,,2,,,,,,,,,,,,,,,,1,,,,,,,,,,,,,,,,,,,,,,,,,,,,,,,,,,,,1,,,,,,,,,,4,1,,,,,,,,,,,,,,,,,,,,
35,1,Jan_R_T_Pt,Jan,r,t,pt,,,,,,,,3,,,,,,,,,,,,,,,,1,,,1,,,,,,,,,,,,,,,,2,,,,,,,,,,,,,,,,,,,,,,,,,,,,,,,,,,,,,,,,,,,,,,,,
36,1,Nov_R_T_Pt,Nov,r,t,pt,,,,,,,,,,,,,,,,,,5,,,,,,50,,,,,,,,,,,,2,3,,,,,1,,,,3,2,,,,,,,,,,,,,,,,,,,,,,,,7,,,,,,,,,,,,,,,,,,,,
37,1,Con,c,c,c,c,,,,,,,,3,,,,,,,,,,,,,,,,,,,,,,,,,,,,,,,,,,,,1,,,1,,,,,,,,,,,,,,,,,,,,,,,,,,,,,,,,,,,,,,,,,,,,
38,1,Nov_R_T_Pt,Nov,r,t,pt,,,,,,5,,,,,,,,,,15,,,,,,,,25,,,,,,,,,,,,,,,,5,,,5,,,6,,,,,,,,,,,,,,,,,,,15,,,,,3,5,,,,,,,,,,,,,,,,,,,,
39,1,Jan_R_NT_NPt,Jan,r,nt,npt,,,,,,,,3,,,,,,,,1,,,,,,,,3,,,,,,,,,,,,,,,,,,2,15,,,,,,,,,,,,,,,,,,,,,,,,,,,3,1,,1,,,,,,,,,,,,,,,,,,
40,1,Jan_R_T_NPt,Jan,r,t,npt,,,,,,,,1,,,,,,,,,,,,,,,,,,,,,,,,,,,,,,,,,,,1,,,,,,,,,,,,,,,,,4,,,1,,,,,,,4,5,,1,,,,,,,,,,,,,,,,,,
41,1,Nov_R_NT_NPt,Nov,r,nt,npt,,,,,,3,,,,,,,,5,,,,,,,,,,15,,,3,,,2,,3,5,,1,2,4,,2,,,1,15,1,,10,2,,,,,,,,,,,,,5,,,,,3,,,,,,5,,,,,,,,2,,,,,,,,,,,,
42,1,Nov_R_T_Pt,Nov,r,t,pt,,,,,,,,,,,,,,,,,,,,,,,,12,,,,,,,,,,,5,1,7,,,,,,3,,,12,5,,,,,,,,,,,,,,,,,,8,,,,,,7,,,,,,,,,,,3,,,,,,,,,
43,1,Jan_R_T_NPt,Jan,r,t,npt,,,,,,2,,4,,3,,,,,,,,,,,,,,,,,,,,,1,,,,,,,,,,,,,,,,,,,,,,,,,,,,,,,,,,,,,,,2,,,,,,,,,,,,,,,,,,,,,
44,1,Con,c,c,c,c,,,,,7,,,,,,,,,,,1,,,,,,,,,,,,,,,,,,,,,,,,,,,,,,,,,,,,,,,,,,,,,,,,,,,,,,,,,,,,,,,,,,,,,,1,,,,,
45,1,Nov_R_T_NPt,Nov,r,t,npt,,,,4,,5,,,,,,,,,,,,,,,,,,7,,,,,,,,,,,,,,,,,,,,,,50,,,,,,,,,,,,,,,,,,,3,,,,,,4,,,,,,,,,,,,,,,,,,,,
46,1,Jan_R_NT_NPt,Jan,r,nt,npt,,,,,,,,2,,,,,,,,,,,,,,,,,,,,,,,1,,,,,,,,,,,,,,,,,,,,,,,,,,,,,1,,,,,,,,,,2,5,,,,,,,,,,,,,,,,,,,,
47,1,Nov_R_T_Pt,Nov,r,t,pt,,,,,,,,,,,,,,,,5,,,,,,,,5,,,,,,,,,,,5,,,,,,,,,5,,20,,,,,,,,,,,,,,,,,,,20,,,,,,15,,,,,,,,,,,,5,,,,,,,,
48,1,Nov_R_NT_Pt,Nov,r,nt,pt,,,,,,1,,,,,,,,,,,,,,,,,,40,,,,,,,,,,,3,,1,,,,,,,2,,40,,,,,,,,,,,,,,1,,,,,,,,,,,5,,,,,,,,,,,,,,,,,,,,
49,1,Nov_R_T_NPt,Nov,r,t,npt,,,,,,6,,,,,,,,,,,,,5,,,,,35,,,,,,,,,,,,,,,,,,,,,,10,,,,,,,,,,,,,,5,,,,,5,,,,,,10,,,,,,,,,,,,,,,,,,,,
50,1,Jan_R_T_NPt,Jan,r,t,npt,,,,,,,,,,,,,,,,,,,,,,,,2,,,,,,,1,,,,1,,,,,,,,,,,,,,,,,,,,,,,,,,,,,,,,,,,,,,,,,,,,,,,,,,,,,,,,
51,1,Nov_R_T_Pt,Nov,r,t,pt,,2,,,,5,,,,,,,,,,,,10,,,,1,,10,,,3,,,,,,,,,3,2,,,,,,,,,7,,,,,,,,,,,,,,,,,,,10,,,,,1,5,,,,,,,,,,,,,,,,,,,,
52,1,Con,c,c,c,c,,,,,,,,,,,,,,,,1,,,,,,,,,,,,,,,,,,,,1,,,,,,,,,,,,,,,,,,,,,,,,,,,,,,,,,,,,,,,,,,,,,,,,,,,,,,,
53,1,Con,c,c,c,c,,,,,,,,5,,,,,,,,1,,,,,,,,,,,,,,,,,,,,,,,,,,,,,,,,,,,,,,,,,,,,,,,,,,,,,,,,,,,,,,,,,,,,,,,,,,,
54,1,Nov_R_T_NPt,Nov,r,t,npt,,,,,,,,,,,,,,2,,1,,,,,,,,30,,,,,,,,,,,,,,,,,,,,4,,,,,,,,,,,,,,,,1,,,,,4,,,,,,5,,,,,,,,,,,,,,,,,,,,
55,1,Jan_R_NT_NPt,Jan,r,nt,npt,,,,,,,,1,,,,,,,,,,,,,,,,,,,,,,,,,,,,,1,,1,,,,,,,,,,,,,,,,,,,,,,,,,,,,,,,5,2,,,,,,,,,,,,,,,,,,,,
56,1,Nov_R_T_NPt,Nov,r,t,npt,,1,,,,,,,,,,,,2,,,,,,,,,,15,,1,1,,,,,,,,2,2,,,,,,,2,3,,15,,,,,,,,,,,,,,5,,,,,,,,,,,10,,,,,,,,,,,,,,,,,,,,
57,1,Jan_R_NT_Pt,Jan,r,nt,pt,,,,,,,,3,,,,,,,,,,,,,,,,,,,,,,,,,,,,,,,2,,,,,,,,,,,,,,,,,,,,,,,,,,,,,,,2,2,,,,,,,,,,,,,,,,,,,,
58,1,Nov_R_NT_Pt,Nov,r,nt,pt,,2,,,,10,,,,,,,,1,,,,,4,,,,,5,,,1,,,,,,,,,1,1,,,,,,5,2,,25,,,,,,,,,,,,,,,,,,,5,,,,,5,25,,,,,,,,,,,,,,,,,,,,
59,1,Nov_R_NT_Pt,Nov,r,nt,pt,,2,,,,5,,,,,,,,5,,,,,,,,,,7,,,1,,,,,,,,,,,,2,,,,2,,,65,,,,,,,,,,,,,,,,,,,3,,,,,,5,,,,,,,,,,,,,,,,,,,,
60,1,Jan_R_NT_NPt,Jan,r,nt,npt,,,,,,,,5,,,,,,,,,,,,,,,,,,,,,,,2,,,,,,1,,,,,,,,,,,,,,,,,,,,,,,,,,,,,,,,,2,,,,,,,,,,,,,,,,,,,,,
61,1,Jan_R_NT_Pt,Jan,r,nt,pt,,,,,,,,,,,,,,,,,,,,,,,,,,,,,,,,,,,,,,,,,,,,,,,,,,,,,,,,,,,,,,,,,,,,,,,,,,,,,,,,,,,,,,,,,,,
62,1,Nov_R_NT_NPt,Nov,r,nt,npt,,,,,,10,,,,,,,,,,,,,,,,,,25,,,,2,,,,,,,5,,,,2,,,1,1,,,15,,,1,5,,,,,,20,,,,5,,,,,5,,,,,,,,,,,,,,,,,,,,,,,,,,
63,1,Jan_R_T_Pt,Jan,r,t,pt,,,,,,,,1,,,,,,,,,,,,,,,,1,,,,,,,,,,,,,,,,,,,,,,,,,,,,,,,,,,,,,,,,,,,,,,,1,,,,,,,,,,,,,,,,,,,,
64,1,Nov_R_T_NPt,Nov,r,t,npt,,,,,,1,,,,,,,,,,,,,,,,,,25,,2,,,,,,,,,7,,,,,,,,,5,,1,,,1,,,,,,,,,,,4,,,,,2,,,,,,15,,,,,,,,,,,,,,,,,,,,
65,1,Nov_R_NT_NPt,Nov,r,nt,npt,,,,,,2,,,,,,,,,,1,,,,,,,,25,,,,2,,,,,,,1,5,1,,,5,,,1,5,,,,,,,,,,,,20,,,,1,,,,,15,,,,,,,,,,,,,,,,,,,,,,,,,,
66,1,Con,c,c,c,c,,,,,,,,3,,,,,,,,,,,,,,,,,,,,,,,,,,,,,,,,,,,,,,,,,,,,,,,,,,,,,,,,,,,,,,,,,,,,,,,,,,,,,,,,,,,
67,1,Jan_R_T_NPt,Jan,r,t,npt,,,,,,,,10,,,,,,,,,,,,,,,,,,,,,,,,2,,,,,,,,,,1,,,,,,,,,,,,,,,,,,1,,,,,,,,,,2,2,,,,,,,,,,,,,,,,,,,,
68,1,Con,c,c,c,c,,,,,,,,2,,,,,,1,,,,,,,,,,,,,,,,,,,,,,,,,,,,,,,,,,,,,,,,,,,,,,,,,,,,,,,,,,,,,,,,,,,,,,,,,1,,,,
69,1,Nov_R_T_Pt,Nov,r,t,pt,,,,,,3,,3,,,,,,,,,,,,,,,,4,,,,,,,,,,,,,,,,,,,,,,85,,,,,,,,,,,,,,,,,,,,,,,,,5,,,,,,,,,,,,,,,,,,,,
70,1,Jan_R_NT_NPt,Jan,r,nt,npt,,,,,,,,5,,,,,,,,,,,,,,,,,,,,,,,,,,,,1,,,,,,,,,,,,,,,,,,,,,,,,,,,,,,,,,,,,,,,,,,,,,,,,,,,,,,,
71,1,Nov_R_NT_Pt,Nov,r,nt,pt,,2,,,,10,,,,,,,,,,,,,,,,,,5,,,,,,,,,,,,3,,,,,,,,2,,65,,,,,,,,,,,,,,,,,,,5,,,,,,3,,,,,,,,,,,,,,,,,,,,
72,1,Jan_R_NT_NPt,Jan,r,nt,npt,,,,,,,,2,,,,,,,,,,,,,,,,,,,,,,,2,,,,,,,,,,,,,,,,,,,,,,,,,,,,,,,,,,,,,,,5,,,,,,,,,,,,,,,,,,,,,
73,1,Nov_R_T_Pt,Nov,r,t,pt,,,,,,4,,75,,,,,,,,5,,,,,,,,3,,,,,,,,,,,4,,,,,,,,,,,,,,,,,,,,,,,,,,,,,,4,,,,,,3,,,,,,,,,,,,,,,,,,,,
74,1,Jan_R_NT_NPt,Jan,r,nt,npt,,,,,,,,1,,,,,,,,,,,,,,,,,,,,,,,,,,,,,,,4,,,1,,,,,,,,,,,,,,,,,,,,,,,,,,,,2,1,,,,,,,,,,,,,,,,,,,,
75,1,Jan_R_T_NPt,Jan,r,t,npt,,,,,,,,7,,,,,,,,,,,,,,,,2,,,,,,,,3,,,,,,,,,,,20,,,,,,,,,,,,,,,,,3,,,,,,,,,,10,2,,,,,,,,,,,,,,,,,,,,
76,1,Nov_R_NT_NPt,Nov,r,nt,npt,,,,,,,,,,,,,,,,,,,,,,,,50,,,,,,,,,,,10,1,1,,,5,,,,,,5,,,,5,,,,,,10,,,,5,1,,,1,2,,,,,,,,,,,,,,,,,,,,,,,,,,
77,1,Nov_R_NT_Pt,Nov,r,nt,pt,,,,,,10,,,,,,,,,,,,,,,,,,10,,,1,,,,,,,,3,,,,,,,,3,2,,5,,,,,,,,,,,,,,,,,,,,,,,,,,,,,,,,,,,,,,,,,,,,,
78,1,Nov_R_T_Pt,Nov,r,t,pt,,,,,,10,,,,,,,,,,,,,,,,,,7,,,,,,,,,,,3,,2,,,,,,,,,40,,,,,,,,,,,,,,,,,,,2,,,,,7,,,,,,,,,,,,,,,,,,,,,
79,1,Nov_R_T_Pt,Nov,r,t,pt,,,,,,7,,,,,,,,,,,,,,,,,,10,,,1,,,,,,,,,,,1,,,,,,2,,3,,,,,,,,,,,,,,,,,,,20,,,,,1,5,,,,,,,,,,,,,,,,,,,,
80,1,Nov_R_NT_Pt,Nov,r,nt,pt,,,,,,15,,,,,,,,,,,,,,,,,,5,,,,,,,,,,,,,,,,,,,,,,45,,,,,,,,,,,,,,,,,,,,,,,,,,,,,,,,,,,,,,,,,,,,,
81,1,Jan_R_T_NPt,Jan,r,t,npt,,,,,,,,1,,,5,,,,,,,,,,,,,3,,2,,,,,,,,,,,,,5,,,,,,,,,,,,,,,,,,,,,5,,,1,,,,,,,2,5,,,,,,,,,,,,,,,,,,,,
82,1,Jan_R_T_Pt,Jan,r,t,pt,,,,,,,,,,,,,,,,,,,,,,,,1,,,,,,,,,,,,,,,,,,,,,,,,,,,,,,,,,,,,,,,,,,,,,,2,,,,,,,,,,,,,,,,,,,,,
83,1,Con,c,c,c,c,,,,,,,,3,,,,,,,,,,,,,,,,,,,,,,,,,,,,,,,,,,,,,,,,,,,,,,,,,,,,,,,,,,,,,,,,,,,,,,,,,,,,,,,,,,,
84,1,Nov_R_NT_Pt,Nov,r,nt,pt,,1,,,,20,,,,,,,,,,,,,,,,,,2,,,,,,,,,,,,,,,,,,1,,,,5,,,,,,,,,,,,,,,,,,,,,,,,,,,,,,,,,,,,,,,,,,,,,
85,1,Jan_R_T_NPt,Jan,r,t,npt,,,,,,,,,,,15,,,,,,,,,,,,,,,,,,,,,,,,,,,,,,,,,,,,,,,,,,,,,,,,,,,,,,,,,,,2,,,,,,,,,,,,,,,,,,,,,
86,1,Con,c,c,c,c,,,,,,,,,,,,,,,,,,,,,,,,,,,,,,,,,,,,,,,,,,,,,,,,,,,,,,,,,,,,,,,,,,,,,,,,,,,,,,,,,,,,,,,,,,,
87,1,Jan_R_NT_Pt,Jan,r,nt,pt,,,,,,5,,5,,,,,,,,,,,,,,,,,,,,,,,,,,,,,,,3,,,,1,,,,,,,,,,,,,,,,,,,,,,,,,,,3,2,,,,,,,,,,,,,,,,,,,,
88,1,Jan_R_T_Pt,Jan,r,t,pt,,,,,,,,10,,,,,,,,1,,,,,,,,4,,,,,,,,,,,,,,,,,,,,,,,,,,,,,,,,,,,,,,,,,,,,,,,,,,,,,,,,,,,,,,,,,,,
89,1,Jan_R_T_Pt,Jan,r,t,pt,,,,,,,,,,,,,,,,,,,,,,,,,,,,,,,,,,,,,1,,,,,,,,1,,,,,,,,,,,,,,,,,,,,,,,,,1,1,,,,,,,,,,,,,,,,,,,,
90,1,Jan_R_NT_Pt,Jan,r,nt,pt,,,,,,,,,,,,,,,,,,,,,,,,,,,,,,,,,,3,1,,,,2,,,,,,,,,,,,,,,,,,,,,,,,,,,,,,,5,5,,,,,,,5,,,,,,,,,,,,,
91,1,Nov_R_T_NPt,Nov,r,t,npt,,,,,,15,,,,,,,,,,,,,,,,,,,,,,,,,,,,,15,,,,,,,,,1,,15,,,1,,,,,,,15,,,,2,,,,,10,,,,,,,,,,,,,,,,,,,,,,,,,,
92,1,Nov_R_T_Pt,Nov,r,t,pt,,,,,,7,,,,,,,,,,,,,,,,,,6,,,,,,,1,,,,,1,,,,,,,,,,7,,,,,,,,,,,,,,,,,,,7,,,,,1,7,,,,,,,,,,,,,,,,,,,,
93,1,Nov_R_T_NPt,Nov,r,t,npt,,,,,,5,,,,,,,,,,,,,,,,,,,,,,,,,,,,,10,,3,,,,,,,,,15,,,,,,,,,,10,,,,10,,,,,,,,,,,,,,,,,,,,,,,,15,,,,,,,
94,1,Nov_R_NT_NPt,Nov,r,nt,npt,,,,,,5,,,,,,,,,,,,,,,,,,,,,1,,,,,1,,,,3,1,,,1,,,,,,45,,,,,,,,,,15,,,,4,,,,,10,,,,,1,,,,,,,,,,,,,,,,,,,,,
95,1,Con,c,c,c,c,,,,,,,,2,,,,,,,,,,,,,,,,,,,,,,,,,,,,,,,,,,,,,,,,,,,,,,,,,,,,,,,,,,,,,,,,,,,,,,,,,,,,,,,,,,,
96,1,Jan_R_T_NPt,Jan,r,t,npt,,,,,,,,2,,,2,,,,,,,,,,,,,,,,,,,,1,,,,,1,,,,5,,,,,,,,,,,,,,,,,,,,,,,,,,,,,1,,2,,,,,,,,,,,,,,,,,,,,
97,1,Jan_R_T_NPt,Jan,r,t,npt,,,,,,,,,,,2,,,,,,,,,,,,,,,,,,,,,1,,,,,,,,,,,,,,,2,,,,,,,,,,,,,,,,,,,,,,,20,,,,,,,,,,,,,,,,,,,,,
98,1,Nov_R_T_NPt,Nov,r,t,npt,,,,,,15,,,,,,,,,,,,5,,,,,,5,,,,,,,,,,,15,,,,,,,,,2,,2,,,,,,,,,,,,,,5,,,,5,1,,,,,,7,,,,,,,,,,,,,,,,,,,,
99,1,Nov_R_T_NPt,Nov,r,t,npt,,,,,,30,,,,,,,,,,,,,,,,,,,,,,,,,,,,,10,,,,,,,,,5,,20,,,,,,,,,,,,,,5,,,,,2,,,,,,15,,,,,,,,,,,,,,,,,,,,
100,1,Con,c,c,c,c,,,,,,5,,2,,,,,,,,,,,,,,,,,,,,,,,,,,,2,,,,,,,,,,,,,,,,,,,,,,,,,,,,,,,,,,,,,,,,,,,,,,,,,,,,,,,,
101,1,Nov_R_T_Pt,Nov,r,t,pt,,,,,,7,,,,,,,,,,,,4,,,,,,25,,,,,,,,,,,3,,,,,,,,,,,4,,,,,,,,,,,,,,,,,,,7,,,,,,10,,,,,,,,,,,,,,,,,,,,
102,1,Jan_R_T_Pt,Jan,r,t,pt,,,,,,,,1,,,,,,,,,,,,,,,,2,,,,,,,1,,,,,,,,,,,,,,,,,,,,,,,,,,,,,1,,,,,,,,,,10,,,,,,,,,,,,,,,,,,,,,
103,1,Con,c,c,c,c,,,,,,,,5,,,,,,,,,,,,,,,,,,,,,,,,,,,,,,,,,,,,,,,,,,,,,,,,,,,,,,,,,,,,,,,,,,,,,,,,,,,,,,,,,,,
104,1,Nov_R_NT_NPt,Nov,r,nt,npt,,,,,,,,,,,,,,,,,,,,,,,,2,,,,,,,,,,,5,1,,,,60,,,,,,7,,,,,,,,,,15,,,,,,,,,2,,,,,,,,,,,,,,,,,,,,,,,,,,
105,1,Con,c,c,c,c,,,,,,45,,45,,,,,,,,,,,,,,,,,,,,,,,,,,1,,,,,,,,,,,,,,,,,,,,,,,,,,,,,,,5,,,,,,,,,,,,,,,,,,,,,,,,,,
106,1,Jan_R_NT_NPt,Jan,r,nt,npt,,,,,,,,15,,,,,,,,,,,,,,,,1,,,,,,,1,,,,,,1,,,,,,,,,,,,,,,,,,,,,,1,,,,,,,,,,,2,1,,,,,,,,,,,,,,,,,,,,
107,1,Nov_R_NT_Pt,Nov,r,nt,pt,,,,,,20,,,,,,,,,,,,7,,,,,,7,,,,,,,,,,,,5,,,,,,,,,,20,,,,,,,,,,,,,,3,,,,,,,,,,,,,,,,,,,,,,,,,,,,,,,
108,1,Jan_R_T_Pt,Jan,r,t,pt,,,,,,5,,,,,,,,,,,,,,,,,,1,,7,,,,,2,,,,,20,2,,,,,,,,,,,,,,,1,,,,,,,,,1,,,,,,,,,10,5,,,1,,,,,,,,,,,,,,,,,
109,1,Nov_R_NT_Pt,Nov,r,nt,pt,,,,,,,,,,,,,,,,,,,,,,,,,,,,,,,,,,,,,,,,,,,,,,,,,,,,,,,,,,,,,,,,,,,,,,,,,,,,,,,,,,,,,,,,,,,
110,1,Nov_R_NT_Pt,Nov,r,nt,pt,,,,,,,,,,,,,,,,,,,,,,,,,,,,,,,,,,,,,,,,,,,,,,,,,,,,,,,,,,,,,,,,,,,,,,,,,,,,,,,,,,,,,,,,,,,
111,1,Jan_R_T_Pt,Jan,r,t,pt,,,,,,,,,,,,,,,,,,,,,,,,,,,,,,,,,,,,,,,,,,,,,,,,,,,,,,,,,,,,,,,,,,,,,,,,,,,,,,,,,,,,,,,,,,,
112,1,Jan_R_NT_Pt,Jan,r,nt,pt,,,,,,,,,,,,,,,,,,,,,,,,,,,,,,,1,,,,,,,,,,,,,,,,,,,,,,,,,,,,,,,,,,,,,,,,,,,,,,,6,,,,,,,,,,,,,
113,1,Jan_R_NT_NPt,Jan,r,nt,npt,,,,,,,,2,,,,,,,,1,,,,,,,,,,,,,,,1,,,,,,,,,,,,,,,,,,,,,,,,,,,,,,,,,,,,,,,4,10,,,,,,,,,,,,,,,,,,,,
114,1,Jan_R_NT_Pt,Jan,r,nt,pt,,,,,,,,,,,,,,,,,,,,,,,,,,,,,,,1,,,,,,,,1,,,,5,,,,,,,,,,,,,,,,,,,,,,,,,,,,,,1,,,,,1,,,,,,,,,,,,,
115,1,Nov_R_T_NPt,Nov,r,t,npt,,,,,,5,,,,,,,,,,,,,,,,,,50,,,2,,,,,,,15,,,,,,,,,15,,,5,,,,,,,,,,,,,,1,,,,,,,,,1,,,,,,,,,,,,,,,,,,,,,,
116,1,Jan_R_T_Pt,Jan,r,t,pt,,,,,,,,,,,,,,,,,,,,,,,,,,,,,,,,,,,,,,,,,,,,,,,,,,,,,,,,,,,,,,,,,,,,,,,,,,,,,,,,,,,,,,,,,,,
117,1,Jan_R_NT_NPt,Jan,r,nt,npt,,,,,,,,,,,,,,,,,,,,,,,,,,,,,,,,,,,,,,,,,,,,,,,,,,,,,,,,,,,,,,,,,,,,,,,,,,,,,,,,,,,,,,,,,,,
118,1,Nov_R_NT_NPt,Nov,r,nt,npt,,,,,,70,,,,,,,,,,,,,,,,,,5,,,,,,,,,,,,,,,,,,,,,,5,,,1,,,,,,,1,,,,,,,,,10,,,,,,,,,,,,,,,,,,,,,,,,,,
119,1,Jan_R_NT_NPt,Jan,r,nt,npt,,,,,,,,,,,,,,,,,,,,,,,,,,,,,,,,,,,,,,,,,,,,,,,,,,,,,,,,,,,,,,,,,,,,,,,,,,,,,,,,,,,,,,,,,,,
120,1,Jan_R_NT_Pt,Jan,r,nt,pt,,,,,,,,,,,,,,,,,,,,,,,,,,,,,,,,,,,,,,,5,,,,,,,,,,,,,1,,,,,,,,,,1,,,,,,,,,,,1,,,,,5,,,,,,,,,,,,,
121,1,Nov_R_T_Pt,Nov,r,t,pt,,,,,,,,,,,,,,,,,,,,,,,,,,,,,,,,,,,,,,,,,,,,,,,,,,,,,,,,,,,,,,,,,,,,,,,,,,,,,,,,,,,,,,,,,,,
122,1,Nov_R_T_NPt,Nov,r,t,npt,,,,,,60,,,,,,,,,,,,2,,,,,,5,,,,,,,,,,,2,,,,,,,,,,,,,,1,,,,,,,,,,,3,,,,,,,,,,,,,,,,,,,,,,,,,,,,,,,
123,1,Jan_R_T_NPt,Jan,r,t,npt,,,,,,,,,,,,,,,,,,,,,,,,,,,,,,,,,,,,,,,,,,,,,,,,,,,,,,,,,,,,,,,,,,,,,,,,,,,,,,,,,,,,,,,,,,,
124,1,Con,c,c,c,c,,,,,,,,,,,,,,,,,,,,,,,,,,,,,,,,,,,,,,,,,,,,,,,,,,,,,,,,,,,,,,,,,,,,,,,,,,,,,,,,,,,,,,,,,,,
125,1,Nov_R_T_Pt,Nov,r,t,pt,,,,,,,,,,,,,,,,,,,,,,,,,,,,,,,,,,,,,,,,,,,,,,,,,,,,,,,,,,,,,,,,,,,,,,,,,,,,,,,,,,,,,,,,,,,
126,1,Con,c,c,c,c,,,,,,,,,,,,,,,,,,,,,,,,,,,,,,,,,,,,,,,,,,,,,,,,,,,,,,,,,,,,,,,,,,,,,,,,,,,,,,,,,,,,,,,,,,,
127,1,Jan_R_T_NPt,Jan,r,t,npt,,,,,,,,,,,,,,,,,,,,,,,,,,,,,,,,,,,,,,,,,,,,,,,,,,,,,,,,,,,,,,,,,,,,,,,,,,,,,,,,,,,,,,,,,,,
128,1,Nov_R_NT_NPt,Nov,r,nt,npt,,1,,,,45,,,,,,,,,,,,,,,,,,10,,,,,,,,,,,3,1,,,,,,,10,1,,5,,,1,,,,,,,,,,,2,,,,,15,,,,,,,,,,,,,,,,,,,,,,,,,,
129,1,Nov_R_T_Pt,Nov,r,t,pt,,,,,,,,,,,,,,,,,,,,,,,,,,,,,,,,,,,,,,,,,,,,,,,,,,,,,,,,,,,,,,,,,,,,,,,,,,,,,,,,,,,,,,,,,,,
130,1,Nov_R_T_NPt,Nov,r,t,npt,,,,,,70,,2,,,,,,,,,,,,,,,,,,,,,,,,,,,2,,,,,,,,,,,,,,,,,,,,,,,,,,,,,,5,,,,,,,1,,,,,,,,,,,,,,,,,,,
131,1,Jan_R_NT_NPt,Jan,r,nt,npt,,,,,,,,,,,,,,,,,,,,,,,,,,,,,,,,,,,,,,,,,,,,,,,,,,,,,,,,,,,,,,,,,,,,,,,,,,,,,,,,,,,,,,,,,,,
132,1,Nov_R_T_NPt,Nov,r,t,npt,,,,,,,,,,,,,,,,,,,,,,,,,,,,,,,,,,,,,,,,,,,,,,,,,,,,,,,,,,,,,,,,,,,,,,,,,,,,,,,,,,,,,,,,,,,
133,1,Nov_R_NT_Pt,Nov,r,nt,pt,,,,,,,,,,,,,,,,,,,,,,,,,,,,,,,,,,,,,,,,,,,,,,,,,,,,,,,,,,,,,,,,,,,,,,,,,,,,,,,,,,,,,,,,,,,
134,1,Nov_R_NT_NPt,Nov,r,nt,npt,,,,,,,,,,,,,,,,,,,,,,,,,,,,,,,,,,,,,,,,,,,,,,,,,,,,,,,,,,,,,,,,,,,,,,,,,,,,,,,,,,,,,,,,,,,
135,1,Con,c,c,c,c,,,,,,,,,,,,,,,,,,,,,,,,,,,,,,,,,,,,,,,,,,,,,,,,,,,,,,,,,,,,,,,,,,,,,,,,,,,,,,,,,,,,,,,,,,,
136,1,Jan_R_NT_Pt,Jan,r,nt,pt,,,,,,,,,,,,,,,,,,,,,,,,,,,,,,,,,,,,,,,,,,,10,,,,,,,,,,,,,,,,,,,,,,,,,,,,,,,,,,,,,,,,,,,,,,,,
137,1,Nov_R_NT_NPt,Nov,r,nt,npt,,,,,,,,,,,,,,,,,,,,,,,,,,,,,,,,,,,,,,,,,,,,,,,,,,,,,,,,,,,,,,,,,,,,,,,,,,,,,,,,,,,,,,,,,,,
138,1,Nov_R_T_NPt,Nov,r,t,npt,,,,,,,,,,,,,,,,,,,,,,,,,,,,,,,,,,,,,,,,,,,,,,,,,,,,,,,,,,,,,,,,,,,,,,,,,,,,,,,,,,,,,,,,,,,
139,1,Jan_R_NT_Pt,Jan,r,nt,pt,,,,,,,,,,,,,,,,,,,,,,,,,,,,,,,,,,,,,,,,,,,,,,,,,,,,,,,,,,,,,,,,,,,,,,,,,,,,,,,,,,,,,,,,,,,
140,1,Jan_R_NT_Pt,Jan,r,nt,pt,,,,,,,,,,,,,,,,,,,,,,,,,,,,,,,,,,,,,,,,,,,,,,,,,,,,,,,,,,,,,,,,,,,,,,,,,,,,,,,,,,,,,,,,,,,
141,1,Nov_R_NT_NPt,Nov,r,nt,npt,,,,,,,,,,,,,,,,,,,,,,,,,,,,,,,,,,,,,,,,,,,,,,,,,,,,,,,,,,,,,,,,,,,,,,,,,,,,,,,,,,,,,,,,,,,
142,1,Jan_R_T_NPt,Jan,r,t,npt,,,,,,,,,,,,,,,,,,,,,,,,,,,,,,,,,,,,,,,,,,,,,,,,,,,,,,,,,,,,,,,,,,,,,,,,,,,,,,,,,,,,,,,,,,,
143,1,Jan_R_T_Pt,Jan,r,t,pt,,,,,,,,,,,,,,,,,,,,,,,,,,,,,,,,,,,,,,,,,,,,,,,,,,,,,,,,,,,,,,,,,,,,,,,,,,,,,,,,,,,,,,,,,,,
144,1,Nov_R_T_NPt,Nov,r,t,npt,,,,,,,,,,,,,,,,,,,,,,,,,,,,,,,,,,,,,,,,,,,,,,,,,,,,,,,,,,,,,,,,,,,,,,,,,,,,,,,,,,,,,,,,,,,
1,2,Jan_R_T_NPt,Jan,r,t,npt,,,,,,,,,,,,,,,,,,,,,,,,60,,,,,,,,,,,,,,,1,30,,,,,,,,,,,,,,,,,,,,,,,,,1,,,,,,,,,,,,,,,,,,,,,,,,,,
2,2,Jan_R_T_Pt,Jan,r,t,pt,,,,,,,,2,,,,,,,,,,,,,,,,60,,,,,,,2,,,,,,,,,,,,,,,,,,,,,,,,,,,,,,,,,,,,,,,,,,,,,,,,,,,,,,,,,,,,
3,2,Nov_R_NT_NPt,Nov,r,nt,npt,,,,,,,,,,,,,,,,,,,,,,,,65,,,,,1,,,,,,,,30,,,,,,,,,,,,,,,,,,,,,,,,,,,,,,,,,,,,,,,,,,,,,,,,,,,2,,,
4,2,Jan_R_NT_Pt,Jan,r,nt,pt,,,,,15,,,1,,1,25,,,,,,,,,,,,,32,,,,,,,,,,,,,,,,25,,,,,,,,,,,,,,,,,,,,,,,,,1,,,,,,,,,,,,,,,,,,,,,,,,,,
5,2,Nov_R_NT_Pt,Nov,r,nt,pt,,,,,,,,,,,,,,,,,,,,,,,,35,,,,,,,,,,,,,4,,,10,,,,,,,,,,,,,,,,,,,,,,,,,,,,,,,,,,,,,,,,,,,,,,,,,,,
6,2,Nov_R_NT_Pt,Nov,r,nt,pt,,,,,,,,,,,,,,,,,,,,,,,,80,,,,,,,,,,,,,17,,,3,,,,,,,,,,,,,,,,,,,,,,,,,,,,,,,,,,,,,,,,,,,,,,,,,,,
7,2,Nov_R_T_Pt,Nov,r,t,pt,,,,,,,,,,,,,,,,,,,,,,,,67,,,,,,,,,,,,,15,,,7,,,,,,,,,,,,,,,,,,,,,,,,,,,,,,,,,,,,,,,,,,,,,,,,,,,
8,2,Nov_R_NT_NPt,Nov,r,nt,npt,,,,,,,,,,,,,,,,,,,,,,,,50,,,,,,,,,,,,,45,,,5,,,,,,,,,,,,,,,,,,,,,,,,,,,,,,,,,,,,,,,,,,,,,,,,,,,
9,2,Jan_R_NT_Pt,Jan,r,nt,pt,,,,,,,,,,,,,,2,,,,,,,,,,15,,,,,,,1,,,,2,,,,2,,,,,,,,,,,,,,,,,,,,,,1,,,,,,,,,15,,,,,,,,,,,,,,,,,,,,,
10,2,Nov_R_NT_Pt,Nov,r,nt,pt,,,,,,,,,,,,,,,,,,,,,,,,66,,,,,,,,,,,,,30,,,4,,,,,,,,,,,,,,,,,,,,,,,,,,,,,,,,,,,,,,,,,,,,,,,,,,,
11,2,Jan_R_T_Pt,Jan,r,t,pt,,,,,,,,,,,,,,3,,,,,,,,,,15,,,,,,,,,,,,,1,,7,2,,,,,,,,,,,,,,,,,,,,,1,,,,,,,,,,,,,,,,,,,,,,,,,,,,,,
12,2,Con,c,c,c,c,,,,,,,,,,,,,,1,,,,,,,,,,1,,,,,,,,,,,2,,,,,,10,,,,,,,,,,,,,,,,,,,,,,,,,,,,,,,,,,,,,,,,,,,,,,,,,,
13,2,Nov_R_T_NPt,Nov,r,t,npt,,,,,,,,,,,,,,,,,,,,,,,,87,,,,,,,,,,,,,3,,,5,,,,,,,,,,,,,,,,,,,,1,,,,,,,,,,,,,,,,,,,,,,,,,,,,,,,
14,2,Jan_R_T_NPt,Jan,r,t,npt,,,,,,,,,,,,,,1,,,,,,,,,,,,,,,,,1,,,,,3,,,,3,,,,,,,10,,,,,,,1,,,,,,,2,,,,,,,,,3,,,,,,,,,,,,,,,,,,,,,
15,2,Jan_R_T_Pt,Jan,r,t,pt,,,,,,,,3,,,,,,,,,,,,,,,,,,,,,,,,,,,,,,,2,,90,,,,,,,,,,,,,,,,,,,,,,,,,,,,,,,,,,,,,,,,,,,,,,,,,,
16,2,Nov_R_T_Pt,Nov,r,t,pt,,,,,,,,,,,,,,,,,,,,,,,,20,,,,,,,,,,,,,,,3,20,,,,,,1,,,,,,,,,,,,,,,,,,,10,,,,,,3,,,,,,,,,,,,,,,,,,,,
17,2,Jan_R_T_Pt,Jan,r,t,pt,,,,,1,1,,,,,,,,,,,,,,,,,,10,,,2,,,,1,,,,,,,,,,,,,,,,,,,,,,,,,,,,,,,,,,,,,,,3,5,,,,,,,,,,,,,,,,,,,,
18,2,Jan_R_T_Pt,Jan,r,t,pt,,,,,,,,,,,,,,,,,,,,,,,,80,,,,,,,,,,,,,,,,,,,,,,,,,,,,,,,,,,,,,,,,,,,,,,3,,,,,,,,,,,,,,,,,,,,,
19,2,Nov_R_NT_Pt,Nov,r,nt,pt,,,,,,,,,,,,,,,,,,,,,,,,85,,,,,,,,,,,,,,,,15,,,,,,,,,,,,,,,,,,,,,,,,,,,,,,,,,,,,,,,,,,,,,,,,,,,
20,2,Jan_R_T_NPt,Jan,r,t,npt,,,,,,,,3,,,,,,1,5,,,,,,,,,10,,,,,,,1,1,,,1,3,,,10,,,,10,,,,,,,,,,,,,,,,,,1,,,,,,,,,,3,,,,,,,,,,,,,,,,,,,,
21,2,Jan_R_NT_Pt,Jan,r,nt,pt,,,,,,,,,2,2,,,,,,,,,,,,,,15,,,,,,,,,,,,,,,,,,,40,,,,,,,,,,,,,,,,,,,,,,,,,,,1,,,,,,,,,,,,,,,,,,,,,
22,2,Nov_R_NT_NPt,Nov,r,nt,npt,,,,,,,,5,,,,,,,,,,,,,,,,20,,,,,,,,,,,,,5,,,5,,,60,,,,,,,,,,,,,,,,,,,,,,,,,,,,,,,,,,,,,,,,,,,,,,,,
23,2,Jan_R_NT_NPt,Jan,r,nt,npt,,,,,,,,5,,,,,,,,,,,,,,,,5,,,,,,,,,,,,,,,,15,,,55,,,,,,,,,,,,,,,,,,,,,,,,,,,,1,,,,,,,,,,,,,,,,,,,,
24,2,Jan_R_NT_NPt,Jan,r,nt,npt,,,,,,,,3,,,,,,,,,,,,,,,,20,,,,,,,1,,,,,,,,25,,,,,,,,5,,,,,,,,,,,,,3,1,,,,,,,,,2,,,,,,,,,,,,,,,,,,,,,
25,2,Jan_R_NT_Pt,Jan,r,nt,pt,,,,,,,,,,,,10,,,,,,,,,,,,15,,,,,,,,,,,,,,,,2,,,,,,,,,,,,,,,,,,,,,,,,,,,,,,1,,,,,,,,,,,,,,,,,,,,,
26,2,Nov_R_NT_NPt,Nov,r,nt,npt,,,,,,,,,,,,,,,,,,,,,,,,60,1,,,,,,,,,,,,,10,,1,,,2,,,,,,,,,,,,,,,,,,,,,,,,,,,,,,,,,,,,,,,,,,,,,,,,
27,2,Jan_R_NT_Pt,Jan,r,nt,pt,,,1,,,,,1,,1,,,,,,,,,,,,,,40,,,,,,,3,,,,,,,,,,,,20,,,,,,,,,,,,,,,,,,,,,,,,,,,3,,,,,,,,,,,,,,,,,,,,,
28,2,Jan_R_NT_Pt,Jan,r,nt,pt,,,,,,,,2,,2,,,,,,,,,,,,,,25,,,,,,,,,,,,,,,15,,,,,,,,,,,,,,,,,,,,,,,,,,,,,,,,1,,,,,,,,,,,,,,,,,,,,
29,2,Jan_R_NT_NPt,Jan,r,nt,npt,,,,,,,,1,,7,,,,,,,,,,,,,,2,,,,,,,,,,,,,,,70,,,,,,,,,,,,,,,,,,1,,,1,,,,,1,,,,,,1,,,,,,,,,,,,,,,,,,,,
30,2,Nov_R_NT_Pt,Nov,r,nt,pt,,,,,,,,,,,,,,,,,,,,,,,,35,,,,,,,1,,,,,,,,,30,,,1,,,,,,,,,,,,,,,,,,1,,,,,,,,,,1,,,,,,,,,,,,,,,,,,,,
31,2,Nov_R_NT_NPt,Nov,r,nt,npt,,,,,,,,,,,,,,,,,,,,,,,,35,,,,,,,,,,,,,,,,10,,,,,,,,,,,,,,,,,,,,,,,,,45,,,,,,3,,,,,,,,,,,,,,,,,,,,
32,2,Jan_R_T_NPt,Jan,r,t,npt,,,,,,,,1,,,,,,,,,,,,,,,,,,,,,,3,,,,,,,,,,,,,,,,,,,,,,,,,,,,,,,10,,,,,,,,,5,,,,,,,,,,,,,,,,,,,,,
33,2,Jan_R_T_Pt,Jan,r,t,pt,,,,,3,,,5,,,,,,,,,,,,,,,,60,,,1,,,,5,,,,,,,,,,,,,,,,,,,,,,,,,,,,,,5,,,,,,,,,3,10,,,,,,,,,,,,,,,,,,,,
34,2,Jan_R_NT_NPt,Jan,r,nt,npt,,,,,,,,1,,1,,,,,,,,,,,,,,1,,,,,,,,,,,,10,,,,,,,,,,,,,,,,,,,,,,,,,,,,,,,,,,10,,,,,,,,,,,,,,,,,,,,,
35,2,Jan_R_T_Pt,Jan,r,t,pt,,,,,,,,1,,,,,,,,,,,,,,,,35,,,3,,,,,,,,,,,,,,,,5,,,,3,,,,,3,,,,,,,,,,,,,,,,1,,1,,,,,,,,,,,,,,,,,,,,,
36,2,Nov_R_T_Pt,Nov,r,t,pt,,,,,,,,,,,,,,,,,,,,,,,,95,,,,,,,1,,,,,,1,,,1,,,1,,,,,,,,,,,,,,,,,,,,,,,,,,,,1,,,,,,,,,,,,,,,,,,,,
37,2,Con,c,c,c,c,,,,,,,,7,,,,,,,,,,,,,,,,5,,,,,,,,,,,,,,,,,,,,,,,15,,,,,,,,,,,,,,,,,,15,,,,,,,,,,,,,,,,,,,,,,,,,,
38,2,Nov_R_T_Pt,Nov,r,t,pt,,,,,,,,,,,,,,,,,,,,,,,,90,,,,,,1,,,,,,,,,,5,,,1,,,,,,,,,,,,,,,,,,,,,,,,,,,,2,,,,,,,,,,,,,,,,,,,,
39,2,Jan_R_NT_NPt,Jan,r,nt,npt,,,,,,,,,,1,,,,,,,,,,,,,,25,,,,,,,,,,,,,,,,,,,25,,,,,,,,,,,,,,,,,1,3,,,,,2,,,,7,,,,,,,,,,,,,,,,,,,,,
40,2,Jan_R_T_NPt,Jan,r,t,npt,,,,,,,,5,,,,,,,,,,,,,,,,5,,,,,,,2,,,,,,,,15,,,,2,,,,,,,,,,,,,,,,,15,2,,,,,,,,,1,5,,,,,,,,,,,,,,,,,,,,
41,2,Nov_R_NT_NPt,Nov,r,nt,npt,,,,,,,,,,,,,,,,,,,,,,,,50,,,,,,,1,,,,,,10,,,,,,20,,,,,,,,,,,,,,,,,10,,,,,,,,,,,1,,,,,,,,,,,,,,,,,,,,
42,2,Nov_R_T_Pt,Nov,r,t,pt,,,,,,,,,,,,,,,,,,,,,,,,70,,,,,,,1,,,,,1,15,,3,,,,1,,,2,1,,,,,,,,,,,,,,,,,,,,,,,,5,,,,,,,,,,,,,,,,,,,,
43,2,Jan_R_T_NPt,Jan,r,t,npt,,,,,,,,4,,3,,,,,,,,,,,,,,,,,,,,,3,,,,,,,,20,,,,20,,,,,,,,,,,,,,,,,,,,,,,,,,,7,,,,,,,,,,,,,,,,,,,,,
44,2,Con,c,c,c,c,,,,,,,,5,,,,,,,,,,,,,,,,,,,,,,,,,,,,,,,,,,,2,,,,,,,,,,,1,,,,,,,1,,,,,,,,,,,,,,,,,,,,,,,,,,,,,,
45,2,Nov_R_T_NPt,Nov,r,t,npt,,,,1,,,,,,,,,,1,,,,,,1,,,,,,,1,,,,,1,,,,2,,,5,15,,,3,,,20,,,,,,,,,,,,,,,,,,,,,,,,,1,,,,,,,,,,,,,,,,,,,,
46,2,Jan_R_NT_NPt,Jan,r,nt,npt,,,,,,,,1,,,,,,,,,,,,,,,,25,,,,,,,1,,,,,,,,20,,,,,,,,,,,,,,,,,,,,,,5,,,,,,,,,10,,,,,,,,,,,,,,,,,,,,,
47,2,Nov_R_T_Pt,Nov,r,t,pt,,,,,,,,,,,,,,,,,,,,,,,,66,,,,,,,,,,,,,,,5,10,,,,,1,3,,,,,,,,,,,,,,,,,,,5,,,,,,10,,,,,,,,,,,,,,,,,,,,
48,2,Nov_R_NT_Pt,Nov,r,nt,pt,,,,,,,,,,,,,,,,,,,,,,,,93,,,,,,,,,,,,,,,,1,,,,,,,,,,,,,,,,,,,,,,,,,1,,,,,,5,,,,,,,,,,,,,,,,,,,,
49,2,Nov_R_T_NPt,Nov,r,t,npt,,,,,,,,,,,,,,,,,,,,,,,,72,,,,,,,,,,,,,,,,3,,,1,,,4,,,,,,,,,,15,,,,,,,,,5,,,,,,,,,,,,,,,,,,,,,,,,,,
50,2,Jan_R_T_NPt,Jan,r,t,npt,,,,,,,,3,,,,,,,,,,,,,,,,3,,,,,,,,,,,,,,,15,,,,,,,,,,,,,,,,,,,,,,,,,,,,,,,3,,,,,,,,,,,,,,,,,,,,,
51,2,Nov_R_T_Pt,Nov,r,t,pt,,,,,,,,,,,,,,,,,,,,,,,,87,,,1,,,,,,,,,,,,,5,,,,,,,,,,,,,,,,,,,,,1,,,,2,,,,,,4,,,,,,,,,,,,,,,,,,,,
52,2,Con,c,c,c,c,,,,,,,,,,,,,,,,,,,,,,,,,,,,,,,,,,,,,,,,1,,,,,,,1,,,,,,,,,,,,,,,,,,,,,,,,,,,,,,,,,,,,,,,,,,1,,
53,2,Con,c,c,c,c,,,,,,,,2,,,,,,,,,,,,,,,,,,,,,,,,,,,,,,,,,,,,,,,,,,,,,,,,,,,,,,,,,,,,,,,,,,,,,,,,,,,,,,,,,2,1,
54,2,Nov_R_T_NPt,Nov,r,t,npt,,,,,,,,,,,,,,,,,,,,,,,,82,,,,,,,,,,,,,,,,10,,,1,,,,,,,,,,,,,,,,,1,,,,,1,,,,,,5,,,,,,,,,,,,,,,,,,,,
55,2,Jan_R_NT_NPt,Jan,r,nt,npt,,,,,,,,20,,,,,,,,,,,,,,,,15,,,,,,,,,,,,,,,,,,,7,,,,,,,,,,,,,,,,,,,,,,,,,,,5,20,,,,,,,,,,,,,,,,,,,,
56,2,Nov_R_T_NPt,Nov,r,t,npt,,,,,,,,,,,,,,,,,,,,,,,,78,,,,,,,1,,,,,,,,5,5,,,2,,,3,,,,,,,,,,,,,,1,,,,,3,,,,,,2,,,,,,,,,,,,,,,,,,,,
57,2,Jan_R_NT_Pt,Jan,r,nt,pt,,,,,,,,2,,,,,,,,,,,,,,,,1,,,,,,,1,,,,,,,,80,,,,4,,,,,,,,,,,,,,,,,,,,,,,,,,,1,,,,,,,,,,,,,,,,,,,,,
58,2,Nov_R_NT_Pt,Nov,r,nt,pt,,,,1,,,,,,,,,,,,,,,,,,,,38,,,,,,,1,,,,,,,,5,20,,,10,,,,,,,,,,,,,,,,,,,,,,5,,,,,,20,,,,,,,,,,,,,,,,,,,,
59,2,Nov_R_NT_Pt,Nov,r,nt,pt,,,,,,,,,,,,,,5,,,,,,,,,,3,,,,,,,,,,,,,,,2,25,,,,,,25,,,,,,,,,,,,,,,,,,,3,,,,,5,15,,,,,,,,,,,,,,,,,,,,
60,2,Jan_R_NT_NPt,Jan,r,nt,npt,,,,,,,,,,,,,,,,,,,,,,,,,,,1,,,,1,,,,,,,,30,,,,,,,,,,,,,,,,,,,,,1,,,,,,,,,,,5,,,,,,,,,,,,,,,,,,1,,
61,2,Jan_R_NT_Pt,Jan,r,nt,pt,,,,,,,,,,,,,,,30,,,,,,,,,5,,,,,,,4,,,,,,,,40,,,,,,,,,,,,,,,,,,,,,,,,,,,,,,,,,,,,,,,,,,,,,,,,,,,,
62,2,Nov_R_NT_NPt,Nov,r,nt,npt,,,,,,,,,,,,,,,,,,,,,,,,85,,,,,,,,,,,,,,,,5,,,,,,,,,,,,,,,,,,,,,,,,,5,,,,,,5,,,,,,,,,,,,,,,,,,,,
63,2,Jan_R_T_Pt,Jan,r,t,pt,,,,,,,,,,,,,,,,,,,,,,,,,,,,,,,5,,,,,,,,,,,,,,,,,,,,,,,,,,,,,,5,,,,,,,,,5,,,,,,,,,,,,,,,,,,,,,
64,2,Nov_R_T_NPt,Nov,r,t,npt,,,,,,,,,,,,,,,,,,,,,,,,91,,,,,,,,,,,,,,,,2,,,,,,,,,,,,,,,,,,,,1,1,,,,,,,,,,5,,,,,,,,,,,,,,,,,,,,
65,2,Nov_R_NT_NPt,Nov,r,nt,npt,,,,,,,,,,,,,,,,,,,,,,,,80,,,,,,,1,,,,,1,,,,10,,,,,,,,,,,,,,,,,,,,1,,,,,2,,,,,,5,,,,,,,,,,,,,,,,,,,,
66,2,Con,c,c,c,c,,,,,,,,2,,,,,,,,,,,,,,,,,,,,,,,,,,,,,,,,,,,,,,,,,,,,,,,,,,,,,,,,,,,,,,,,,,,,,,,,,,,,,,,,,2,,
67,2,Jan_R_T_NPt,Jan,r,t,npt,,,,,1,,,3,,,,,,,,,,,,,,,1,1,,,,,,,5,,,,,,,,50,,,,,,,,,,1,,,,,,,,,,,3,,,,,,,,,,15,5,,,,,,,,,,,,,,,,,,,,
68,2,Con,c,c,c,c,,,,,,,,,,,,,,5,,,,,,,,,30,1,,,,,,,,,,,,,,,,,,,,,,,,,,,,,,,,,,,,,,,,,,,,,,,,,,,,,,,,,,,,,,,,,,,
69,2,Nov_R_T_Pt,Nov,r,t,pt,,,,1,1,,,,,,,,,,,,,,,,,,,10,,,,,,,,,,,,1,,,,5,,,,,,40,,,,,,,,,,,,,,,,,,,1,,,,,,10,,,,,,,,,,,,,,,,,,,,
70,2,Jan_R_NT_NPt,Jan,r,nt,npt,,,,,,,,3,,,,,,,,,,,,,,,,,,,,,,,,,,,,,,,,,,,,,,,,,,,,,,,,,,,,,,,,,,,,,,,,,,,,,,,,,,,,,,,,,,,
71,2,Nov_R_NT_Pt,Nov,r,nt,pt,,,,,,,,,,,,,,,,,,,,,,,,63,,,,,,,,,,,,,,,,13,,,8,,,8,,,,,,,,,,,,,,,,,,,3,,,,,,5,,,,,,,,,,,,,,,,,,,,
72,2,Jan_R_NT_NPt,Jan,r,nt,npt,,,,,5,,,,,,,,,,,,,,,,,,,,,,,,,,10,,,,,,,,,,,,,,,,,,,,,,,,,,,,,,,,,,,,,,,15,,,,,,,,,,,,,,,,,,,,,
73,2,Nov_R_T_Pt,Nov,r,t,pt,,,,,20,,,,,,,,,,,,,,,,,,,56,,,,,,,,,,,,,,,,10,,,,,,,,,,,,,,,,,,,,,,,,,4,5,,,,,5,,,,,,,,,,,,,,,,,,,,
74,2,Jan_R_NT_NPt,Jan,r,nt,npt,,,,,,,,,,,,,,,,,,,,,,,,,,,,,,,,,,,,,,,95,,,,,,,,,,,,,,,,,,,,,,,,,,,,,,,2,,,,,,,,,,,,,,,,,,,,,
75,2,Jan_R_T_NPt,Jan,r,t,npt,,,,,3,,,,,,,,,,,,,,,,,,,15,,,,,,,,,,,,,,,30,,,,46,,,,,,,,,,,,,,,,,3,,,,,,,,,,3,,,,,,,,,,,,,,,,,,,,,
76,2,Nov_R_NT_NPt,Nov,r,nt,npt,,,,,,,,,,,,,,,,,,,,,,,,90,,,,,,,,,,,,,,,2,1,,,,,,,,,,,,,,,,,,,,,,,,,2,,,,,,5,,,,,,,,,,,,,,,,,,,,
77,2,Nov_R_NT_Pt,Nov,r,nt,pt,,,,,,,,,,,,,,,,,,,,,,,,68,,,,,,,,,,,,,,,2,10,,,,,,,,,,,,,,,,,,,,,,,,,,,,,,,20,,,,,,,,,,,,,,,,,,,,
78,2,Nov_R_T_Pt,Nov,r,t,pt,,,,,,,,,,,,,,,,,,,,,,,,36,,,,,,,1,,,,,,,,2,36,,,1,5,,2,,,3,,,,,,,,,,,,,,,,2,,,,,,10,,,,,,,,,,,,,,,,,,,,
79,2,Nov_R_T_Pt,Nov,r,t,pt,,,,,,,,,,,,,,,,,,,,,,,,68,,,1,,,,,,,,,,,,,10,,,,,,5,,,,,,,,,,,,,,,1,,,,10,,,,,,5,,,,,,,,,,,,,,,,,,,,
80,2,Nov_R_NT_Pt,Nov,r,nt,pt,,,,,,,,,,,,1,,,,,,,,,,,,35,,,,,,,,,,,,3,,,1,35,,,,,,10,,,,,,,,,,,,,,,,,,,5,,,,,,10,,,,,,,,,,,,,,,,,,,,
81,2,Jan_R_T_NPt,Jan,r,t,npt,,,,,,,,7,,,,,,,,,,,,,,,,3,,,,,,,,,,,,,,,67,,,,,,,,,,,,,,,,,,,,,8,,,,,,,,,,5,,,,,,,,,,,,,,,,,,,,,
82,2,Jan_R_T_Pt,Jan,r,t,pt,,,,,,,,1,,,,,,,,,,,,,,,,,,,,,,,3,,,,,,,,20,,,,,,,,,,5,,,,,,,,,,,2,,,,,,,,,,2,1,,,,,,,,,,,,,,,,,,,,
83,2,Con,c,c,c,c,,,,,,,,2,,,,,,,,,,,,,,,,,,,,,,,,,,,,,,,,,,,,,,,,,,,,,,,,,,,,,,,,,,,,,,,,,,,,,,,,,,,,,,,,,,,
84,2,Nov_R_NT_Pt,Nov,r,nt,pt,,,,,,,,,,,,,,,,,,,,,,,,57,,,,,,,,,,,,,,,1,30,,,1,,,5,,,,,,,,,,,,,,,,,,,2,,,,,,4,,,,,,,,,,,,,,,,,,,,
85,2,Jan_R_T_NPt,Jan,r,t,npt,,,,,,,,5,,,,,,,,,,,,,,,,,,,,,,,,,,,,,,,85,,,,,,,,,,,,,,,,,,,,,,,,,,,,,,,5,,,,,,,,,,,,,,,,,,,,,
86,2,Con,c,c,c,c,,,0,,,,,,,,,,,,,,,,,,,,,,,,,,,,,,,,,,,,,,,,,,,,,,,,,,,,,,,,,,,,,,,,,,,,,,,,,,,,,,,,,,,,,,,,
87,2,Jan_R_NT_Pt,Jan,r,nt,pt,,,,,,,,10,,,,,,,,,,,,,,,,,,,,,,,10,,,,,,,,60,10,,,5,,,,,,,,,,,,,,,,,2,,,,,,,,,,,,,,,,,,,,,,,,,,,,,,,
88,2,Jan_R_T_Pt,Jan,r,t,pt,,,,,,,,,,,,,,,,,,,,,,,,25,,,,,,,,,,,,,,,50,,,,,,,,,,,,,,,,,,,,,,,,,,,,,,,,,,,,,,,,,,,,,,,,,,,,
89,2,Jan_R_T_Pt,Jan,r,t,pt,,,,,,,,,,,,,,,,,,,,,,,,,,,,,,5,,,,,,,,,50,,,,15,,,,,,,,,,,,,,,,,,5,,,,,,,,,,,,,,,,,,,,,,,,,,,,,,
90,2,Jan_R_NT_Pt,Jan,r,nt,pt,,,,,,,,1,,,,,,,,,,,,,,,,45,,,,,,,,,,,,,,,25,,,,1,,,,,,,,,,,,,,,,,,,,,,,,,,,3,10,,,,,,,,,,,,,,,,,,,,
91,2,Nov_R_T_NPt,Nov,r,t,npt,,,,,,,,,,,,,,,,,,,,,,,,50,,,,,,,1,,,,,,,,3,25,,,,,,,,,,,,,,,,,,,,1,,,,,1,,,,,,15,,,,,,,,,,,,,,,,,,,,
92,2,Nov_R_T_Pt,Nov,r,t,pt,,,,,,,,,,,,,,,,,,,,,,,,30,,,,,,,1,,,,,3,,,25,20,,,2,10,,,,,,,,,,,,,,,,,,,,,3,,,,,,5,,,,,,,,,,,,,,,,,,,,
93,2,Nov_R_T_NPt,Nov,r,t,npt,,,,,,,,,,,,,,,,,,,,,,,,15,,,,,,,,,,,,,,,70,1,,,,,,1,,,,,,,,,,,,,,1,,,,,1,,,,,,3,,,,,,,,,,,,,,,,,,,,
94,2,Nov_R_NT_NPt,Nov,r,nt,npt,,,,,,1,,,,,,,,,,,,,,,,,,50,,,,,,,,1,,,,1,,,10,20,,,1,,,2,,,,,,,,,,,,,,,,,,,3,,,,,,3,,,,,,,,,,,,,,,,,,,,
95,2,Con,c,c,c,c,,,,,,1,,3,,,,,,,,,,,,,,,,,,,,,,,,,,,,,,,,,,,,,,2,,,,,,,,,,,,,,,,,,,,,,,,,,,,,,,,,,,,,,,,,,,,,
96,2,Jan_R_T_NPt,Jan,r,t,npt,3,,1,,,1,,5,,,,,,,,,,,,,,,,,,,,,,,10,,,,,1,,,,10,,,,,,,,,,,,,,,,,,,,,,,,,1,,,,,,,,,,,,,,,,,,,,,,,,,,
97,2,Jan_R_T_NPt,Jan,r,t,npt,,,,,,2,,5,,,,,,,,,,,,,,,,1,,,,,,,7,,,,,,,,10,,,,,,,,3,,,,,,,,,,,,,,,,,,3,,,,,5,3,,,,,,,,,,,,,,,,,,,,
98,2,Nov_R_T_NPt,Nov,r,t,npt,,,,,,30,,2,,,,,,,,,,,,,,,,50,,,,,,,,,,,,,,,,,,,,,,,,,,,,,,,,,,,,2,,,,,3,,,,,,2,,,,,,,,,,,,,,,,,,,,
99,2,Nov_R_T_NPt,Nov,r,t,npt,,,,,,25,,,,,,,,,,,,,,,,,,50,,,2,,,,,,,,,,,,,,,,,,,,,,,,,1,,,,,,,,,,,,,2,,,,,,10,,,,,,,,,,,,,,,,,,,,
100,2,Con,c,c,c,c,,,,,,5,,15,,,,,,,20,,,,,,,,,,,,,,,,,,,,,,,,,,,,,,,,,,,,,,,,,,,,,,,,,,,10,,,,,,,,,,,,,,,,,,,,,,,,,
101,2,Nov_R_T_Pt,Nov,r,t,pt,,,,,,,,,,,,,,3,,,,,,,,,,75,,,,,,,,,,,,,,,,10,,,,,,,,,,,,,,,,,,,,,,,,,5,,,,,,3,,,,,,,,,,,,,,,,,,,,
102,2,Jan_R_T_Pt,Jan,r,t,pt,,,,,,,,1,,,,,,,,,,,,,,,,40,,,,,,,,,,,,,,,30,,,,,,,,,,,,,,,,,,,,,,,,,,,,,2,,15,,,,,,,,,,,,,,,,,,,,,
103,2,Con,c,c,c,c,,,,,,2,,5,,,,,,,,,,,,,,,,55,,,,,,,,,,,,,,,,,,,10,,,,,,,,,,,,,,,,,,,,,,,,,,,,,,,,,,,,,,,,,,,,,,,,
104,2,Nov_R_NT_NPt,Nov,r,nt,npt,,,,,,,,15,,,,,,,,,,,,,,,,40,,,,,,,,,,,,,,,,,,,1,,,5,,,,,,,,,,,,,,,,,,,15,,,,,,10,,,,,,,,,,,,,,,,,,,,
105,2,Con,c,c,c,c,,,,,,25,,40,,,,,,,,,,,,,,,,2,,,,,,,,,,,,,,,,25,,,,,,,,,,,,,,,,,,,,,,,,,,,,,,,,,,,,,,,,,,,,,,,,,,,
106,2,Jan_R_NT_NPt,Jan,r,nt,npt,,,,,,3,,7,,,,,,,,,,,,,,,,20,,,,,,,15,,,,,,,,15,,,,,,,,,,,,,,,,,,,,1,,,,,,,,,,,5,2,,,,,,,,,,,,,,,,,,,,
107,2,Nov_R_NT_Pt,Nov,r,nt,pt,,,,,,,,,,,,,,1,,,,,,,,,,50,,,,,,,,,,,,5,,,,,,,1,,,5,,,,,,,,,,,,,,1,,,,,5,5,,,,,5,,,,,,,,,,,,,,,,,,,,1
108,2,Jan_R_T_Pt,Jan,r,t,pt,,,,,,5,,,,,,,,,,,,,,,,,,15,,,15,,,,5,,,,,30,,,10,,,,,,,,,,,,,,,,,,,,5,,2,,,,,,,,,2,,,,,,,,,,,,,,,,,,,,,
109,2,Nov_R_NT_Pt,Nov,r,nt,pt,,,,,,75,,,,,,,,,,,,,,,,,,5,,,,,,,,,,,,,,,,,,,,,,,,,,,,,,,,,,,,,,,,,3,,,,,,,,,,,,,,,,,,,,,,,,,,
110,2,Nov_R_NT_Pt,Nov,r,nt,pt,,,,,,30,,2,,,,,,5,,,,,,,,,,,,,,,,,,,,,,,,,,,,,,,,,,,,,,,,,,,,,,,,,,,,,,,,,1,,,,,,,,,,,,,,,,,,,,
111,2,Jan_R_T_Pt,Jan,r,t,pt,,,,,,1,,1,,,,,,,,,,,,,,,,25,,,3,,,,,,,,,,,,,,,,,,,,,,,,,,,,,,,,,,,,,,,,,,,,,,,,,,,,,,,,,,,,,,,,
112,2,Jan_R_NT_Pt,Jan,r,nt,pt,,,,,,,,5,,,,,,,20,,,,,,,,,,,,,,,,,,,,,,,,,,,,,,,,,,,,,,,,,,,,,,,,,,,,,,,30,,,,,,,,,,,,,,,,,,,,,
113,2,Jan_R_NT_NPt,Jan,r,nt,npt,,,,,,,,2,,,,,,,,,,,,,,,,1,,,,,,,5,,,,,,,,,,,,,,,,,,,,,,,,,,,,,,,,,,1,,,,,45,20,,,,,,,,,,,,,,,,,,,,
114,2,Jan_R_NT_Pt,Jan,r,nt,pt,,,,,,,,,,,,,,,,,,,,,,,,50,,,,,,,,,,,,,,,20,,,,2,,,,,,,,,,,2,,,,,,,,,,,,,,,,,,,,,,,,,,,,,,,,,,,,,
115,2,Nov_R_T_NPt,Nov,r,t,npt,,,,,,,,,,,,,,,,,,,,,,,,50,,,,,,,,,,,,,,,,50,,,,,,,,,,,,,,,,,,,,,,,,,,,,,,,,,,,,,,,,,,,,,,,,,,,
116,2,Jan_R_T_Pt,Jan,r,t,pt,,,,,,1,,10,,,,,,,,,,,,,,,,1,,,,,,,,,,,,,,,,,,,,,,,,,,,,,,,,,,,,,,,,,,,,,,20,,,,,,,,,,,,,,,,,,,,,
117,2,Jan_R_NT_NPt,Jan,r,nt,npt,,,,,,1,,10,,,,,,,,,,,,,,,,3,,,,,,,,,,,,,,,20,,,,,,,,,,,,,,,,,,,,,,,,,,,,,,,,,,,,,,,,,,,,,,,,,,,,
118,2,Nov_R_NT_NPt,Nov,r,nt,npt,,,,,,5,,,,,,,,,,,,,,,,,,5,,,,,,,,,,,,,,,,75,,,,,,,,,,,,,,,,,,,,,,,,,,,,,,,,,,,,,,,,,,,,,,,,,,,
119,2,Jan_R_NT_NPt,Jan,r,nt,npt,,,,,,1,,,,,,,,,,,,,,,,,,,,,,,,,10,,,,,10,,,40,,,,,,,,,,,,,,,,,,,,,5,,,,,5,,,,,,10,,,,,,,,,,,,,,,,,,,,
120,2,Jan_R_NT_Pt,Jan,r,nt,pt,,,2,,,1,,15,,,,,,,,,,,,,,,,15,,,1,,,,15,,,,,1,,,40,,,,,,,,,,,,,2,,,,,,,,,,,,,,,,,,,2,,,,,,,,,,,,,,,,,,,,
121,2,Nov_R_T_Pt,Nov,r,t,pt,,,,,,85,,,,,,,,,,,,,,,,,,5,,,,,,,,,,,,,,,,,,,,,,,,,,,,,,,,,,,,,,,,,5,,,,,,,,,,,,,,,,,,,,,,,,,,
122,2,Nov_R_T_NPt,Nov,r,t,npt,,,,,,1,,1,,,,,,,,,,,,,,,,2,,,,,,,,,,,,,,,,80,,,,,,,,,,,,,,,,,,,,,,,,,5,,,,,,,,,,,,,,,,,,,,,,,,,,
123,2,Jan_R_T_NPt,Jan,r,t,npt,,,,,,15,,2,,,,,,,,,,,,,,,,,,,,,,,,,,,,,,,80,,,,,,,,,,,,,,,,,,,,,,,,,,,,,,,1,,,,,,,,,,,,,,,,,,,,,
124,2,Con,c,c,c,c,,,,,,,,2,,,,,,45,,,,,,,,,,20,,,,,,,,,,,4,,,,,,,,,,,,,,,,,,,,,,,,,,,,,,1,,,,,,,,,,,,,,,,,,,,,,,,,,
125,2,Nov_R_T_Pt,Nov,r,t,pt,,,,,,,,,,,,,,,,,,,,,,,,50,,,,,,,,,,,,,,,,17,,,,,,,,,,,,,,,,,,,,,,,,,30,,,,,,,,,,,,,,,,,,,,,,,,,,
126,2,Con,c,c,c,c,,,,,,1,,5,,,,,,,,,,,,,,,,70,,,,,,,,,,,,,,,,10,,,5,,,,,,,,,,,,,,,,,,,,,,,,,,,,,,,,,,,,,,,,,,,,,,,,
127,2,Jan_R_T_NPt,Jan,r,t,npt,,,,,,,,,,,,,,,,,,,,,,,,30,,,,,,,,1,,,,,,,50,,,,,,,,,,,,,,,,,,,,,,5,,,,,,,,,3,,,,,,,,,,,,,,,,,,,,,
128,2,Nov_R_NT_NPt,Nov,r,nt,npt,,,,,,,,,,,,,,,,,,,,,,,,15,,,,,,,,,,,,,,,,75,,,,,,,,,,,,,,,,,,,,,,,,,7,,,,,,1,,,,,,,,,,,,,,,,,,,,
129,2,Nov_R_T_Pt,Nov,r,t,pt,,,,,,,,,,,,,,,,,,,,,,,,10,,,,,,,,,,,,,,,,73,,,2,,,,,,,,,,,,,,,,,,,,,,5,,,,,,10,,,,,,,,,,,,,,,,,,,,
130,2,Nov_R_T_NPt,Nov,r,t,npt,2,,,,,,,1,,,,,,,,,,,,,,,,,,,,,,,,,,,,,,,60,,,,,,,,,,,,,,,,,,,,,,,,,,,,,,,,,,,,,,,,,,,,,,,,,,,,
131,2,Jan_R_NT_NPt,Jan,r,nt,npt,,,,,,1,,5,,,,,,2,,,,,,,,,,,,,,,,,,,,,,,,,,15,,,,,,,,,,,,,,,,,,,,,,,,,,,,,,,1,,,,,,,,,,,,,,,,,,,,
132,2,Nov_R_T_NPt,Nov,r,t,npt,,,,,,5,,1,,,,,,,,,,,,,,,,1,,,,,,,,,,,,,,,3,,,,,,,,,,,,,,,,,,,,,,5,,,,,,,,,,,,,,,,,,,,,,,,,,,,,,
133,2,Nov_R_NT_Pt,Nov,r,nt,pt,,,1,,,,,,,,,,,,,,,,,,,,,60,,,,,,,,,,,,,,,5,20,,,,,,,,,,,,,,,,,,,,,1,,,,10,,,,,,,,,,,,,,,,,,,,,,,,,,
134,2,Nov_R_NT_NPt,Nov,r,nt,npt,,,,,,1,,1,,,,,,,,,,,,,,,,65,,,,,,,,,,,,,,,,30,,,,,,,,,,,,,,,,,,,,,,,,,,,,,,,,,,,,,,,,,,,,,,,,,,,
135,2,Con,c,c,c,c,,,,,,1,,1,,,,,,,,,,,,,,,,40,,,,,,,,,,,,,1,,,50,,,,,,,,,,,,,,,,,,,,,,,,,,,,,,,,,,,,,,,,,,,,,,,,,,,
136,2,Jan_R_NT_Pt,Jan,r,nt,pt,,,,,,1,,2,,,,,,,,,,,,,,,,15,,,,,,,,,,,,,,,,,,,45,,,,,,,,,,,,,,,,,,,,,,,,,,,,,,,,,,,,,,,,,,,,,,,,
137,2,Nov_R_NT_NPt,Nov,r,nt,npt,,,,,,1,,2,,,,,,,,,,,,,,,,10,,,,,,,10,,,,,,,,,,,,,,,,,,,,,,,,,,,,,5,,,,,,,,,,,,,,,,,,,,,,,,,,,,,,,
138,2,Nov_R_T_NPt,Nov,r,t,npt,,,,,,80,,,,,,,,,,,,,,,,,,2,,,,,,,,,,,,1,,,,,,,,,,10,,,,,,,,,,,,,,,,,,,5,,,,,,,,,,,,,,,,,,,,,,,,,,
139,2,Jan_R_NT_Pt,Jan,r,nt,pt,,,,,,1,,1,,,,,,1,,,,,,,,,,80,,,,,,2,,,,,,,,,3,,,,,,,,,,,,,,,,,3,,1,,,,,,,2,,,,,,,,,,,,,,,,,,,,,,,,,,
140,2,Jan_R_NT_Pt,Jan,r,nt,pt,,,,,,1,,1,,,,,,5,,,,,,,,,,10,,,,,,,,,,,,,,,,75,,,,,,,,,,,,,,,,,,,,,,,,,,,,,,,,,,,,,,,,,,,,,,,,,,,
141,2,Nov_R_NT_NPt,Nov,r,nt,npt,,,,,,1,,2,,,,,,,,,,,,,,,,25,,,,,,,,,,,,,,,,,,,,,,,,,,,,7,,,,,,,,,,,,,,,,,,20,,,,,,,,,,,,,,,,,,,10,,
142,2,Jan_R_T_NPt,Jan,r,t,npt,,,,,,,,10,5,,,,,,,,,,,,,,,10,,,,,,,,,,,,,,,4,,,,,,,,,2,,,,2,,,,,2,,,,,,,,,,,,,,,,,,,,,,,,,,,,,,,,,,
143,2,Jan_R_T_Pt,Jan,r,t,pt,,,,,,,,3,,,,,,,,,,,,,,,,30,,,,,,1,,,,,,,,,,25,,,,,,,15,,,,,2,,,,,,,,,1,,,,1,,,,,,1,,,,,,,,,,,,,,,,,,,,
144,2,Nov_R_T_NPt,Nov,r,t,npt,,,,,,1,,7,,,,,,,7,,,,,,,,,1,,,,,,,5,3,,,,,,,10,7,,,,,,,,,,,,,,,,,,,,,,,,,,,,,,20,,,,,,,,,,,,,,,,,,,10,,
1,3,Jan_R_T_NPt,Jan,r,t,npt,,,,,,,,,,,,,,,,,,,,,,,,25,,,,,,,,,,,,,,,,,,,50,,,,,,1,,,,,,,,,,,,,,,,10,,,,,,,,,,,,,,,,,,,,,,,,,,
2,3,Jan_R_T_Pt,Jan,r,t,pt,,,,,,,,,,,,,,,,,,,,,,,,75,,,,,,,5,,,,,,,,,,,,,,,,5,,,,,,,,,,,,,,,,,,,,,,,,,,,,,,,,,,,,,,,,,,,,
3,3,Nov_R_NT_NPt,Nov,r,nt,npt,,,,,,,,,,,,,,,,,,,,,,,,60,,,,,,,,,,,,,35,,,,,,3,,,,,,,,,,,,,,,,,,,,,,2,,,,,,,,,,,,,,,,,,,,,,,,,,
4,3,Jan_R_NT_Pt,Jan,r,nt,pt,,,,,,5,,,,,,,,2,,,,,,,,,,74,,,,,,,,,,,,,2,,,,,,,,,,10,,,,,,,,,,,,,,,,,,,3,,,,,,,,,,,,,,,,,,,,,,,,,
5,3,Nov_R_NT_Pt,Nov,r,nt,pt,,,,,,3,,,,,,,,5,,,,,,,,,,10,,,,,,,,,,,,,30,,,,,,,,,,30,,,,,,,,,,,,,,,,,,,10,,,,,,,,,,,,,,,,,,,,,,,,,
6,3,Nov_R_NT_Pt,Nov,r,nt,pt,,,,,,,,,,,,,,,,,,,,,,,,20,,,,,,,,,,,,,25,,,,,,15,,,,20,,,,,,,,,,,,,,,,,,,,,,,,,,,,,,,,,,,,,,,,,,,,
7,3,Nov_R_T_Pt,Nov,r,t,pt,,,,,,,,,,,,,,2,,,,,,,,,,60,,,,,,,,,,,,,15,,3,,,,,,,,20,,,,,,,,,,,,,,,,,,,,,,,,,,,,,,,,,,,,,,,,,,,,
8,3,Nov_R_NT_NPt,Nov,r,nt,npt,,,,,,,,,,,,,,10,,,,,,,,,,40,,,,,,,,,,,,,25,,,,,,10,,,,10,,,,,,,,,,,,,,,,,,,,,,,,,,,,,,,,,,,,,,,,,,,,
9,3,Jan_R_NT_Pt,Jan,r,nt,pt,,,,,,,,,,,,,,5,,,,,,,,,,82,,,,,,,,,,,,,10,,,,,,,,,,3,,,,,,,,,,,,,,,,,,,,,,,,,,,,,,,,,,,,,,,,,,,,
10,3,Nov_R_NT_Pt,Nov,r,nt,pt,,,,,,,,,,,,,,5,,,,,,,,,,75,,,,,,,,,,,,,10,,,,,,,,,,10,,,,,,,,,,,,,,,,,,,,,,,,,,,,,,,,,,,,,,,,,,,,
11,3,Jan_R_T_Pt,Jan,r,t,pt,,,,,,,,4,,4,,,,10,,,,,,,,,,45,,,,,,,,,,,,,4,,,,,,,,,,20,,,,,,,,,,,,,,,,,,,,,,,,,,,,,,,,,,,,,,,,,,,,
12,3,Con,c,c,c,c,,,,,,,,,,5,,,,5,,,,,,,,,,15,,,,,,,,,,,,,,,,,,,40,,,,15,,,,,,,,,,,,,,,,,,,,,,,,,,,,,,,,,,,,,,,,,,,,
13,3,Nov_R_T_NPt,Nov,r,t,npt,,,,,,,,,2,,,,,5,,,,,,,,,,55,,,,,,,,,,,,,25,,,,,,,,,,5,,,,,,,,,,,,,,,,,,,,,,,,,,,,,,,,,,,,,,,,,,,,
14,3,Jan_R_T_NPt,Jan,r,t,npt,,,,,,,,,,,,,,3,,,,,,,,,,40,,,,,,,5,7,,,,,,,,,,,,,,,20,,,,,,,,,,,,,,15,,,,,,,,,,,,,,,,,,,,,,,,,,,,,,
15,3,Jan_R_T_Pt,Jan,r,t,pt,,,,,,,,,,,,,,,,,,,,,,,,2,,,,,,,,,,,,,,,70,,,,20,,,,1,,,,,,,,,,,,,,,,,,,,,,,,,,,,,,,,,,,,,,,,,,,,
16,3,Nov_R_T_Pt,Nov,r,t,pt,,,,,,2,,,,,,,,20,,,,,,,,,,70,,,,,,,,,,,,,,,,,,,,,,,,,,,,,,,,,,,,,,,,,,,,,,,,,,,,,,,,,,,,,,,,,,,
17,3,Jan_R_T_Pt,Jan,r,t,pt,,,,,,,,,,,,,,,,,,,,,,,,15,,,10,,,,25,,,,,,,,,,,,,,,,,,20,,,,,,,,15,,,,,,,,,,,,,,,,,,,,,,,,,,,,,,,,,,
18,3,Jan_R_T_Pt,Jan,r,t,pt,,,,,,,,,,,,,,,,,,,,,,,,40,,,,,,,15,,,,,,,,,,,,,,,,2,,,,,,,,,,,,,,,,,,,,,,,,,,,,,,,,,,,,,,,,,,,,
19,3,Nov_R_NT_Pt,Nov,r,nt,pt,,,,,,,,,,,,,,,,,,,,,,,,15,,,5,,,,1,,,,,,60,,,,,,3,,,,,,1,,,,,,,,,,,,,,,,,,,,,,,,,,,,,,,,,,,,,,,,,,
20,3,Jan_R_T_NPt,Jan,r,t,npt,,,,,,,,,,,,,,3,,,,,,,,,,20,,,,,,,,5,,,,,,,15,,,,10,,,,,,,,,,,,,,,,,,1,,,,,,,,,,,,,,,,,,,,,,,,,,,,,,
21,3,Jan_R_NT_Pt,Jan,r,nt,pt,,,,,,,,,,,,,5,1,,,,,,,,,,10,,,,,,,,,,,,,5,,,,,,70,,,,,,,,,,,,,,,,,,,,,,,,,,,,,,,,,,,,,,,,,,,,,,,,
22,3,Nov_R_NT_NPt,Nov,r,nt,npt,,,,,,,,,,,,,,,,,,,,,,,,10,,,,,,,,,,,,,40,,,,,,40,,,,5,,,,,,,,,,,,,,,,,,,,,,,,,,,,,,,,,,,,,,,,,,,,
23,3,Jan_R_NT_NPt,Jan,r,nt,npt,,,,,,,,,,,,,,,,,,,,,,,,30,,,,,,,4,15,,,,,,,,,,,30,,,,2,,,,,,,,,,,,,,,,,,,,,,,,,,,,,,,,,,,,,,,,,,,,
24,3,Jan_R_NT_NPt,Jan,r,nt,npt,,,,,,,,,,,,,,,,,,,,,,,,85,,,,,,,2,1,,,1,,,,,,,,,,,,5,,,,,,,,,,,,,,1,,,,,,,,,,,,,,,,,,,,,,,,,,,,,,
25,3,Jan_R_NT_Pt,Jan,r,nt,pt,,,,,,,,,,,,,,,,,,,,,,,,94,,,,,,,,,,,,,,,,,,,,,,,1,,,,,,,,,,,,,,,,,,,,,,,,,,,,,,,,,,,,,,,,,,,,
26,3,Nov_R_NT_NPt,Nov,r,nt,npt,,,,,,,,,,1,,,,,,,,,,,,,,40,,,,,,,,,,,,,50,,,,,,5,,,,2,,,,,,,,,,,,,,,,,,,,,,,,,,,,,,,,,,,,,,,,,,,,
27,3,Jan_R_NT_Pt,Jan,r,nt,pt,,,,,1,,,,,,,,,5,,,,,,,,,,20,,,,,,,5,,,,,,10,,,,,,30,,,,,,,,,,,,,,,,,,,,,,,,,,,,,,,,,,,,,,,,,,,,,,,,
28,3,Jan_R_NT_Pt,Jan,r,nt,pt,,,,,,,,,,,,,,,,,,,,,,,,20,,,,,,,3,,,,,,,,75,,,,,,,,,,,,,,,,,,,,,,,,,,,,,,,,,,,,,,,,,,,,,,,,,,,,
29,3,Jan_R_NT_NPt,Jan,r,nt,npt,,,,,,,,,,,,,,2,,,,,,,,,,30,,,,,,,20,,,,5,,,,20,,,,,,,,,,,,,,,,,,10,,,1,2,,,,3,,,1,,,,,,,,,,,,,,,,,,,,,,,
30,3,Nov_R_NT_Pt,Nov,r,nt,pt,,,,1,,,,,,,,,,5,,,,,,,,,,80,,,1,,,,,,,,,,,,,,,,7,,,,,,,,,,,,,,,,,,1,,,,,,,,,,,,,,,,,,,,,,,,,,,,,,
31,3,Nov_R_NT_NPt,Nov,r,nt,npt,,,,,,,,,,,,,,,,,,,,,,,,98,,,1,,,,,,,,,,,,,,,,1,,,,,,,,,,,,,,,,,,,,,,,,,,,,,,,,,,,,,,,,,,,,,,,,
32,3,Jan_R_T_NPt,Jan,r,t,npt,,,,,,,,,,,,,,,,,,,,,,,,30,,,,,,,,,,,,,,,25,,,,,,,,1,,,,,,,,,,,,,,30,,,,,,,,,,,,,,,,,,,,,,,,,,,,,,
33,3,Jan_R_T_Pt,Jan,r,t,pt,,,,,,,,,,,,,,,,,,,,,,,,20,,,5,,,,15,,,,,,,,,,,,,,,,,,,,,,,,,,,,,,10,,,,,,,,,,,,,,,,,,,,,,,,,,,,,,
34,3,Jan_R_NT_NPt,Jan,r,nt,npt,,,,,,,,,,,,,,,,,,,,,,,,30,,,,,,,10,30,,,,,,,10,,,,,,,,,,,,,,,,,,,,,,5,,,,,,,,,,,,,,,,,,,,,,,,,,,,,,
35,3,Jan_R_T_Pt,Jan,r,t,pt,,,,,,,,,,,,,,,,,,,,,,,,50,,,1,,,,,,,,,,,,20,,,,,,,,,,,,,,,,,,,,,,,,,,3,,,,,,,,,,,,,,,,,,,,,,,,,,
36,3,Nov_R_T_Pt,Nov,r,t,pt,,,,,,,,,,1,,,,,,,,,,,,,,35,,,1,,,,2,,,,,,15,,,,,,15,,,,,,,,,,,,,,,,,,,,,,,,,,,,,,,,,,,,,,,,,,,,,,,,
37,3,Con,c,c,c,c,,,,,,45,,,,,,,,,,,,,,,,,,50,,,,,,,,,,,,,,,,,,,,,,,5,,,,,,,,,,,,,,,,,,,,,,,,,,,,,,,,,,,,,,,,,,,,
38,3,Nov_R_T_Pt,Nov,r,t,pt,,,,,,,,,,,,,,,,5,,,,,,,,55,,,,,,,,,,,,,5,,,,,,10,,,,,,,,,,,,,,,,,,,,,,,,,,,,,,,,,,,,,,,,,,,,,,,,
39,3,Jan_R_NT_NPt,Jan,r,nt,npt,,,,,,1,,,,,,,,,,,,,,,,,,75,,,,,,,,,,,,,,,,,,,10,,,,,,10,,,,,,,,,,,,,,,,,,,,,,,,,,,,,,,,,,,,,,,,,,
40,3,Jan_R_T_NPt,Jan,r,t,npt,,,,,,,,,,,,,5,,,,,,,,,,,40,,,,,,,20,,,,,,,,,,,,5,,,,1,,,,,,,,,,,,,,10,,,,,1,,,,1,,,,,,,,,,,,,,,,,,,,,
41,3,Nov_R_NT_NPt,Nov,r,nt,npt,,,,,,,,,,,,,,1,,,,,,,,,,28,,,,,,,,10,,,,,45,,,,,,15,,,,,,,,,,,,,,,,,,,,,,1,,,,,,,,,,,,,,,,,,,,,,,,,,
42,3,Nov_R_T_Pt,Nov,r,t,pt,,,,,,,,,,,,,,,,,,,,,,,,30,,,,,,,,,,,,,65,,,,,,5,,,,,,,,,,,,,,,,,,,,,,,,,,,,,,,,,,,,,,,,,,,,,,,,
43,3,Jan_R_T_NPt,Jan,r,t,npt,,,,,,,,,,,,,,5,,,,,,,,,,75,,,,,,,,,,,,,,,,,,,10,,,,,,,,,,,,,,,,,,,,,,,,,,,,,,,,,,,,,,,,,,,,,,,,
44,3,Con,c,c,c,c,,,,,,10,,,,2,,,,2,,,,,,,,,,10,,2,,,,,,,,,,,,,2,,,,,,,,2,,,,,,,,,,,,,,,,,,,,,,,5,,,,,,,,,,,,,,,,,,,,,
45,3,Nov_R_T_NPt,Nov,r,t,npt,,,,15,,,,,,,,,,5,,,,,,,,,,20,,,2,,,,,28,,,,,,,5,,,,23,,,,2,,,,,,,,,,,,,,,,,,,,,,,,,,,,,,,,,,,,,,,,,,,,
46,3,Jan_R_NT_NPt,Jan,r,nt,npt,,,,,,,,,,,,,,,,,,,,,,,,85,,,,,,,,,,,10,,,,,,,,,,,,,,,,,,,,,,,,,,5,,,,,,,,,,,,,,,,,,,,,,,,,,,,,,
47,3,Nov_R_T_Pt,Nov,r,t,pt,,,,,,,,,,,,,,,,15,,,,,,,,60,,,15,,,,,,,,,,,,,,,,5,,,,,,,,,,,,,,,,,,,,,,,,,,,,,,,,,,,,,,,,,,,,,,,,
48,3,Nov_R_NT_Pt,Nov,r,nt,pt,,,,,2,,,,,,,,2,,,,,,,,,,,15,,,,,,,,,,,,,20,,,,,,5,,,,,,,,,,,,,,,,,,,,,,,,,,,,,,,,,,,,,,,,,,,,,,,,
49,3,Nov_R_T_NPt,Nov,r,t,npt,,,,,,,,1,,,,,,,,,,,,,,,,75,,,,,,,,,,,,,,,,1,,,10,,,,,,,,,,,,,,,,,,,,,,,,,,,,,,,,,,,,,,,,,,,,,,,,
50,3,,,,,,,,,,,,,1,,1,,,,,,,,,,,,,,95,,,,,,,,,,,,,,,,,,,,,,,,,,,,,,,,,,,,,,,,,,,,,,,,,,,,,,,,,,,,,,,,,,,
51,3,Nov_R_T_Pt,Nov,r,t,pt,,,,,,,,,,5,,,,,,,,,,,,,,80,,,,,,,,,,,,,,,,,,,5,,,,,,,,,,,,,,,,,,1,,,,,,,,,,,,,,,,,,,,,,,,,,,,,,
52,3,Con,c,c,c,c,,,,,,35,,,,,,,,2,,5,,,,,,,,10,,,,,,,,,,,,,,,,,,,,,,,1,,,,,,,,,,,,,,,,,,,,,,,,,,,,,,,,,,,,,,,,,,,,
53,3,Con,c,c,c,c,,,,,,5,,,,,,,,,,,,,,,,,5,90,,,,,,,,,,,,,,,,,,,,,,,,,,,,,,,,,,,,,,,,,,,,,,,,,,,,,,,,,,,,,,,,,,,
54,3,Nov_R_T_NPt,Nov,r,t,npt,,,,,,,,,,,,,,5,,,,,,,,,,75,,,,,,,,,,,,,,,,,,,1,,,,,,,,,,,,,,,,,,,,,,,,,,,,,,,,,,,,,,,,,,,,,,,,
55,3,Jan_R_NT_NPt,Jan,r,nt,npt,,,,,,1,,,,,,,,,,5,,,,,,,,50,,,,,,,,,,,,,,,,,,,25,,,,,,10,,,,,,,,,,,,,,,,,,,,,,,,,,,,,,,,,,,,,,,,,,
56,3,Nov_R_T_NPt,Nov,r,t,npt,,,,,,,,,,1,,,,,,,,,,1,,,,35,,,1,,,,3,5,,,,,5,,5,,,,15,,,,,,,,,,,,,,,,,,,,,,,,,,,,,,,,,,,,,,,,,,,,,,,,
57,3,Jan_R_NT_Pt,Jan,r,nt,pt,,,,,,,,,,,,,,1,,,,,,,,,,65,,,,,,,,,,,,,,,,,,,10,,,,,,,,,,,,,,,,,,,,,,,,,,,,,,,,,,,,,,,,,,,,,,,,
58,3,Nov_R_NT_Pt,Nov,r,nt,pt,,,,20,,,,,,,,,,,,,,,,,,,,5,,,5,,,,1,,,,,,5,,30,,,,30,,,,,,,,,,,,,,,,,,,,,,,,,,,,,,,,,,,,,,,,,,,,,,,,
59,3,Nov_R_NT_Pt,Nov,r,nt,pt,,,,,,10,,1,,,,,2,45,,,,,,,,,,10,,,,,,,,,,,,,,,30,,,,,,,,,,,,,,,,,,,,,,,,,,2,,,,,,,,,,,,,,,,,,,,,,,,,,
60,3,Jan_R_NT_NPt,Jan,r,nt,npt,,,,,,,,,,,,,,,,,,,,,,,,,,,15,,,,,,,7,30,,,,,,,,,,,,,,7,,,,,,,,,,,,5,5,,,,,,,,,,,,,,,,,,,,,,,,,,,,,
61,3,Jan_R_NT_Pt,Jan,r,nt,pt,,,,,,,,,,,,,30,,,,,,,,,,,,,25,,,,,,,,,,,,,30,,,,,,,,,,,,,,,,,,,,,,,,,,,,,,,,,,,,,,,,,,,,,,,,,,,,
62,3,Nov_R_NT_NPt,Nov,r,nt,npt,,,,,,,,,,5,,,,,,,,,,,,,,10,,,5,,,,,,,,,,,,,,,,10,,,,,,8,,,,,,,,,,,,,,,,,,,5,,,,,,,,,,,,,,,,,,,,,,,
63,3,Jan_R_T_Pt,Jan,r,t,pt,,,,,,1,,,,,,10,,,,,,,,,,,,70,,,,,,,10,,,,,,,,,,,,1,,,,,,,,,,,,,,,,,,5,,,,,,,,,,,,,,,,,,,,,,,,,,,,,,
64,3,Nov_R_T_NPt,Nov,r,t,npt,,,,,,,,,,20,,,,,,,,,,,,,,20,,,5,,,,2,,,,,,,,,,,,,,,,,,5,,,,,,,,,,,,5,,,,,,,,,,,,,,,,,,,,,,,,,,,,,,
65,3,Nov_R_NT_NPt,Nov,r,nt,npt,,,,,,,,,,,,,,,,,,,,,,,,85,,,,,,,,,,,,,,,5,,,,5,,,,,,,,,,,,,,,,,,,,,,,,,,,,,,,,,,,,,,,,,,,,,,,,
66,3,Con,c,c,c,c,,,,,10,,,,,,,,,,,,,,,,,,,70,,,,,,,,,,,,,,,,,,,,,,,,,,,,,,,,,,,,,,,,,,,,,,,,,,,,,,,,,,,,,,,,,,,
67,3,Jan_R_T_NPt,Jan,r,t,npt,,,,,,,,,,,,,,,,,,,,,,,5,5,,,,,,,50,,,,10,,,,,,,,,,,,,,30,,,,,,,,,,,,,,,,,,,,,,,,,,,,,,,,,,,,,,,,,,
68,3,Con,c,c,c,c,,,,,,,,,,,,,,85,,,,,,,,,1,5,,,,,,,,,,,,,,,,,,,,,,,,,,,,,,,,,,,,,,,,,,,,,,,,,,,,,,,,,,,,,,,,,,,
69,3,Nov_R_T_Pt,Nov,r,t,pt,,,,,,,,,,,,,,2,,,,,,,,,,90,,,,,,,,,,,,,,,,,,,,,,,,,5,,,,,,,,,,,,,,,,,,,,,,,,,,,,,,,,,,,,,,,,,,
70,3,Jan_R_NT_NPt,Jan,r,nt,npt,,,,,,5,,,,,,,,,,,,,,,,,,20,,20,,,,,,,,,,,,,,,,,,1,,,,,,,,,,,,,,,,1,,,,,,,,,,,3,,,,,,,,,,,,,,,,,,,,
71,3,Nov_R_NT_Pt,Nov,r,nt,pt,,,,,,,,,,,,,30,,,,,,,,,,,5,,,,,,,,,,,,,,,,,,,30,,,,,,,,,5,,,,,,,,,,,,,,,,,,,,,,,,,,,,,,,,,,,,,,,
72,3,Jan_R_NT_NPt,Jan,r,nt,npt,,,,,,5,,,,,,,,,,,,,,,,,,10,,,5,,,,35,,,,,,,,,,,,,,,,,,,,,,,,,,,,,,20,,,,,,,,,,,,,,,,,,,,,,,,,,,,,,
73,3,Nov_R_T_Pt,Nov,r,t,pt,,,,,,5,,,,,,,,,,80,,,,,,,,,,,,,,,,,,,,,,,,,,,,,,,,,,,,,,,,,,,,,,,,,,,,,,,,,,,,,,,,,,,,,,,,,,,
74,3,Jan_R_NT_NPt,Jan,r,nt,npt,,,,,,5,,,,,,,,,,,,,,,,,,,,,,,,,,,,,,,,,15,,,,,,,,,,25,,,,,,,,,,,,,,,,,,,,,5,,,,,,,,,,,,,,,,,,,,,
75,3,Jan_R_T_NPt,Jan,r,t,npt,,,,,,,,,,,,,,,,,,,,,,,,,,,,,,,,10,,,,,,,,,,,85,,,,,,,,,,,,,,,,,,5,,,,,,,,,,,,,,,,,,,,,,,,,,,,,,
76,3,Nov_R_NT_NPt,Nov,r,nt,npt,,,,,,15,,2,,2,,,,,,,,,,,,,,,,,,,,,,15,,,,,10,,,,,,15,,,,,,3,,,,,,,,,,,,,,,,,,,,,,,,,,,,,,,,,,,,,,,,,,
77,3,Nov_R_NT_Pt,Nov,r,nt,pt,,,,10,,,,,,,,,,,,,,,,,,,,,,,20,,,,,,,,,,,,30,,,,30,,,,,,5,,,,,,,,,,,,,,,,,,,,,,,,,,,,,,,,,,,,,,,,,,
78,3,Nov_R_T_Pt,Nov,r,t,pt,,,,,,,,,,,,,,,,,,,,,,,,20,,,15,,,,,,,,,,,,25,,,,,,,,,,5,,,,,,,,,,,,,,,,,,,,,,,,,,,,,,,,,,,,,,,,,,
79,3,Nov_R_T_Pt,Nov,r,t,pt,,,,,,,,,,,,,,1,,,,,,,,,,93,,,5,,,,,,,,,,,,,,,,,,,,,,1,,,,,,,,,,,,,,,,,,,,,,,,,,,,,,,,,,,,,,,,,,
80,3,Nov_R_NT_Pt,Nov,r,nt,pt,,,,,,,,,,,,,,3,,,,,,,,,,82,,,2,,,,,,,,,,,,1,,,,10,,,,,,,2,,,,,,,,,,,,,,,,,,,,,,,,,,,,,,,,,,,,,,,,,
81,3,Jan_R_T_NPt,Jan,r,t,npt,,,,,,,,,,,,,,,,,,,,,,,5,50,,,,,,,,,,,,,,,,,,,,,,,,,,,,,,,,,,,,,,,,,,,,,5,,,,,,,,,,,,,,,,,,,,,,
82,3,Jan_R_T_Pt,Jan,r,t,pt,,,,,,,,,,5,,,,,,,,,,,,,,30,,,,,,,,,,,,,,,,,,,,,,,,,40,,,,,,,,,,,,,,,,,,,,,,5,,,,,,,,,,,,,,,,,,,,
83,3,Con,c,c,c,c,,,,,35,,,,,,,,,,,,15,,,,,,,5,,,,,,,,,,,,,,,,,,,,,,,5,,,,,,,,,,,,,,,,,,,,,,,,,,,,,,,,,,,,,,,,,,,,
84,3,Nov_R_NT_Pt,Nov,r,nt,pt,,,,,5,,,,,,,20,,,,,10,,,,10,,,,,,1,,,,,,,,,,,,25,,,,,,,,,,2,,,,,,,,,,,,,,,,,,,,,,,,,,,,,,,,,,,,,,,,,,
85,3,Jan_R_T_NPt,Jan,r,t,npt,,,,,,,,2,,,,,,,,2,,,,,,,,7,,,,,,,20,,,,10,,,,30,,,,,,,,,,,,,,,1,,,,,,,,,,,,,,,,,,,,,,,,,,,,,,,,,,,,,
86,3,Con,c,c,c,c,,,,,,48,,,,,,,,,,,,,,,,,,2,,,,,,,,,,,,,,,,38,,,,,,,,,,,2,,,,,,,,,,,,,,,,,,,10,,,,,,,,,,,,,,,,,,,,,
87,3,Jan_R_NT_Pt,Jan,r,nt,pt,,,,,,,,,,,,,,,,,,,,,,,,10,,,,,,,2,,,,5,,,,25,,,,5,,,,5,,,,,,,,,,,,,,,,,,,,2,,,,,,,,,,,,,,,,,,,,,,,,
88,3,Jan_R_T_Pt,Jan,r,t,pt,,,,,,,,5,,,,,,,,3,,,,,,,,,,,,,,,,,,,,,,,72,,,,,,,,,,,,,,,,,,,,,,5,,,,,,,,,15,,,,,,,,,,,,,,,,,,,,,
89,3,Jan_R_T_Pt,Jan,r,t,pt,,,,,,,,,,1,,,,,,,,,,,,,,5,,,,,,,,,,,,,,,60,,,,5,,,,,,,,,,,,,,,,,,10,,,,,,,,,,,,,,,,,,,,,,,,,,,,,,
90,3,Jan_R_NT_Pt,Jan,r,nt,pt,,,,,,,,,,50,,,,,,,,,,,,,,15,,,2,,,,25,,,,,,,,,,,,,,,,,,,,,,,,,,,,,,,,,,,,,,,,,,,,,,,,,,,,,,,,,,,,
91,3,Nov_R_T_NPt,Nov,r,t,npt,,,,,,10,,10,,,,,,,,,,,,,,,,30,,,5,,,,,,,,,,,,10,,,,5,,,,,,,,,,,,,,,,,,20,,,,,,,,,,,,,,,,,,,,,,,,,,,,,,
92,3,Nov_R_T_Pt,Nov,r,t,pt,,,,,,,,,,,,,,,,,,,,,,,,40,,,3,,,,,,,,,,,,30,,,,5,,,,,,,,,,,,,,,,,,3,,,,,,,,,,,,,,,,,,,,,,,,,,,,,,
93,3,Nov_R_T_NPt,Nov,r,t,npt,,,,,,,,40,,,,,,,,,,,,,,,,40,,,10,,,,,,,,1,,,,,,,,5,,,,,,,,,,,,,,,,,,2,,,,,,,,,,,,,,,,,,,,,,,,,,,,,,
94,3,Nov_R_NT_NPt,Nov,r,nt,npt,,,,,,,,,,,,,,,,,,,,,,,,96,,,2,,,,,,,,,,,,,,,,,,,,,,2,,,,,,,,,,,,,,,,,,,,,,,,,,,,,,,,,,,,,,,,,,
95,3,Con,c,c,c,c,,,,,,40,,,,,,,,,,,,,,,,,,15,,,,,,,,,,,,,,,,,,,,,,,,,,,,,,,,,,,,,,15,,,,1,,,,,,,,,,,,,,,,,,,,,,,,,
96,3,Jan_R_T_NPt,Jan,r,t,npt,,,,,,20,,5,,,,,,,,,,,,,,,,15,,,,,,,15,,,,5,,,,5,,,,,,,,,,20,,,,,,,,,,,,,,,,2,,,,,,5,,,,,,,,,,,,,,,,,,,,
97,3,Jan_R_T_NPt,Jan,r,t,npt,,,,,,,,,,,,,2,,,,3,,,,,,,30,,,,,,,10,,,,,,,,,,,,,,,,,,,,,,,,,,,,,,2,,,,,,,,,,,,,,,,,,,,,,,,,,,,,,
98,3,Nov_R_T_NPt,Nov,r,t,npt,,,,,,,,,,,,,,,,5,,,,,,,,10,,,,,,,,,,,,,10,,,,,,,,,,,,,,,,,,,,,,,,,,,,,,,,,,,,,,,,,,,,,,,,,,,,,,
99,3,Nov_R_T_NPt,Nov,r,t,npt,,,,,,,,,,,,,,,,,,,,,,,,20,,,10,,,,,45,,,,,,,,,,,5,,,,,,,,,,,,,,,,,,20,,,,,,,,,,,,,,,,,,,,,,,,,,,,,,
100,3,Con,c,c,c,c,,,,,,,,,,30,,,5,,,2,,,,,,,,10,,,,,,,,,,,,,,,,,,,,,,,2,,,,,1,,,,,,,,,,,,,,,,,,,,,,,,,,,,,,,,,,,,,,,
101,3,Nov_R_T_Pt,Nov,r,t,pt,,,,,,,,2,,,,,,,,10,,,,,,,,,,,30,,,,,,,,,,,,10,,,,10,,,,,,,5,,,,,,,,,,,5,,,,,,,,,,,,,,,,,,,,,,,,,,,,,,
102,3,Jan_R_T_Pt,Jan,r,t,pt,,,,,,,,,,,,,,,,,,,,,,,,20,,,,,,,5,,,,,,,,5,,,,10,,,,,,,10,,,,,,,,,,,,,,,,,,,,,,,,,,,,,,,,,,,,,,,,,
103,3,Con,c,c,c,c,,,5,,,,,,,,,,,,,,,,,,,,,85,,,,,,,,,,,,,,,,,,,10,,,,,,,,,,,,,,,,,,,,,,,,,,,,,,,,,,,,,,,,,,,,,,,,
104,3,Nov_R_NT_NPt,Nov,r,nt,npt,,,,,,,,5,,,,,,,,,,,,,,,,25,,,,,,,,,,,,,,,,,,,45,,,,,,,,,,,,,,,,,,5,,,,,,,,,,,,,,,,,,,,,,,,,,,,,,
105,3,Con,c,c,c,c,,,,,,5,,,,,,,,,,,,,,,,,,,,,,,,,,,,,,,,,,,,,,1,,,,,,,,,,,,,,,,,,,,,70,,,,,,,,,,,,,,,,,,,,,,,,,,
106,3,Jan_R_NT_NPt,Jan,r,nt,npt,,,,,10,,,,,,,,,,,,,,,,,,,60,,,,,,,10,,,,,,,,,,,,,,,,,,,,,,,,,,,,,,,,,,,,,,,,,,,,,,,,,,,,,,,,,,,,
107,3,Nov_R_NT_Pt,Nov,r,nt,pt,,,,,,,,,,,,,1,,,,,,,,,,,84,,,5,,,,,,,,,,,,,,,,10,,,,,,,,,,,,,,,,,,,,,,,,,,,,,,,,,,,,,,,,,,,,,,,,
108,3,Jan_R_T_Pt,Jan,r,t,pt,,,,,,2,,,,,,,,,,,,,,,,,,25,,,30,,,,20,,,,,,,,10,,,,,,,,,,,2,,,,,,,,,,,2,,,,,1,,,,2,,,,,,,,,,,,,,,,,,,,,
109,3,Nov_R_NT_Pt,Nov,r,nt,pt,,,,,,2,,,,,,,,,,,,,,,,,,,,,,,,,,,,,,,,,,,,,,,,,,,,,,,,,,,,,,,,,,,,,,,,,,,,,,,,,,,,,,,,,,,,,
110,3,Nov_R_NT_Pt,Nov,r,nt,pt,,,,,,100,,,,,,,,,,,,,,,,,,,,,,,,,,,,,,,,,,,,,,,,,,,,,,,,,,,,,,,,,,,,,,,,,,,,,,,,,,,,,,,,,,,,,
111,3,Jan_R_T_Pt,Jan,r,t,pt,,,,,,97,,,,,,,,,,,,,,,,,,,,,,,,,,,,,,,,,,,,,,,,,,,,,,1,,,,,,,,,,,,,2,,,,,,,,,,,,,,,,,,,,,,,,,,
112,3,Jan_R_NT_Pt,Jan,r,nt,pt,,,,,,,,70,,,,,,,,2,,,,,,,,3,,,,,,,,,,,,,,,,,,,,,,,,5,,,,,,,,,,,,,5,,,,,,,,,,1,,,,,,,,,,,,,,,,,,,,
113,3,Jan_R_NT_NPt,Jan,r,nt,npt,,,,,,,,,,,,,,,,,,,,,,,,100,,,,,,,,,,,,,,,,,,,,,,,,,,,,,,,,,,,,,,,,,,,,,,,,,,,,,,,,,,,,,,,,,,,
114,3,Jan_R_NT_Pt,Jan,r,nt,pt,,,,,,,,,,,,,,,,,,,,,,,,80,,,,,,,,,,,,,,,15,,,,5,,,,,,,,,,,,,,,,,,,,,,,,,,,,,,,,,,,,,,,,,,,,,,,,
115,3,Nov_R_T_NPt,Nov,r,t,npt,,,,,,,,,,,,,,,,,,,,,,,,20,,,,,,,,,,,,,20,,,,,,30,,,,,,,,,,,,,,,,,,,,,,,,,,,,,,,,,,,,,,,,,,,,,,,,
116,3,Jan_R_T_Pt,Jan,r,t,pt,,,,,,5,,2,,,,,,,,,,,,,,,,75,,,,,,,5,,,,,,,,,,,,5,,,,,,,,,,,,,,,,,,,,,,,,,,,,,,,,,,,,,,,,,,,,,,,,
117,3,Jan_R_NT_NPt,Jan,r,nt,npt,,,,,45,,,,,,,,,,,,,,,,,,,50,,,,,,,,,,,,,,,,,,,,,,,,,,,,,,,,,,,,,,,,,5,,,,,,,,,,,,,,,,,,,,,,,,,,
118,3,Nov_R_NT_NPt,Nov,r,nt,npt,,,,,,2,,,,,,,,,,,,,,,,,,75,,,,,,,,,,,2,,,,,,,,5,,,,,,,,,,,,,,,,,,,,,,10,,,,,,,,,,,,,,,,,,,,,,,,,,
119,3,Jan_R_NT_NPt,Jan,r,nt,npt,,,,,,5,,,,,,,,,,,,,,,,,,20,,,,,,,15,10,,,,,,,5,,,,,,,,,,,,,,,,,,,,,,,,,,,,,,,,,,,,,,,,,,,,,,,,,,,,
120,3,Jan_R_NT_Pt,Jan,r,nt,pt,,,7,,,,,,,,,,,,,,,,,,,,,5,,,10,,,,5,,,,,,,,63,,,,,,,,,,,,,,,,,,,,,,,,,,,,,,,1,,,,,,,,,,,,,,,,,,,,,
121,3,Nov_R_T_Pt,Nov,r,t,pt,,,,,,45,,,,,,,5,,,,,,,,,,,25,,,,,,,,,,,2,1,,,,,,,5,10,,,,,7,,,,,,,,,,,,,,,,,,,,,,,,,,,,,,,,,,,,,,,,,,
122,3,Nov_R_T_NPt,Nov,r,t,npt,,,,,,5,,1,,,,,,,,10,,,,,,,,,,,,,,,,,,,,,,,,,,,30,,,,,,,,,5,,,,,,,,,,,,,,,,,,,,,,,,,,,,,,,,,,,,,,,
123,3,Jan_R_T_NPt,Jan,r,t,npt,,,,,,,,,,,,,,,,,,,,,,,,,,,,,,,,10,,,,,,,10,,,,,,,,,,5,,,,,,,,,,,,,,,,,,,,,10,,,,,,,,,,,,,,,,,,,,,
124,3,Con,c,c,c,c,,,,,,,,,,,,,,85,,,,,,,,,,10,,,,,,,,,,,,,,,,,,,,,,,,,,,,,,,,,,,,,,,,,,,,,,,,,,,,,,,,,,,,,,,,,,,
125,3,Nov_R_T_Pt,Nov,r,t,pt,,,20,,,,,,,,,,,,,,,,,,,,,35,,,,,,,,,,,,,,,,,,,,,,,,,,,,,,,,,,,,,,,,,,,,,,,,,,,,,,,,,,,,,,,,,,,
126,3,Con,c,c,c,c,,,,,,2,,,,,,,,,,,,,,,,,,88,,,,,,,,,,,,,,,,,,,10,,,,,,,,,,,,,,,,,,,,,,,,,,,,,,,,,,,,,,,,,,,,,,,,
127,3,Jan_R_T_NPt,Jan,r,t,npt,,,,,,,,,,,,,,,,,,,,,,,,50,,,,,,,,10,,,,,,,,,,,10,,,,,,,,,,,,,,,,,,15,,,,,,,,,,,,,,,,,,,,,,,,,,,,,,
128,3,Nov_R_NT_NPt,Nov,r,nt,npt,,,,,,,,,,,,,1,,,,,,,,,,,40,,,,,,,,,,,,,,,,,,,40,,,,,,,,,,,,,,,,,,,,,,,,,,,,,,,,,,,,,,,,,,,,,,,,
129,3,Nov_R_T_Pt,Nov,r,t,pt,,,,,,,,,,,,,,,,,,,,,,,,70,,,2,,,,,,,,,,,,,,,,15,,,,,,,,,,,,,,,,,,1,,,,,5,,,,,,,,,,,,,,,,,,,,,,,,,
130,3,Nov_R_T_NPt,Nov,r,t,npt,,,,,,5,,,,,,,,,,,,,,,,,,,,,,,,,,,,,,,,,95,,,,,,,,,,,,,,,,,,,,,,,,,,,,,,,,,,,,,,,,,,,,,,,,,,,,
131,3,Jan_R_NT_NPt,Jan,r,nt,npt,,,,,,25,,,,,,,5,,,,,,,,,,,20,,,,,,,,,,,3,,,,,,,,,,,,,,,,,,,,,,,,,,,,,,,,,,,,,,,,,,,,,,,,,,,,,,,,
132,3,Nov_R_T_NPt,Nov,r,t,npt,,,,,,2,,,,,,,7,,,,,,,,,,,15,,,,,,,,1,,,,,,,,,,,,,,,,,,,,1,,,,,,,,1,5,,,,10,,,,,,,,,,,,,,,,,,,,,,,,,,
133,3,Nov_R_NT_Pt,Nov,r,nt,pt,,,7,,,,1,,,,,,3,,,,,,,,,,,30,,,,,,,,,,,10,,,,,,,,,,,,,,,,,,,,,,,,,,10,,,,,,,,,,,,,,,,,,,,,,,,,,,,,,
134,3,Nov_R_NT_NPt,Nov,r,nt,npt,,,2,,,,,,,,,,,5,,,,,,,,,,70,,,,,,,,,,,,,,,,,,,10,,,,,,,,,,,,,,,,,,,,,,,,,,,,,,,,,,,,,,,,,,,,,,,,
135,3,Con,c,c,c,c,,,,,,,,,,,,,,,,,,,,,,,,40,,,,,,,,,,,,60,,,,,,,,,,,,,,,,,,,,,,,,,,,,,,,,,,,,,,,,,,,,,,,,,,,,,,,
136,3,Jan_R_NT_Pt,Jan,r,nt,pt,,,20,,,,,,,,,,,,,,,,,,,,,30,,,,,,,,,,,,,,,,,,,50,,,,,,,,,,,,,,,,,,,,,,,,,,,,,,,,,,,,,,,,,,,,,,,,
137,3,Nov_R_NT_NPt,Nov,r,nt,npt,,,,,,10,,,,,,,,,,,,,,,,,,70,,,,,,,15,,,,,,,,5,,,,,,,,,,,,,,,,,,,,,,,,,,,,,,,,,,,,,,,,,,,,,,,,,,,,
138,3,Nov_R_T_NPt,Nov,r,t,npt,,,,,,5,,,,,,,,,,,,,,,,,,75,,,,,,,,5,,,,,,,,,,,,,,,,,5,,,,,,,,,,,,,,,,5,5,,,,,,,,,,,,,,,,,,,,,,,,,
139,3,Jan_R_NT_Pt,Jan,r,nt,pt,,,,,,,,,,,,10,,30,,,,,,,,,,10,,,5,,,,,,,,,,,,5,,,,,,,,,,,,,,,,,,,15,,,,,,,,,,,,,,,,,,,,,,,,,,,,,,,,,
140,3,Jan_R_NT_Pt,Jan,r,nt,pt,,,20,,,,,,,,,,,,,15,,,,,,,,5,,,,,,,,,,,5,,,,,,,,,2,,,,,,,,,,,,,,,,,,,,,,,,,,,,,,,,,,,,,,,,,,,,,,,
141,3,Nov_R_NT_NPt,Nov,r,nt,npt,,,,,,,,,,,,,,3,,,,,,,,,,70,,,,,,,,,,,,,,,,,,,,,,,,,,,,5,,,,,1,,,,,,,,,,,,,,,,,,,,,,,,,,,,,,,,,,
142,3,Jan_R_T_NPt,Jan,r,t,npt,,,,10,,10,,,,,,,5,,,20,,,,,,,,10,,,,,,,,,,,10,,,,,,,,,,,,,10,,,,2,,,,,,,,,,10,,,,,,,,,,,,,,,,,,,,,,,,,,,,,
143,3,Jan_R_T_Pt,Jan,r,t,pt,,,,2,,,,,,,,,3,,,7,,,,,,,,,,,1,,,,,30,,,,,,,25,,,,,,,,5,,,,,5,,,,,,,,,7,,,,,2,,,,,,,,,,,,,,,,,,,,,,,,,
144,3,Nov_R_T_NPt,Nov,r,t,npt,,,,,,,,,,,,,,,,25,,,,,,,,2,,,,,,,,25,,,,,,,20,,,,,,,,,,2,,,,,,,,15,,,,,,,,,,,,,,,,,,,,,,,,,,,,,,,,,,
