plot,survey number,fulltreat,season,raking,tamping,seed treatment,Acmispon glaber,Acmispon maritimus var. maritimus,Acmispon strigosus,Artemisia californica,Astragalus douglasii,Astragulus sp.,Avena fatua,Brassica nigra,Brickellia californica,Bromus diandrus,Bromus hordeacous,Bromus madritensis ssp. rubens,Bromus tectorum,Calandrinia menziesii,Calystegia macrostegia,Carduus pynnocephalus,Centaurea melitensis,Chenopodium berlandieri,Chenopodium californicum,Clarkia unguiculata,Claytonia parviflora,Claytonia perfoliata,Corethrogyne filaginifolia,Croton setiger,Cryptantha sp.,Datura wrightii,Deinandra fasciculata,Dichelostemma capitatum ssp. capitatum,Emmenanthe penduliflora var. penduliflora,Encelia californica,Erigeron bonariensis,Erigeron canadensis,Eriogonum fasciculatum var. foliolosum,Eriophyllum confertiflorum var. confertiflorum,Erodium botrys,Erodium cicutarium,Eucrypta chrysanthemifolia var. chrysanthemifolia,Eulobus californicus,Festuca myuros,Galium angustifolium var.angustifolium,haley pic 1 (astragulus),"haley pic 2, clarkia","haley pic 3, thistle like",haley pic 4,"haley pic 5, brickellia?","haley pic 6, fuzzy",haley pic 7,haley pic 8,haley pic 9,Hazardia squarrosa,Helianthus annus,Hesperocnide tenella,Hesperoyucca whipplei,Hirschfeldia incana,Hordeum murinum,Hypochaeris glabra,Isocoma menziesii,Lactuca serriola,Lupinus hirsutissimus,Lupinus succulentus,Lysimachia arvensis,Malacothamnus fasiculatus,Malacothrix saxatilis var. tenuifolia,Malva parvilfora,Marah macrocarpa,Marrubium vulgare,Medicago polymorpha,Melilotus indicus,Nicotiana glauca,"Phacelia (minor, visida like)","Phacelia (tanec, lacey like)",Phacelia cicutaria,Phacelia distans,Phacelia minor,Phacelia tanacetifolia,Phacelia viscida,Pseudognaphalium californicum,Pseudognaphalium luteoalbum,Ribes aureum,Ribes califor,Salsola australis,Salvia columbariae,Salvia mellifera,Sambucus nigra ssp. caerulea,Schismus barbatus,Senecio vulgaris ,Silybum marianum,Sisymbrium oreintale,Sonchus oleraeus,Sonchus oleraeus,Stipa lepida,Stipa pulchra,Trifolium sp.,"unk ale 4, milky sap, thistle like",Unk cheese weedy,Unk deep veined,Unk eriogonum fasc look alike,unk fuzzy heart,Unk fuzzy stem,Unk linear fuzzy,Unk mint,unk round bubbles,unk saggitate,Unk spiny fuzzy,unk spoon spike,unk square leaves,unk stabby plant,Unk start shape,unk succulenty leaves,Unk Y,"unknown 1, nicotiana? Pic","unknown 3, grass, glumes papery",unknown big stick,unknown cotyledon,unknown linear leaf asterd,unknown milky aster,unknown pods,unknown prostrate thistle
,,,,,,,,n,n,n,n,n,nn,nn,n,nn,nn,nn,nn,n,n,nn,nn,n,n,n,n,n,n,n,n,n,n,n,n,n,nn,nn,n,n,nn,nn,n,n,nn,n,,,,,,,,,,n,n,n,n,nn,nn,nn,n,nn,n,n,nn,n,n,n,n,n,nn,nn,nn,n,n,n,n,n,n,n,n,nn,n,n,nn,n,n,n,nn,nn,nn,nn,nn,n,n,n,,,,,,,,,,,,,,,,,,,,,,,,,,
1,1,Jan_R_T_NPt,Jan,r,t,npt,,,,,,,,,,,,,,,,,,,,,,,,,,,,,,,,,,,,,,,,,,,,,,,,,,,,,,,,,,,,,,,,,,,,,,,,,,,,,,,,,,,,,,,,,,,,,,,,,,,,,,,,,,,,,,,,,,,#REF!,#REF!,,
2,1,Jan_R_T_Pt,Jan,r,t,pt,,,,,,,,,,,,,,,,,,,,,,,,,,,,,,,,,,,,,,,,,,,,,,,,,,,,,,,,,,,,,,,,,,,,,,,,,,,,,,,,,,,,,,,,,,,,,,,,,,,,,,,,,,,,,,,,,,,,,,
3,1,Nov_R_NT_NPt,Nov,r,nt,npt,,,,,,,,,,,,,,,,,,,,,,,,,,,,,,,,,,,,,,,,,,,,,,,,,,,,,,,,,,,,,,,,,,,,,,,,,,,,,,,,,,,,,,,,,,,,,,,,,,,,,,,,,,,,,,,,,,,,,,
4,1,Jan_R_NT_Pt,Jan,r,nt,pt,,,,,,,,,,,,,,,,,,,,,,,,,,,,,,,,,,,,,,,,,,,,,,,,,,,,,,,,,,,,,,,,,,,,,,,,,,,,,,,,,,,,,,,,,,,,,,,,,,,,,,,,,,,,,,,,,,,,,,
5,1,Nov_R_NT_Pt,Nov,r,nt,pt,,,,,,,,,,,,,,,,,,,,,,,,,,,,,,,,,,,,,,,,,,,,,,,,,,,,,,,,,,,,,,,,,,,,,,,,,,,,,,,,,,,,,,,,,,,,,,,,,,,,,,,,,,,,,,,,,,,,,,
6,1,Nov_R_NT_Pt,Nov,r,nt,pt,,x,,,,,,x,,,,,,,,,x,,,,x,,,,,,x,,,x,,,,,,,,x,x,,,,,,,,,,,,,,,,,x,x,x,,x,x,,x,,,,,,,,,,,x,x,,,,,,,,,,,,x,,,,,,,,,,,,x,,,,,,,,,,,,,,,,,,,
7,1,Nov_R_T_Pt,Nov,r,t,pt,,x,,,,,,x,,,,,,,,,x,,,,,,,,,,x,,x,x,,,,,,,,,x,,,,,,,,,,,,,,,,,,x,x,,x,x,,,x,,,,,,,,,,,x,,,,,,,x,,,,,x,,,,,,,,,,,,x,,,,,,,,,,,,,,,,,,,
8,1,Nov_R_NT_NPt,Nov,r,nt,npt,,,,,,,,x,,x,,x,,,,,,,,,,,,,,,x,x,,,,,,,,,x,,x,,,,,,,,,,,,,,,,,,x,,,x,x,,,,,,x,,,,,,,,,,,,,,,x,,,,,x,,,,,,,,,,,,x,,,,,,,,,,,,,,,,,,,
9,1,Jan_R_NT_Pt,Jan,r,nt,pt,,,,x,,,,,,x,,,,,,,x,,,,,,,x,,,x,,,x,,,,,,,,x,,,,,,,,,,,,,x,,,,,,x,,,,x,,,,,x,,,,,,x,,x,x,x,,,,,,x,x,,,,,,,,,,,,,,,,,,,,,,,,,,,,,,,,,,,
10,1,Nov_R_NT_Pt,Nov,r,nt,pt,,x,,,,,,x,,x,,,,,,,,,,,,x,,,,,x,x,,,,,,x,,,x,x,x,,,,,,,,,,,,,,,x,,x,,,,x,x,,,,x,,,,,,,,,x,x,,,,,,,,,,,,x,,,,,,,,,,,,x,,,,,,,,,,,x,,,,,,,,
11,1,Jan_R_T_Pt,Jan,r,t,pt,,,,,,,,,,x,,,,,,,x,,,,,,,x,,,x,x,,x,,,x,,,,,x,,,,,,,,,,,,,x,,,,,x,,,,,x,,,,,,,,,x,,,,,x,,,x,,,,x,x,,x,,,,,,,,,,,,,,,,x,,,,,,,,,,,,,,,,,
12,1,Con,c,c,c,c,,,,,,,,,,x,,x,,,,,x,,,,,,,x,,,x,x,,,,,,,,,,,,,,,,,,,,,,,,,,,,,x,,,,x,,,,,,,,,,,,,,,,,,,,,,,,x,,,,,,,,,,,,,,,x,,,,,,,,,,,,,,,,,,
13,1,Nov_R_T_NPt,Nov,r,t,npt,,x,,,,,,x,,x,,x,,,,,x,,,,,,,,,,x,x,x,x,,,,,,x,,x,x,,,,,,,,,,,,,,,x,,,,,,x,x,,,,,,,,,x,x,,,,,,,,,,,x,,,,,x,,,,,,,,,,,,,,,,,,,,,,,,,,,,,,,
14,1,Jan_R_T_NPt,Jan,r,t,npt,,,,,,,,,,x,,,,,,,x,,,,,,,,,,x,x,,,,,x,x,,x,,x,,,,,,,,,,,,,x,,x,,,,,,,x,x,,,,,,,,,x,x,,,,,,,,,,,,x,,,,,,,,,,,,,,,,,,,,,,,,,,,,,,,,,,,
15,1,Jan_R_T_Pt,Jan,r,t,pt,,x,,,,,,,,x,,,,,,,x,,,,,,,,,,x,x,,,,,x,,,,,x,,,,,,,,,,,,,x,,,,,,x,,,,x,,,,,,,,,x,x,,,,,,,,,,,,,,,,,,,,,,,,,,,,,,,,,,,,,,,,,,,,,,,
16,1,Nov_R_T_Pt,Nov,r,t,pt,,,,,,,,x,,x,,,,,,,x,,,,,,,,,,x,,,x,,,,,,,x,x,x,,,,,,,,,,,,x,,,x,,,,x,,x,x,,,x,,,,,,x,x,,,,,,,,,,,,,,,,x,,,,,,,,,,,,,,,,,,,,,,,,,,,,,,,
17,1,Jan_R_T_Pt,Jan,r,t,pt,,,,,,,x,,,x,,,,,,,,,,,,,,,,,x,,,x,,,x,,,,,,,,,,,,,,,,,,x,,,,,,,x,,,x,,,,,,,,,x,x,,,,,,,,,,,,,,,,,,,,,,,,,,,,,,x,x,,,,,,x,,,,,,,,,,
18,1,Jan_R_T_Pt,Jan,r,t,pt,,,,,,,x,,,,,,,,,,,,,,,,,,,,x,,,,,,x,,,,,x,,,,,,,,,,,,,x,,,,,x,,,,,x,,,,,,,,,x,x,,,,,,,,,,,x,,,,,,,,,,,,,,,x,,,,,x,,,,,,,,,,,,,,,,
19,1,Nov_R_NT_Pt,Nov,r,nt,pt,,x,,,,,x,x,,,,,,,,,x,,,,x,x,,,,,x,,,x,,,x,,,,x,x,x,,,,,,,,,,,,,,,x,,x,x,x,,x,,,x,,,,,,,x,x,,,,,,,,,,,x,,,,,x,,,,,,,,,,x,,,,x,,,,,x,,,,,,,,,,,,
20,1,Jan_R_T_NPt,Jan,r,t,npt,,,,,,,,,,x,,,,,,,x,,,,,,,,,,x,,x,,,x,x,x,,,,x,,,,,,,,,,,,,x,,,,,x,x,,,x,x,,,,,,,,,x,x,,,,,,,,,,,x,x,,,,,,,,,,,,,,,,,,x,,,,,,,,x,,,,,,,,,
21,1,Jan_R_NT_Pt,Jan,r,nt,pt,,,,,,,x,x,,x,,,,,,,,,,,,,,,,,x,,,x,,,x,,,,,x,x,,,,,,,,,,,,x,,,,,,x,,,x,x,,,,x,,,,,x,x,,,,,,,,,,,,x,,,,,,,,,,,,,,,,,,x,,,,,,,,,,,,,,,,,
22,1,Nov_R_NT_NPt,Nov,r,nt,npt,,,,,,,,x,,x,,x,,,,,x,,,,,x,,,,,x,,,,,,,x,,,x,,x,,,,,,,,,,,,,,,,,x,x,x,,x,x,,,,,,,,,x,x,,,,,,,,,,,x,,,,x,x,,,,,,,,,,,,,,,,,,,,,,,,,,,,,,,
23,1,Jan_R_NT_NPt,Jan,r,nt,npt,,,,,,,x,x,,x,,,,,,,,,,,,,,,,,x,,,,,,,x,,,,x,,,,,,,,,,,,,x,,,,,,x,,,,x,,,,,,,,,x,x,,,,,,,,,,,x,,,,,,,,,,,,,,,,,,,,,,,,,,,,,,,,,,,,
24,1,Jan_R_NT_NPt,Jan,r,nt,npt,,,,,,,,x,,x,,x,,,,,,,,,,,,,,,x,,,x,,,x,,,,,x,,,,,,,,,,,,,x,,,,,x,x,,,,x,,,,x,,,,,x,x,,,,,,,,,,,x,,,,,,,,,,,,,,,x,,,,x,,,,,,,,,,,,,,,,,
25,1,Jan_R_NT_Pt,Jan,r,nt,pt,,,,,,,,,,x,,,,,,,x,,,,,,,,,,x,,,,,,,,,,,x,,,,,,,,,,,,,x,,,,,,x,,,,x,,,,,,,,,x,x,,,,,,,,,,,,,,,,,,,,,,,,x,,x,,,,x,,,,,,,x,,,,,,,,,,
26,1,Nov_R_NT_NPt,Nov,r,nt,npt,,,,,,,,x,,x,,,,,,,x,,,,,,,,,,x,x,,,,,,,,,,x,x,,,,,,,,,,,,,,,,,x,x,x,,x,x,,,,,,,,,,x,,,,,,,,,,,x,,,,,x,,,,,,,,,,,,,,,,,,,,,,,,,,,,,,,
27,1,Jan_R_NT_Pt,Jan,r,nt,pt,,,,,,,,,,x,,x,,,,,x,,,,,,,,,,x,x,,,,,x,,,,,,,,,,,,,,,,,,,,,,,x,x,,,,x,,,,,,,,,x,x,,,,,,,,,,,,x,,,,,,,,,,,,,,,,,,,,,,,,,,,,,,,,,,,
28,1,Jan_R_NT_Pt,Jan,r,nt,pt,,x,,,,,x,x,,x,,x,,,,,,,,,,,,,,,x,,,x,,x,x,,,,,,,,,,,,,,,,,,x,,,,,,x,,,,x,,,,,,,,,x,x,,,,,,,,,,,,,,,,x,,,,,,,,,,,,,,,,,,,,,,,,,,,,,,,
29,1,Jan_R_NT_NPt,Jan,r,nt,npt,,,x,,,,,x,,,,x,,,,,,,,,,,,x,,,x,,,x,,,x,,,,,x,,,,,,,,,,,,,x,,,,,,,,,,x,,,,,,,,,x,x,,,,,,,,,,,x,x,,,,,,,,,,,,,,,,,,,,,,,,,,,,,,,,,,,
30,1,Nov_R_NT_Pt,Nov,r,nt,pt,,x,,,,x,,x,,,,,,,,,x,,,,,x,,,,,x,,,x,,,,,,,x,x,x,,,,,,,,,,,,,,,x,,x,x,x,x,x,x,,x,,,,,,,x,x,,,,,,,,,,,,,,,,x,,,,,,,,,,,,,,,,,,,,,,,,,,,,,,,
31,1,Nov_R_NT_NPt,Nov,r,nt,npt,,x,,,,,,x,,x,,,,,,,,,,,,,,,,,x,,,x,,,,,,,x,x,,,,,,,,,,,,,,,,,,,,x,,x,,,,,,,,,,x,x,,,,,,,,,,,x,,,,,x,,,,,,,,,,,,,,,,,,,,,,,,,,,,,,,
32,1,Jan_R_T_NPt,Jan,r,t,npt,,,,,,,x,x,,x,,x,,,,,,,,,,,,,,,x,,,,,x,x,x,,,,,,,,,,,,,,,,,x,,,,,x,,,,,x,,,,,,,,,x,x,,,,,,,,,,,,x,x,,x,,,,,,,,,,,,,,,x,x,,,,,,,,,,,,,,,,
33,1,Jan_R_T_Pt,Jan,r,t,pt,,,,,,,x,x,,x,,,,,,,,,,,,,,,,,x,,,,,,x,,,,,x,,,,,,,,,,,,,x,,,,,,x,,,,,,,,,,,,,x,x,,,,,,,,,,,,x,,x,,,,,,,,,,,,x,,,,,x,,,,,,,,,,,,,,,,
34,1,Jan_R_NT_NPt,Jan,r,nt,npt,,x,,,,,x,x,,x,,,,,,,x,,,,x,,,,,,x,,,,,,x,,,,,x,,,,,,,,,,,,,x,,,,,,,,,,,,,,,,,,,x,x,,,,,,,,,,,x,,,,,,,,,,,,,,,,,,,x,,,,,,,,,,,,,,,,,
35,1,Jan_R_T_Pt,Jan,r,t,pt,,,,,,,x,,,x,,,,,,,,,,,,,,,,,x,,,x,,,,,,,,,,,,,,,,,,,,,x,,,,,,x,,,x,x,,,,,,,,,x,x,,,,,,,,,,,x,x,,,,,,,,,,,,,,,,,,x,,,,,,,,x,,,,,,,,,
36,1,Nov_R_T_Pt,Nov,r,t,pt,,,,,,,,x,,x,,,,,,,,,,,x,x,,,,,x,,,,,,x,,,,,x,x,,,,,,,,,,,,,,,x,,,x,x,,x,x,,x,x,,,,,,x,x,,,,,,,,,,,,x,,,,x,,,,,,x,,,,,,,,,,,,,x,,,,,,,,,,,,
37,1,Con,c,c,c,c,,,,,,,,x,,x,,,,,,,,,,,,,,,,,,,,,,,,,,,,,,,,,,,,,,,,,,,,,,,x,x,,,x,,,,,,,,,,,,,,,,,,,,,,,,,,,,,,,,,,,,,,,,,,,,,,,,,,,,,,,,,
38,1,Nov_R_T_Pt,Nov,r,t,pt,,,,,,,,x,,x,,,,,,,x,,,,,x,,,,,x,x,,,,,x,,,,x,,x,,,,,,,,,,,,,,,x,,,x,,,x,x,,,,,,,,,x,x,,,,,,,,,,,,,,,,x,,,,,,,,,,,,,,x,,,,,,,,,,,,,,,,,
39,1,Jan_R_NT_NPt,Jan,r,nt,npt,,,,,,,,x,,x,,x,,,,,,,,,,,,,,,x,,,x,,,x,,,,,,,,,,,,,,,,,,,,,,,x,x,x,,,x,,,,,,,,,x,x,,,,,,,,,,,x,,,,,,,,,,,,,x,,,,,,,,,,,,,,,,,,,,,,,
40,1,Jan_R_T_NPt,Jan,r,t,npt,,,,,,,x,x,,x,,,,,,,,,,,,,,,,,x,,,x,,,,,,,,,,,,,,,,,,,,,x,,,x,,,x,,,,x,,,,,,,,,x,x,,,,,,,,,,,x,x,,x,,,,,,,,,,,,x,,,,,,,,,,,,,,,,,,,,,
41,1,Nov_R_NT_NPt,Nov,r,nt,npt,,x,,,,x,,x,,x,,,,,,,x,,,,,,,,,,x,x,x,,,x,,x,x,,x,x,x,,,,,,,,,,,,x,,,x,,,x,x,,x,x,,,,,,,,,x,x,,,,,,,,,,,x,,,,,x,,,,,,,,,,,,,,,,,,,x,,,,,,,,,,,,
42,1,Nov_R_T_Pt,Nov,r,t,pt,,x,,,,,,x,,x,,,,x,,,,,,,,,,,,,x,x,,x,,,,,,,x,x,x,,,,,,,,,,,,,,,,,,x,,,x,x,,,,,,,,,x,x,,,,,,,,,,,,,,,,x,,,,,,,,,,,,,,,,,x,,,,,,,,,,,,,,
43,1,Jan_R_T_NPt,Jan,r,t,npt,,,,,,,,x,,x,,x,,,,,,,,,,,,,,,x,x,,,,,x,,,,,,,,,,,,,,,,,,x,,,,,,x,x,,,,,,,,,,,,x,x,,,,,,,,x,,,x,x,,,,,,,,,,,,,,,,,,,,,,,,,,,,,,,,,,,
44,1,Con,c,c,c,c,,,,,,,x,x,,,,x,,,,,,,,,,,,,,,,,,,,,x,,,,,,,,,,,,,,,,,,,,,,,,x,,,,x,,,,,,,,,x,,,,,,,,,,,,,,,,,,,,,,,,,,,,,,,,x,,,,,,,,,,,,,,,,
45,1,Nov_R_T_NPt,Nov,r,t,npt,,x,,,,x,,x,,,,,,,,,x,,,,,x,,,,,x,,x,x,,,,x,,,x,x,,,,,,,,,,,,,,,,x,,,x,,,x,x,,,,,,,,,x,x,,,,,,,,,,,x,x,,,,x,,,,,,x,,,,,,,,,,,,,,,,,,,,,,,,,
46,1,Jan_R_NT_NPt,Jan,r,nt,npt,,,,,,,,x,,x,,,,,,,,,,,,,,,,,x,,,x,,,x,,,,x,,x,,,,,,,,,,,,x,,,,,x,,,,,,,,x,,,,,,x,x,,,,,,,,x,,,x,x,,,,,,,,,,,,,,,,,,,,,,,,,,,,,,,,,,,
47,1,Nov_R_T_Pt,Nov,r,t,pt,,x,,,,,,x,,x,,,,,,,,,,,,,,,,,x,,,,,,,,,,x,,,,,,,,,,,,,,x,,,,,,,x,x,x,x,,,,,,,,,x,x,,,,,,,,,,,,,,,,x,,,x,,,,,,,,,,,,,,,,,,,,,,,,,,,,
48,1,Nov_R_NT_Pt,Nov,r,nt,pt,,,,,,,,x,,,,,,,,,,,,,,x,,,,,x,,,x,,,,,,x,x,x,x,,,,,,,,,,,,,,,,,x,,x,,x,,,,,,,x,,,x,x,,,,,,,,,,,x,,,,x,x,,,,,,,,,,,,,,,,,,,,,,,,,,,,,,,
49,1,Nov_R_T_NPt,Nov,r,t,npt,,x,,,,,,x,,,,,,,,,,,,,,x,,,,,x,,,,,,,,,,x,,,,,,,,,,,,,,,,,,,,x,x,,x,,,,,,,,,,x,x,,,,,,,,,,,x,,,,,x,,,,,,,,,,,,,,,,,,,,,,,,,,,,,,,
50,1,Jan_R_T_NPt,Jan,r,t,npt,,,,,,,,x,,x,,,,,,,,,,,,,,,,,x,,x,x,,,x,,,,,,x,,,,,,,,,,,,x,,,,,,,x,,,,,,,,,,,,x,x,,,,,,,,,,,x,,,,,x,,,,,,,,,,,,,,,,,,,,,,,,,,,,,,,
51,1,Nov_R_T_Pt,Nov,r,t,pt,,x,,,,,,x,,,,,,x,,,,,,,x,,,,x,,x,,,x,,,,,,x,,x,x,,,,,,,,,,,,x,,,,,,,,,x,x,,x,x,,,,,,x,x,,,,,,,,,,,,,,,x,,,,x,,,,,,,,,,,,,,,,,,,,,,,,,,,,
52,1,Con,c,c,c,c,,,,,,,,,,x,,,,,,,,,,,,,,,,,,,,,,,,,,,x,x,,,,,,,,,,,,,,,,,,,,,,,x,,,,,,x,,,,,,,,,,,,,,,x,,,,,x,,,,,,,,,,,,,,,,,,,,,,,,,,,,,,,
53,1,Con,c,c,c,c,,,,,,,,,,x,,,,,,,,,,,,,,,,,x,,,,,,,,,,,,,,,,,,,,,,,,,,,,,,,,,,,,,,,,,,,,,,,,,,,,,,,,,,,,,,,,,,,,,,,,,,,,,,,,,,,,,,,,,,,
54,1,Nov_R_T_NPt,Nov,r,t,npt,,,,,,,,x,,,,,,,,,x,,x,,,,,,,,x,,x,,,,,,,x,x,x,,,,,,,,,,,,,,,,,,,x,x,,x,x,,,,,,,,,x,x,,,,,,,,,,,x,,,,,x,,,,,,,,,,,,,,,,,,,,,,,,,,,,,,,
55,1,Jan_R_NT_NPt,Jan,r,nt,npt,,,,,,,,x,,x,,,,,,,,,,,,,,,,,x,,,,,,x,,,,,,x,,,,,,,,,,,,,,,,,,x,,,,,,,,,,,,,x,x,,,,,,,,,,,x,x,,,,,,,,,,,,,x,,,,,,,,,,,,,,,,,,,,,,
56,1,Nov_R_T_NPt,Nov,r,t,npt,,x,,,,,,x,,,,,,x,,,,,,,,,,,,,x,,x,x,,,x,,,,x,x,x,,,,,,,,,,,,x,,,,,x,x,x,,x,x,,,,,,,,,x,x,,,,,,,,,,,x,,,,,x,,,,,,,,,,,,,,,,,,,,,,,,,,,,,,,
57,1,Jan_R_NT_Pt,Jan,r,nt,pt,,,,x,,,,x,,x,,,,,,,,,,,,,,x,,,x,,,x,,,x,,,,,,,,,,,,,,,,,,x,,,,,,x,,,x,,,,,,,,,,x,x,,,,,,,,,,,,x,x,,,,,,,,,,,,,,,,,,,,,,,,,,,,,,,,,,
58,1,Nov_R_NT_Pt,Nov,r,nt,pt,,x,,,,,,x,,,,,,,,,x,,,,,x,,,,,x,,,x,,,,,,,,x,x,,,,,,,,,,,,,,,,,,x,x,,x,,,,,,,,,,x,x,,,,,,,,,,,,,,,,x,,,,,,,,,,,,,,,,,,,,,,,,,,,,,,,
59,1,Nov_R_NT_Pt,Nov,r,nt,pt,,,,,,,,x,,,,,,,,,x,,,,,,,,,,x,,,x,,,,,,,x,x,,,,,,,,,,,,,x,,,,,,x,,,x,x,,x,,,,,,,x,x,,,,,,,,,,,,,,,,x,,,,,,,,,,,,,,,,,,,,,,,,,,,,,,,
60,1,Jan_R_NT_NPt,Jan,r,nt,npt,,,,,,,,,,x,,,,,,,,,,,,,,,,,x,,,,,,x,x,,,x,,,,,,,,,,,,,,x,,,,,,,,,,,,,,,,,,,x,x,,,,,,,,,,,x,,x,,,,,,,,,,,,,,,,,,x,,,,,,,,,,,,,,,,
61,1,Jan_R_NT_Pt,Jan,r,nt,pt,,,,,,,,,,x,,,,,,,,x,,,,,,,,,x,,,,,,x,,,,,,x,,,,,,,,,,,,x,,,,,,,,,,,,,,,,,,,x,x,,,,,,,,,,,,,,,,,,,,,,,,,,,,,,,,,,,,,,,,,,,,,,,
62,1,Nov_R_NT_NPt,Nov,r,nt,npt,,,,,,,,x,,x,,x,,,,,,,,,,,,,,,x,,,x,,,,,,,x,x,,,,,,,,,,,,,,,,x,,x,x,x,,x,,,x,x,,,,,,x,x,,,,,,,,,,,x,,,,,x,,,,,,,,,,,,,,,,,,,,,,,,,,,,,,,
63,1,Jan_R_T_Pt,Jan,r,t,pt,,,,,,,,,,x,,,,,,,,,,,,,,,,,x,,,,,,x,,,,,,,,,,,,,,,,,,,,,,,x,x,,,,,,,,,,,,,x,x,,,,,,,,,,,x,x,x,,,,,,,,,,,,,,,,,,,x,,,,,,,,,,,,,,,
64,1,Nov_R_T_NPt,Nov,r,t,npt,,,,,,,,x,,x,,x,,,,,,,,,x,,,,,,x,,x,x,,,x,,,,x,x,x,,,,,,,,,,,,,,,x,,,x,x,,x,,,x,,,,,,,x,x,,,,,,,,,,,x,x,,,,x,,,,,,,,,,,,,,,,,,,,,,,,,,,,,,,
65,1,Nov_R_NT_NPt,Nov,r,nt,npt,,,,,,,,x,,x,,x,,,,,,,x,,,,,,,,x,,x,x,,,x,x,,,x,x,x,,,,,,,,,,,,,,,x,,x,x,x,,x,,,x,,,,,,,x,x,,,,,,,,,,,x,,,,,x,,,,,,,,,,,,,,,,,,,,,,,,,,,,,,,
66,1,Con,c,c,c,c,,,,,,,,x,,x,,,,,,,x,,x,,,,,,,,,,,,,,,,,,,,,,,,,,x,,,,,,,,,,,,,,,,,,,,,,,,,,,,,,,,,,,,,,,,,,,,,,,,,,,,,,,,,,,,,,,,,,,,,,,,,
67,1,Jan_R_T_NPt,Jan,r,t,npt,,,,,,,,,,x,,,,,,,,,,,,,,,,,x,,,x,,,x,,,,,,,,,,,,,,,,,,x,,,,,x,,,,x,,,,,,,,,,x,x,,,,,,,,,,,x,,,,,,,,,,,,,,,,x,,,,,,,,,,,,,,,,,,,,
68,1,Con,c,c,c,c,,,,,,,,,,x,,,,,,,,,,,,,,,,,,,,,,,,,,x,,,,,,,,,,x,,,,,,,,,,,,,,,,,,,,,,,,,,,,,,,,,,,,,,,,,,,,,,,,,,,,,,,,,,,,,,,,,,,,,,,,
69,1,Nov_R_T_Pt,Nov,r,t,pt,,x,,,,,,x,,,,,x,,,,x,,,,,,,,,,x,,,x,,,,,,,,x,,,,,,,,,,,,,,,,,,,,x,,x,,,,,,,,,,,x,,,,,,,,,,,,,,,,x,,,x,,,,,,,,,,,,,,,,,,,,,,,,,,,,
70,1,Jan_R_NT_NPt,Jan,r,nt,npt,,,,,,,,x,,x,,,,,,,,,,,,,,,,,,,x,,,,,,,,,x,,,,,,,,,,,,,,,,,,,,,,x,,,,,,,,,,x,x,,,,,,,,,,,,,,,,,,,,,,,,,,,,,,,,,,,,,,,,,,,,,,,
71,1,Nov_R_NT_Pt,Nov,r,nt,pt,,x,,,,,,x,,x,,,,,,,,,,,x,,,,,,x,,,x,,,,,,,x,x,x,,,,,,,,,,,,,,,,,,x,x,,x,,,,,,,,,,x,x,,,,,,,,,,,,,,,,x,,,,,,,,,,,,,,,,,,,,,,,,,,,,,,,
72,1,Jan_R_NT_NPt,Jan,r,nt,npt,,,,,,,,,,x,,,,,,,,,,,,,,,,,x,,x,x,,,x,,,,,x,x,,,,,,,,,,,,x,,,,,,,,,,,,,,,,,,,x,x,,,,,,,,,,,x,x,,,,,,,,,,,,,,,,,,,,,,,,,,,,,,,,,,,
73,1,Nov_R_T_Pt,Nov,r,t,pt,,,,,,,,x,,x,,x,,x,,,,,x,,,,,,,,x,,,x,x,,,,,,x,,,,,,,,,,,,,,,,,,,,,,,x,,,,x,,,,,,,x,,,,,,,,,,,x,,,,,x,,,x,,,,,,,,,,,,,,,,,,,,,,,,,,,,
74,1,Jan_R_NT_NPt,Jan,r,nt,npt,,,,,,,,,,x,,,,,,,,,,,,,,,,,x,,x,,,,x,,,,,,,,,,,,,,,,,,x,,,,,x,,,,,,,x,,,,,,,,,,,,,,,,,,,x,x,x,,,,,,,,,,,,,,,,,,,,,,,,,,,,,,,,,,
75,1,Jan_R_T_NPt,Jan,r,t,npt,,,,,,,,,,x,,,,,,,,,,,,,,,,,x,,x,,,,x,x,,,,,x,,,,,,,,,,,,x,,,,,x,x,,,,,,,,,,,,,x,x,,,,,,,,,,,x,x,,,,,,,,,,,,,,,,,,,,,,,,,,,,,,,,,,,
76,1,Nov_R_NT_NPt,Nov,r,nt,npt,,,,,,,,x,,x,,x,,,,,,,,,,,,,,,x,,x,x,,,,,,,x,x,x,,,,,,,,,,,,x,,,,,,x,x,,x,,,x,x,,,,,,x,x,,,,,,,,,,,x,x,,,x,,,,,,,,,,,,,,,,,,,,,,,,,,,,,,,,
77,1,Nov_R_NT_Pt,Nov,r,nt,pt,,,,,,,,x,,,,x,,,,,,,x,,x,,,,,,x,,,x,,,,,,,x,,,,x,,,,,,,,,,,,,,,,x,x,,x,x,,x,,,x,,,,x,x,,,,,,,,,,,x,x,,,,x,,,,,,,x,,,,,,,,,,,,,,,,,,,,,,,,
78,1,Nov_R_T_Pt,Nov,r,t,pt,,x,,,,,,x,,,,,,,,,,,,,,,,,,,x,,x,x,,,,,,,x,,x,,,,,,,,,,,,x,,,,,x,x,x,,x,,,,,,x,,,,x,x,,,,,,,,,,,x,,,,,x,,,,,,,,,,,,,,,,,,,,,,,,,,,,,,,
79,1,Nov_R_T_Pt,Nov,r,t,pt,,,,,x,,,x,,,,,,,,,,,,,,,,,,,x,,,x,,,,,,x,,x,,x,,,,,,,,,,,,,,,,,x,,,x,,,,,,,,,,x,x,,,,,,,,,,,x,,,,,x,,,,,,,,,,,,,,,,,,,,,,,,,,,,,,,
80,1,Nov_R_NT_Pt,Nov,r,nt,pt,,,,,,,,,,,,,,,,,,,,,,,,,,,,,,,,,,,,,x,,,,,,,,,,,,,,,,,,,,,,,,,,,,,,,,,,,,,,,,,,,,,,,,,,,,,,,,,,,,,,,,,,,,,,,,,,,,,,,,,
81,1,Jan_R_T_NPt,Jan,r,t,npt,,,,,,,,x,,x,,,,,,,x,,,,x,,,,,,x,,x,,,,x,,,x,,x,,,,,,,,,,,,,x,,,,,x,,x,,x,x,,,,x,,x,,,x,x,,,,,,,,,,,x,x,,x,,x,,,,,,,x,,,,,,,,,,,,,,,,,,,,,,,,
82,1,Jan_R_T_Pt,Jan,r,t,pt,,,,,,,,x,,x,,,,,,,,,,,,,,,,,x,,,,,,x,,,,,,x,,,,,,,,,,,,x,,,,,x,x,,,,,,,,,,,,,x,x,,,,,,,,,,,x,,,,,,,,,,,,,,,,,,,,,,,,,,,,,,,,,,,,
83,1,Con,c,c,c,c,,,,,,,,x,,x,,,,,,,,,,,,,,,,,,,,,,,x,,,,x,,,x,,,,,,,,,,,,,,,,,,,,,,,,,,,,,,x,,,,,,,,,,,,,,,x,,,,,,,,,,,,,,,,,,,,,,,,,,,,,,,,,
84,1,Nov_R_NT_Pt,Nov,r,nt,pt,,x,,,,,,x,,x,,x,,,,,,,,,,,,,,,x,,,,,,x,,,,x,x,,,,x,x,,,,,,,,,,,,,x,,,,x,,,x,,,,x,,,x,x,,,,,,,,,,,,,,,,x,,,,,,x,,,,,,,,,,,,,,,,,,,,,,,,,
85,1,Jan_R_T_NPt,Jan,r,t,npt,,,,,,,,,,x,,,,,,,,,x,,,,,,,,,,x,,,,x,,,,,,,,,,,,,,,,,,x,,,,,,,,,,,,,,,,,,,x,x,,,,,,,,,,,x,x,,,,,,,,,,,,,,,,,,,,,,,,,,x,,,,,,,,,
86,1,Con,c,c,c,c,,,,,,,,,,x,,x,,,,,,,,,,,,,,,,,,,,,,,,,,,,,,,,,,,,,,,,,,,,,,,,,,,,,,,,,,,,,,,,,,,,,,,,,,,,,,,,,,,,,,,,,,,,,,,,,,,,,,,,,,
87,1,Jan_R_NT_Pt,Jan,r,nt,pt,,,,,,,,x,,x,,,,,,,,,,,,,,,,,x,,,,,,x,,,,x,,,,,,,,,,,,x,,x,,,,,,x,,,,x,,x,,,,,,,x,x,,,,,,,,,,,x,,,,,,,,,,,,,,,,,,,,,,,,,,,,,,,,,,,,
88,1,Jan_R_T_Pt,Jan,r,t,pt,,,,,,,,,,x,,,,,,,,,x,,,,,,,,x,,,x,,,x,,,,,x,,,,,,,,,,,,,x,,,,,x,,,,,,,,,,,,,,x,x,,,,,,,,,,,x,x,,,,,,,,,,,,,,,,,,,,,,,,,,,,,,,,,,,
89,1,Jan_R_T_Pt,Jan,r,t,pt,,,,x,,,,x,,x,,x,,,,,,,,,,,,,,,x,,,x,,,,,,,x,,x,,,,,,,,,,,,x,,,x,,,x,,x,,,,,,,,,,,x,x,,,,,,,,,,,,,,,,,x,,,,,,,,,,,,,,,,,,,,,,,,,,,,,,
90,1,Jan_R_NT_Pt,Jan,r,nt,pt,,,,x,x,,,x,,x,,x,,x,,,x,,,,,,x,,,,x,,,,,,x,,,x,x,x,x,,,,,,,,x,x,x,,x,,,,,,x,,,,,,,,,,,,,x,x,,,,,,,,,,,x,x,,,,,,,,,,,,,,,,,,x,,,,,,,,,,,,,,,,,
91,1,Nov_R_T_NPt,Nov,r,t,npt,,,,,,,,x,,x,,,,,,,,,,,x,,,,,,x,,x,,,,,x,,x,x,x,x,x,,,,,,,,,,,x,,,,,,x,x,,x,,,,,,,,,,,,,,,,,,,,,,x,,,,,x,,,,,,,,,,,,,,,,,,,,,,,,,,,,,,,
92,1,Nov_R_T_Pt,Nov,r,t,pt,,,,,,,,x,,,,,,,,,,,,,x,,,,,,x,,,x,x,,x,,,,x,,,,,,,,,,,,,,,,,,,,,x,,x,,,,,,,,,,x,x,,,,,,,,,,,x,,,,,x,,,,,,,,,,,,,,,,,,,,,,,,,,,,,,,
93,1,Nov_R_T_NPt,Nov,r,t,npt,,,,x,,,,x,,,,,,,,,,,x,,,,,,,,x,,x,,,,x,,,,x,x,x,x,,,,,,,,,,,,,,,,,,x,,x,,,,,,,,,,x,x,,,,,,,,,,,x,,,,,x,,x,,,,x,,,,,,,,,,,,,,x,,,,,,,,,,,
94,1,Nov_R_NT_NPt,Nov,r,nt,npt,,x,,,,,,x,,,,,,,,,,,,,x,,,,,,,,,x,,,x,x,,,x,x,x,,,,,,,,,,,,,,,x,,,,,,x,,,,,,,,,,x,x,,,,,,,,,,,x,x,,,,x,,,,,,,,,,,,,,,,,,,,,,,,,,,,,,,
95,1,Con,c,c,c,c,,,,,,,,,,x,,,,,,,,,,,,,,,,,,,,,,,x,x,,,,,,,,,,,,,,,,,,,,,,,,,,,,,,,,,,,,,,,,,,,,,,,,,,x,,,x,,,,,,x,,,,,,,,,,,,,,,,,,,,,,,,,
96,1,Jan_R_T_NPt,Jan,r,t,npt,,,,,,,,x,,x,,,,,,,,,,,,,,,,,x,,,,,,,,,,x,x,,,,,,,,,,,,,x,,,,,x,,,,,,,,,,,,,,x,,,,,,,,,,,,x,,,,x,,,,,,,,,,,,,,,,,x,,,,,,,,,,,,,,,
97,1,Jan_R_T_NPt,Jan,r,t,npt,,,,x,,,,x,,x,,,,,,,,,,,,,,,,,x,,,x,,,x,x,,,,,,,,,,,,,,,,,x,,,,,x,x,,,x,x,,,,,,,,,x,x,,,,,,,,,,,x,x,,,,,,,,,,,,,,,,,,,,,,x,,,,,,,,,,,,,
98,1,Nov_R_T_NPt,Nov,r,t,npt,,,,,,,,x,,x,,,,,,,,,x,,x,,,,,,x,,,,,,,,,,x,,x,,,,,,,,,,,,,,,,,,,x,,x,,,,,,,,,,x,,,,,,,,,,,,x,,,,,,,,,,,,,,,,,,,,,,,,,,,,,,,,,,,,
99,1,Nov_R_T_NPt,Nov,r,t,npt,,,,,,,,,,,,,,,,,,,,,x,,,,,,x,,,,,,,,,,x,,,,,,,,,,,,,,,,,,,,,x,,,,,,x,,,,,,x,x,,,,,,,,,,,x,,,,x,x,,,,,,,,,,,,,,,,,,,,,,,,,,,,,,,
100,1,Con,c,c,c,c,,,,,,,,x,,x,,x,,,,,,,,,,,,,,,,,,,,,,,,,x,,,,,,,,,,,,,,,,,,,,,x,,x,,,,x,,,,,,,,,,,,,,,,,,,,,,,x,,,,,,,,,,,,,,,,,,,,,,,,,,,,,,,
101,1,Nov_R_T_Pt,Nov,r,t,pt,,,,,,,,x,,,,,,,,,,,,,x,,,,,,x,,,,,,,,,,x,x,,,,,,,,,,,,,x,,,,,,x,x,,x,,,x,,,,,,,x,x,,,,,,,,,,,x,,,,x,x,,,,,,,,,,,,,,,,,,,,,,,,,,,,,,,
102,1,Jan_R_T_Pt,Jan,r,t,pt,,,,,,,,,,x,,x,,,,,,,,,,,,,,,x,,,,,,x,,,,,x,x,,,,,,,,,,,,x,,,,,x,x,x,,,,,,,,,,,,x,x,,,,,,,,,,,x,,,,,,,,,,,,,,,,,,,,,,,,,,,,,,,,,,,,
103,1,Con,c,c,c,c,,,,,,,,x,,x,,,,,,,,,,,,,,,,,x,,,,,,,,,,x,,,,,,,x,,,,,,,,,,,,,x,,,,,,,,,,,,,x,,,,,,,,,,,,,,,x,,,,,,,,,,,,,,,,,,,,,,,,,,,,,,,,,
104,1,Nov_R_NT_NPt,Nov,r,nt,npt,,x,,,,,,x,,x,,,,,,,,,,,,,,,,,x,,x,,,,,,,,x,x,,,,,,,,,,,,,,,,x,,,x,,,x,,,,,,,,,,x,x,,,,,,,,,,,x,,,,x,x,,,,,,,,,,,,,,,,,,,,,,,,,,,,,,,
105,1,Con,c,c,c,c,,,,,,,,x,,x,,,,,,,,,,,,,,,,,x,,,,,,,,,x,,,,,,,,,,,,,,,,,,,,,,,,,,,,,,,,,,,,,,,,,,,,,,,,,,,x,,,,,,,,,,,,,,,,,,,,,,,,,,,,,,,
106,1,Jan_R_NT_NPt,Jan,r,nt,npt,,,,,,,,,,x,,,,,,,,,,,,,,,,,x,,x,x,,,x,x,,,,x,x,,,,,,,,,,,,,,,,,,,,,,,,,,,,,,,x,x,,,,,,,,,,,x,x,x,,,,,,,,,,,,,,,,,,,,,,,,,,,,,,,,,,
107,1,Nov_R_NT_Pt,Nov,r,nt,pt,,x,,,,,,x,,,,,,,,,,,,,x,,,,,,x,,,,,,,,,,x,x,,,,,,,,,,,,,,,,,,,x,,,x,,,,,,x,,,,x,x,,,,,,,,,,,x,,,,,x,,,,,,,,,,,,,,,,,,,,,,,,,,,,,,,
108,1,Jan_R_T_Pt,Jan,r,t,pt,,x,,,,,,x,,,,,,,,,,,,,x,,,,,,x,,,x,,,x,,,,,x,x,,,,,,,,,,,,x,,,x,,,,,,x,,,x,,,x,,,,x,x,,,,,,,,,,x,x,x,,,,,,,,,,,,,,,x,,,,,,,,,,,,,,,,,,,,
109,1,Nov_R_NT_Pt,Nov,r,nt,pt,,,,,,,,,,,,,,,,,,,,,,,,,,,,,,,,,,,,,,,,,,,,,,,,,,,,,,,,,,,,,,,,,,,,,,,,,,,,,,,,,,,,,,,,,,,,,,,,,,,,,,,,,,,,,,,,,,,,,,
110,1,Nov_R_NT_Pt,Nov,r,nt,pt,,,,,,,,,,,,,,,,,,,,,,,,,,,,,,,,,,,,,,,,,,,,,,,,,,,,,,,,,,,,,,,,,,,,,,,,,,,,,,,,,,,,,,,,,,,,,,,,,,,,,,,,,,,,,,,,,,,,,,
111,1,Jan_R_T_Pt,Jan,r,t,pt,,,,,,,,,,,,,,,,,,,,,,,,,,,,,,,,,,,,,,,,,,,,,,,,,,,,,,,,,,,,,,,,,,,,,,,,,,,,,,,,,,,,,,,,,,,,,,,,,,,,,,,,,,,,,,,,,,,,,,
112,1,Jan_R_NT_Pt,Jan,r,nt,pt,,,,,,,,,,x,,,,,,,,,x,,,,,,,,x,,,,,,x,,,,,x,,,,,,,,,,,,,,,,,,,,,,x,,,,,,,,,,x,x,,,,,,,,,,,,x,x,,,,,,,,,,,,,,,,,,,,,,,,,,,,,,,,,,
113,1,Jan_R_NT_NPt,Jan,r,nt,npt,,,,,,,,,,x,,,,,,,,,x,,,,,,,,x,,x,,,,x,x,,,,,,,,,,,,,,,,,,,,,,,,,,,,,,,,,,,,x,x,,,,,,,,,,,x,,,,,,,,,,,,,,,,,,,,,,,,,,,,,,,,,,,,
114,1,Jan_R_NT_Pt,Jan,r,nt,pt,,,,,,,,,,,,,,,,,,,,,,,,,,,x,,,,,,x,,,x,,,,,,,,,,,x,x,,,x,,,,,,x,,,,x,,,,,,,,,,,,,,,,,,,,,x,,,,,,,,,,,,,,,,,,,,,,,,,,,,,,,,,,,,
115,1,Nov_R_T_NPt,Nov,r,t,npt,,,,,,,,x,,,,,,,,,,,,,,,,,,,x,x,,x,,,x,,,x,x,,x,,,,,,,,,,,,,,,x,,,x,,,x,,,,,,,,,,x,,,,,,,,,,,,x,,,,,x,,,,,,x,,,,,,,,,,,,,,,,,,,,,,,,,
116,1,Jan_R_T_Pt,Jan,r,t,pt,,,,,,,,,,,,,,,,,,,,,,,,,,,,,,,,,,,,,,,,,,,,,,,,,,,,,,,,,,,,,,,,,,,,,,,,,,,,,,,,,,,,,,,,,,,,,,,,,,,,,,,,,,,,,,,,,,,,,,
117,1,Jan_R_NT_NPt,Jan,r,nt,npt,,,,,,,,,,,,,,,,,,,,,,,,,,,,,,,,,,,,,,,,,,,,,,,,,,,,,,,,,,,,,,,,,,,,,,,,,,,,,,,,,,,,,,,,,,,,,,,,,,,,,,,,,,,,,,,,,,,,,,
118,1,Nov_R_NT_NPt,Nov,r,nt,npt,,,,,,,,x,,,,,,,,,,,,,,,,,,,x,x,,,,,,,,,x,x,,,,,,,,,,,,,,,,x,,,x,x,,x,,,,,,,,,,x,x,,,,,,,,,,,x,,,,,x,,,,,,,,,,,,,,,,,,,,,,,,,,,,,,,
119,1,Jan_R_NT_NPt,Jan,r,nt,npt,,,,,,,,,,,,,,,,,,,,,,,,,,,,,,,,,,,,,,,,,,,,,,,,,,,,,,,,,,,,,,,,,,,,,,,,,,,,,,,,,,,,,,,,,,,,,,,,,,,,,,,,,,,,,,,,,,,,,,
120,1,Jan_R_NT_Pt,Jan,r,nt,pt,,x,,,,,,x,x,,,,,x,,,,,,,,,,,,,x,,,x,,,,,,,,x,,,,,,,,x,x,,,,x,,,,,,,,,,,,,,,x,,,,x,x,,,,,,,,,,,x,,x,,,,,,,,,,,,,,,,,x,,,,,,,,,,,,,,,,,
121,1,Nov_R_T_Pt,Nov,r,t,pt,,,,,,,,,,,,,,,,,,,,,,,,,,,,,,,,,,,,,,,,,,,,,,,,,,,,,,,,,,,,,,,,,,,,,,,,,,,,,,,,,,,,,,,,,,,,,,,,,,,,,,,,,,,,,,,,,,,,,,
122,1,Nov_R_T_NPt,Nov,r,t,npt,,,,,,,,x,,,,,,,,,,,,,x,,,,,,,,,,,,,,,,x,,,,,,,,,,,,,,,x,,,,,,x,,,,,x,,x,,,,,,x,,,,,,,,,,,x,,,,,x,,,,,,,,,,,,,,,,,,,,,,,,,,,,,,,
123,1,Jan_R_T_NPt,Jan,r,t,npt,,,,,,,,,,,,,,,,,,,,,,,,,,,,,,,,,,,,,,,,,,,,,,,,,,,,,,,,,,,,,,,,,,,,,,,,,,,,,,,,,,,,,,,,,,,,,,,,,,,,,,,,,,,,,,,,,,,,,,
124,1,Con,c,c,c,c,,,,,,,,,,,,,,,,,,,,,,,,,,,,,,,,,,,,,,,,,,,,,,,,,,,,,,,,,,,,,,,,,,,,,,,,,,,,,,,,,,,,,,,,,,,,,,,,,,,,,,,,,,,,,,,,,,,,,,
125,1,Nov_R_T_Pt,Nov,r,t,pt,,,,,,,,,,,,,,,,,,,,,,,,,,,,,,,,,,,,,,,,,,,,,,,,,,,,,,,,,,,,,,,,,,,,,,,,,,,,,,,,,,,,,,,,,,,,,,,,,,,,,,,,,,,,,,,,,,,,,,
126,1,Con,c,c,c,c,,,,,,,,,,,,,,,,,,,,,,,,,,,,,,,,,,,,,,,,,,,,,,,,,,,,,,,,,,,,,,,,,,,,,,,,,,,,,,,,,,,,,,,,,,,,,,,,,,,,,,,,,,,,,,,,,,,,,,
127,1,Jan_R_T_NPt,Jan,r,t,npt,,,,,,,,,,,,,,,,,,,,,,,,,,,,,,,,,,,,,,,,,,,,,,,,,,,,,,,,,,,,,,,,,,,,,,,,,,,,,,,,,,,,,,,,,,,,,,,,,,,,,,,,,,,,,,,,,,,,,,
128,1,Nov_R_NT_NPt,Nov,r,nt,npt,,x,,,,,,x,,,,,,,,,,,,,,,,,,,x,,,x,,,,,,,x,x,,,,,,,,,,,,,,,,,,,x,x,,x,,,x,,,,,,,x,x,,,,,,,,,,,x,,,,,x,,,,,,,,,,,,,,,,,,,,,,,,,,,,,,,
129,1,Nov_R_T_Pt,Nov,r,t,pt,,,,,,,,,,,,,,,,,,,,,,,,,,,,,,,,,,,,,,,,,,,,,,,,,,,,,,,,,,,,,,,,,,,,,,,,,,,,,,,,,,,,,,,,,,,,,,,,,,,,,,,,,,,,,,,,,,,,,,
130,1,Nov_R_T_NPt,Nov,r,t,npt,,,,,,,,,,,,,,,,,,,,,,,,,,,,,,,,,,,,,,,,,,,,,,,,,,,,,,,,,,,,,,,,,,,,,,,,,,,,,,,,,,,,,,,,,,,,,,,,,,,,,,,,,,,,,,,,,,,,,,
131,1,Jan_R_NT_NPt,Jan,r,nt,npt,,,,,,,,,,x,,,,,,,,,x,,,,,,,,,,,,,,,,,,x,,,x,,,,,,,,,,,,x,,,,,,,,,,,x,,,x,,,,,x,,,,,,,,,x,,x,,,,,x,,,,,,,,,,,,,,,,,,,,,,,,,,,,,,,
132,1,Nov_R_T_NPt,Nov,r,t,npt,,,,,,,,,,,,,,,,,,,,,,,,,,,,,,,,,,,,,,,,,,,,,,,,,,,,,,,,,,,,,,,,,,,,,,,,,,,,,,,,,,,,,,,,,,,,,,,,,,,,,,,,,,,,,,,,,,,,,,
133,1,Nov_R_NT_Pt,Nov,r,nt,pt,,,,,,,,,,,,,,,,,,,,,,,,,,,,,,,,,,,,,,,,,,,,,,,,,,,,,,,,,,,,,,,,,,,,,,,,,,,,,,,,,,,,,,,,,,,,,,,,,,,,,,,,,,,,,,,,,,,,,,
134,1,Nov_R_NT_NPt,Nov,r,nt,npt,,,,,,,,,,,,,,,,,,,,,,,,,,,,,,,,,,,,,,,,,,,,,,,,,,,,,,,,,,,,,,,,,,,,,,,,,,,,,,,,,,,,,,,,,,,,,,,,,,,,,,,,,,,,,,,,,,,,,,
135,1,Con,c,c,c,c,,,,,,,,,,,,,,,,,,,,,,,,,,,,,,,,,,,,,,,,,,,,,,,,,,,,,,,,,,,,,,,,,,,,,,,,,,,,,,,,,,,,,,,,,,,,,,,,,,,,,,,,,,,,,,,,,,,,,,
136,1,Jan_R_NT_Pt,Jan,r,nt,pt,,,,x,,,,,,x,,,,,,,,,x,,,,,,,,x,,,,,,,,,,x,,,,,,,,,,,,,,,,,x,,,x,,,,,,,,,,,,,,,,,,,,,,,,,,,,,,,,,,,,,,,,,,,,,,,,,,,,,,,,,,,,,
137,1,Nov_R_NT_NPt,Nov,r,nt,npt,,,,,,,,,,,,,,,,,,,,,,,,,,,,,,,,,,,,,,,,,,,,,,,,,,,,,,,,,,,,,,,,,,,,,,,,,,,,,,,,,,,,,,,,,,,,,,,,,,,,,,,,,,,,,,,,,,,,,,
138,1,Nov_R_T_NPt,Nov,r,t,npt,,,,,,,,,,,,,,,,,,,,,,,,,,,,,,,,,,,,,,,,,,,,,,,,,,,,,,,,,,,,,,,,,,,,,,,,,,,,,,,,,,,,,,,,,,,,,,,,,,,,,,,,,,,,,,,,,,,,,,
139,1,Jan_R_NT_Pt,Jan,r,nt,pt,,,,,,,,,,,,,,,,,,,,,,,,,,,,,,,,,,,,,,,,,,,,,,,,,,,,,,,,,,,,,,,,,,,,,,,,,,,,,,,,,,,,,,,,,,,,,,,,,,,,,,,,,,,,,,,,,,,,,,
140,1,Jan_R_NT_Pt,Jan,r,nt,pt,,,,,,,,,,,,,,,,,,,,,,,,,,,,,,,,,,,,,,,,,,,,,,,,,,,,,,,,,,,,,,,,,,,,,,,,,,,,,,,,,,,,,,,,,,,,,,,,,,,,,,,,,,,,,,,,,,,,,,
141,1,Nov_R_NT_NPt,Nov,r,nt,npt,,,,,,,,,,,,,,,,,,,,,,,,,,,,,,,,,,,,,,,,,,,,,,,,,,,,,,,,,,,,,,,,,,,,,,,,,,,,,,,,,,,,,,,,,,,,,,,,,,,,,,,,,,,,,,,,,,,,,,
142,1,Jan_R_T_NPt,Jan,r,t,npt,,,,,,,,,,,,,,,,,,,,,,,,,,,,,,,,,,,,,,,,,,,,,,,,,,,,,,,,,,,,,,,,,,,,,,,,,,,,,,,,,,,,,,,,,,,,,,,,,,,,,,,,,,,,,,,,,,,,,,
143,1,Jan_R_T_Pt,Jan,r,t,pt,,,,,,,,,,,,,,,,,,,,,,,,,,,,,,,,,,,,,,,,,,,,,,,,,,,,,,,,,,,,,,,,,,,,,,,,,,,,,,,,,,,,,,,,,,,,,,,,,,,,,,,,,,,,,,,,,,,,,,
144,1,Nov_R_T_NPt,Nov,r,t,npt,,,,,,,,,,,,,,,,,,,,,,,,,,,,,,,,,,,,,,,,,,,,,,,,,,,,,,,,,,,,,,,,,,,,,,,,,,,,,,,,,,,,,,,,,,,,,,,,,,,,,,,,,,,,,,,,,,,,,,
1,2,Jan_R_T_NPt,Jan,r,t,npt,,,,,,,,,,x,,,,,,,,,,,,,,,,,x,,,,,,,,,,,,,,,,,,,,,,,,x,,,,,,x,,,,,,,,,,,,,,,,,,,,,,,,,,,,,,x,,,,,,,,,,,,,,,,,,,,,,,,,,,,,,,
2,2,Jan_R_T_Pt,Jan,r,t,pt,,,,,,,,,,x,,x,,,,,,,,,,,x,,,,x,,,x,,,x,,,,,,,,,,,,,,,,,,,,,,,,x,,,,,,,,,,,,,x,,,,,,,,,,,,,x,,,,,,,,,,,,,,,,,,,,,,,,,,,,x,,,,,,,
3,2,Nov_R_NT_NPt,Nov,r,nt,npt,,,,,,,,,,,,x,,,,,,,,,,,,,,,x,,,,,,,,,,,,x,,,,,,,,,,,,x,,,,,,x,,,,,,,,,,,,,,,,,,,,,,,,,x,x,,,,,,,,,,,,,,,,,,,,,,,,,,,,,,,,,,,
4,2,Jan_R_NT_Pt,Jan,r,nt,pt,,,,,,,x,,,x,,x,x,,,,,,,,,,,,,,x,,,,,,,,,,x,,,,,,,,,,,,,,,,,,,,,,,x,,,,,,,,,,,,,,,,,,,,,,,,,,,x,,,,,,,,,,,,,,,,,,,,,,,,,x,,,,,,
5,2,Nov_R_NT_Pt,Nov,r,nt,pt,,,,,,,,,,x,,,,,,,,,,,,,,,,,x,,,,,,,,,,,,x,,,,,,,,,,,,,,,,,,x,,,,,,,,,,,,,,,,,,,,,,,,,,,,,,x,,,,,,,,,,,,,,,,,,,,,,,,,,,,,,,
6,2,Nov_R_NT_Pt,Nov,r,nt,pt,,,,,,x,,,,x,,,,,,,x,,,,,,,,,,x,,,,,,,,,,x,,x,,,,,,,,,,,,,,,,,,x,,,,,,,,,,,,,,,,,,,,,,,,,,,,,,x,,,,,,,,,,,,,,,,,,,,,,,,,,,,,,,
7,2,Nov_R_T_Pt,Nov,r,t,pt,,,,,,,,,,,,,,,,,,,,,,,,,,,x,,,,,,,,,,,,x,,,,,,,,,,,,,,,,,,x,,,,,,,,,,,,,,,,,,,,,,,,,,,,,,,,,,,,,,,,,,,,,,,,,,,,,,,,,,,,,
8,2,Nov_R_NT_NPt,Nov,r,nt,npt,,,,,,,,,,,,,,,,,x,,,,,,,,,,x,,,,,,,,,,,,x,,,,,,,,,,,,,,,,,,x,,,,,,,,,,,,,,,,,,,,,,,,,,,,,,,,,,,,,,,,,,,,,,,,,,,,,,,,,,,,,
9,2,Jan_R_NT_Pt,Jan,r,nt,pt,,,,,,,,,,,,,,,,,x,,,,,,,,,,x,,,,,,x,,,x,x,x,,,,,,,,,,,,,x,,,,,,x,,,,,,,,,,,,,x,,,,,,,,,,,,,x,,,,,,,,,,,,,,,,,,,,,,,,,,,,,x,,,,,,
10,2,Nov_R_NT_Pt,Nov,r,nt,pt,,,,,,,,,,,,,,,,,,,,,,,,,,,x,,,,,,,,,,,,x,,,,,,,,,,,,,,,,,,,,,,,,,,,,,,,,,,,,,,,,,,,,,,,,x,,,,,,,,,,,,,,,,,,,,,,,,,,,,,,,
11,2,Jan_R_T_Pt,Jan,r,t,pt,,,,,,x,,,,,,x,,,,,x,,,,,,,,,,x,,,,,,,,,,x,x,,,,,,,,,,,,,x,,,,,,,,,,,,,,,,,,,x,,,,,,,,,,,,x,x,,,,,,,,,,,,,,,,,,,,,,,,,,,,,x,,,,,,
12,2,Con,c,c,c,c,,,,,,,x,,,x,,x,,,,,x,,,,,,,,,,x,,,,,,,,,,x,,x,,,,,,,,,,,,,,,,,,x,,,,,,,,,,,,,,,,,,,,,,,,,,,,,,,,,,,,,,,,,,,,,,,,,,,,,,,x,,,,,,
13,2,Nov_R_T_NPt,Nov,r,t,npt,,,,,,x,,,,,,,,,,,x,,,,,,,,,,x,,,,,,,,,,,,x,,,,,,,,,,,,,,,,,,x,,,,,,,,,,,,,,,,,,,,,,,,,x,,,,,,,,,,,,,,,,,,,,,,,,,,,,,,x,,,,,,
14,2,Jan_R_T_NPt,Jan,r,t,npt,,,,,,x,x,,,x,,x,,,,,x,,,,,,,,,,x,,,,,,x,,x,,,x,,,,,,,,,,,,,x,,,,,,,,,,x,,,,,,,,x,x,,,,,,,,,,,,x,x,,,,,,,,,,,,,,,,,,,,,,,,,,,,,,,,,,,
15,2,Jan_R_T_Pt,Jan,r,t,pt,,,,,,x,,,,x,,x,,,,,x,,,,,,,,,,x,,,,,,x,,,,,,,,,,,,,,,,,,x,,,,,,x,,,,x,,,,,,,,,x,,,,,,,,,,,,,x,,,,,,,,,x,,,,,,,,,,,,,,,,,,,,,,,,,,
16,2,Nov_R_T_Pt,Nov,r,t,pt,,,,,,,,,,x,,,,,,,x,,,,,,,,,,x,,,,,,,,,,,,,,,,,,,,,,,,x,,,x,,,x,,,x,,,,,,,,,,,x,,,,,,,,,,,,,,,,x,,,,,,,,,,,,,,,,,,,,,,,,,,,,,,,
17,2,Jan_R_T_Pt,Jan,r,t,pt,,,,,,,x,,,x,,,,,,,,,,,,,,,,,x,,,x,,,x,,,,,,,,,,,,,,,,,,x,,,,,,,,,,,,,,,,,,,x,x,,,,,,x,,,,,x,x,,,,,,,,,,,,,,,,,,,,,,,,,,,,,,,,,,,
18,2,Jan_R_T_Pt,Jan,r,t,pt,,,,,,,x,,,x,,,,,,,,,,,,,,,,,x,,,,,,x,,,,,,,,,,,,,,,,,,x,,,,,,x,,,,,,,,,,,,,x,x,,,,,,,,,,,x,,,,,,,,,,,,,,,,,,,,,,,,,,,,,,,,,,,,
19,2,Nov_R_NT_Pt,Nov,r,nt,pt,,,,,,,,,,x,,,,,,,,,,,,,,,,,x,,,,,,,,,,,,x,,,,,,,,,,,,,,,x,,,x,,,,,,,,,,,,,,x,,,,,,,,,,,,,,,,,,x,,,,,,,,,,,,,,,,,,,,,,,,,,,,,
20,2,Jan_R_T_NPt,Jan,r,t,npt,,,,,,,,,,x,,x,,,,,x,x,,,,,,,,,x,,,,,x,x,x,,,x,x,x,,,,,,,,,,,,x,,,,,,x,,,x,,,,,,,,,x,x,,,,,,,,,,,,x,x,,,,,,,,,,,,,,,,,,,,,,,,,,,,,,,,,,,
21,2,Jan_R_NT_Pt,Jan,r,nt,pt,,,,,,,x,,,x,x,x,,,,,,,,,,,,,,,x,,,,,,x,,,,x,x,,,,,,,,,,,,,,,,x,,,x,,,,,,,,,,,,,x,x,,,,,,,,,,,x,x,,,,,,,,,,,,,,,,,,,,,,,,,,,,,,,,,,,
22,2,Nov_R_NT_NPt,Nov,r,nt,npt,,,,,,,,,,x,x,,,,,,x,,,,,,,,,,x,,,,,,,,,,,,x,,,,,,,,,,,,,,,x,,,x,,,,,,,,,,,,,,x,,,,,,,,,,,x,,,,,,,,,,,,,,,,,,,,,,,,,,,,,,,,,,,,
23,2,Jan_R_NT_NPt,Jan,r,nt,npt,,,,,,,,,,x,x,x,x,,,,,,,,,,,,,,x,,,,,,,,,,x,x,,,,,,,,,,,,,x,,,x,,,x,,,,x,,,,,,,,,x,x,,,,,,,,,,,x,x,,,,,,,,,,,,,,,,,,,,,,,,,,,,,,,,,,,
24,2,Jan_R_NT_NPt,Jan,r,nt,npt,,,,,,,,,,x,,x,,,,,x,,,,,,,,,,x,,,,,,x,x,,,x,,,,,,,,,,,,,,x,,,x,,,x,,,,,,,,,,,,,x,x,,,,,,,,,,,x,x,,,,,,,,,,,,,,,,,,,,,,,,,,,,,,,,,,,
25,2,Jan_R_NT_Pt,Jan,r,nt,pt,,,,,,,,,,,x,,,,x,,x,,,,,,,,,,x,,,,,,x,,,,,x,,,,,,,,,,,,,x,,,x,,,x,,,,,,,,,,,,,x,x,,,,,,,,,,,,,,,,,,,,,,,,,,,,,,,,,,,,,,,,,,,,,,,
26,2,Nov_R_NT_NPt,Nov,r,nt,npt,,,,,,,,,,x,,x,,,,,x,,,,,,,,,,x,x,,,,,,,,,,,x,,,,,,,,,,,,,,,x,,,x,,,x,,,,,,,,,,,,,,,,,,,,,,,,,,,,,,,,,,,,,,,,,,,,,,,,,,,,,,,,,,
27,2,Jan_R_NT_Pt,Jan,r,nt,pt,,,,x,,,,,,,x,x,,,,,x,,,,,,,,,,x,,,,,,x,,,,,x,,,,,,,,,,,,,x,,,x,,,x,,,,,,,,,,,,,x,x,,,,,,,,,,,x,,,,,,,,,,,,,,,,,,,,,,,,,,,,,,,,,,,,
28,2,Jan_R_NT_Pt,Jan,r,nt,pt,,,,,,,x,,,x,x,x,x,,,,,,,,,,,,,,x,,,,,x,x,,,,,,,,,,,,,,,,,,x,,,x,,,x,,,,x,,,,,,,,,x,x,,,,,,,,,,,x,,,,,,,,,,,,,,,,,,,,,,,,,,,,,,,,,,,,
29,2,Jan_R_NT_NPt,Jan,r,nt,npt,,,,,,,,,,x,x,x,x,,,,,,,,,,,,,,x,,,,,,x,,,,,x,,,,,,,,,,,,,x,,,x,,,,,,,,,x,,,,,,,x,x,,,,,,x,,,,,x,,,,,x,,,,,,,,,,,,,,,,,,,,,,,,,,,,,,,
30,2,Nov_R_NT_Pt,Nov,r,nt,pt,,,,,,,,,,,,,,,,,x,,,,,,,,,,x,,,,,,x,,,,,,,,,,,,,,,,,,x,,,x,,,x,,,,x,,x,,,,,,,,x,,,,,,,,,,,,x,,,,x,,,,,,,,,,,,,,,,,,,,,,,,,,,,,,,
31,2,Nov_R_NT_NPt,Nov,r,nt,npt,,,,,,,,,,x,,,,,,,,,,,,,,,,,x,,x,,,x,x,,,,,,,,,,,,,,,,,,x,,,x,,,x,,,x,,,,,,x,,,,,x,,,,,,,,,,,x,,,,,x,,,,,,,,,,,,,,,,,,,,,,,,,,,,,,,
32,2,Jan_R_T_NPt,Jan,r,t,npt,,,,,,,,,,x,,x,x,,,,,,,,,,,,,,,,,x,,x,x,,,,x,,,,,,,,,,,,,,x,,,x,,,,,,,,,,,,,,,,x,x,,,,,,,,,,,,x,,,,,,,,,,,,,,,,,,,,,,,,,,,,,,,,,,,
33,2,Jan_R_T_Pt,Jan,r,t,pt,,,,,,,x,,,x,,x,,,,,,,,,,,,,,,x,,,x,,,x,,,,,,,,,,,,,,,,,,x,,,x,,,x,,,,,,x,,,,,,,x,x,,,,,,,,,,,,x,,,,,,,,,,,,,,,,,,,,,,,,,,,,,,,,,,,
34,2,Jan_R_NT_NPt,Jan,r,nt,npt,,,,,,,,,,,,x,x,,,,x,,,,,,,,,,x,,,x,,,x,x,,,,x,,,,,,,,,,,,,x,,,x,,,,,,,,,,,,,,,,x,x,,,,,,,,,,,x,x,,,,,,,,,,,,,,,,,,,,,,,,,,,,,,,,,,,
35,2,Jan_R_T_Pt,Jan,r,t,pt,,,,,,,,,,x,,x,,,,,,x,,,,,,,,,x,,,x,,,x,,,,,,,,,,,,,,,,,,x,,,xx,,,,,,,x,,,,,x,,,,x,x,,,,,,,,,,,x,x,,,,,,,,,,x,,,,,,,,,,,,,,,,,,,,,,,,,
36,2,Nov_R_T_Pt,Nov,r,t,pt,,,,,,,,,,x,,x,,,,x,x,,,,,,,,,,x,,,,,,x,,,,,,x,,,,,,,,,,,,,,,x,,,x,,,,,,,,,x,,,,,x,,,,,,,,,,,,x,,,,x,,x,,,,,,,,,,,,,,,,,,,,,,,,,,,,,
37,2,Con,c,c,c,c,,,,,,,,,,x,,,,,,,,,,,,,,,,,x,,,,,,,,,,,,,,,,,,,,,,,,,,,x,,,x,,,,x,,,,,,,,,,,,,,,,,,,,,,,,,,x,,,,,,,,,,,,,,,,,,,,,,,,,,,,,,,
38,2,Nov_R_T_Pt,Nov,r,t,pt,,,,,,,,,,,,x,,,,,x,,,,,,,,,,x,,,,,,,,,,,,x,,,,,,,,,,,,,,,x,,,x,,,,,,,,,,,,,,x,,,,,,,,,,,x,,,,,x,,,,,,,,,,,,,,,,,,,,,,,,,,,,,,,
39,2,Jan_R_NT_NPt,Jan,r,nt,npt,,,,,,,,,,x,,x,,,,,,,,,,,x,,,,x,,,x,,,x,,,,,,,,,,,,,,,,,,,,,x,,,x,,,,x,,,,,,,,,x,,,,,,,,,,,,x,x,,,,x,,x,,,,,,,,,,,,,,,,,,,,,,,,,,,,,
40,2,Jan_R_T_NPt,Jan,r,t,npt,,,,,,,x,,,x,,x,,,,,,,,,,,,,,,x,,,x,,,x,,,,,x,,,,,,,,,,,,,x,,,x,,,x,,,,x,,,,,,,,,x,x,,,,,,,,,,,x,x,,,,x,,,,,,,,,,,,,,,,,,,,,,,,,,,,,,,
41,2,Nov_R_NT_NPt,Nov,r,nt,npt,,,,,,,,,,,,,,,,,,,,,,,,,,,x,,,,,,x,,,,,,x,,,,,,,,,,,,x,,,x,,,x,x,,,,,,,,,,,,,x,,,,,,,,,,,x,,,,,,,,,,,,,,,,,,,,,,,,,,,,,,,,,,,,
42,2,Nov_R_T_Pt,Nov,r,t,pt,,,,,,,,,,x,x,x,,,,,,,,,,,,,,,x,,,,,,x,,,,,x,x,,,,,,,,,,,,x,,,x,,,x,,,x,x,,,,,,,,,,x,,,,,,,,,,,,,,,,x,,,,,,,,,,,,,,,,,,,,,,,,,,,,,,,
43,2,Jan_R_T_NPt,Jan,r,t,npt,,,,,,,,,,x,,x,,,,,,,,,,,,,,,x,,,,,,x,,,,,,x,,,,,,,,,,,,x,,,,,,x,,,,,,,,,,,,,x,x,,,,,,,,,,,x,x,,,,,,,,,,,,,,,,,,,,,,,,,,,,,,,,,,,
44,2,Con,c,c,c,c,,,,,,,x,,,x,,x,,,,,x,,,,,,,,,,x,,,,,,x,,,,,,x,,,,,,,,,,,,x,,,x,,,x,,,,x,,,,,,,,,x,,,,,,,,,,,,x,,,,,,,,,,,,,,,,,,,,,,,,,,,,,,,,,,,,
45,2,Nov_R_T_NPt,Nov,r,t,npt,,,,x,,x,,,,x,x,x,,,,,x,,,,,,x,,,,x,,,x,,,x,x,,,,x,,,,,,,,,,,,,x,,,x,,,x,x,,x,x,,x,,,,,,,,x,,,,,,,,,,,x,x,,,,,,,,,,,,,,,,,,,,,,,,,,,,,,,,,,x,
46,2,Jan_R_NT_NPt,Jan,r,nt,npt,,,,,,,,,,x,,,,,,,,,,,,,,,,,x,,,x,,,x,,,,,,,,,,,,,,,,,,x,,,,,,,,,,,,,,,,,,,x,x,,,,,,,,x,,,x,x,,,,,,,,,,,,,,,,,,,,,,,,,,,,,,,,,,,
47,2,Nov_R_T_Pt,Nov,r,t,pt,,,,,,,,,,x,,,,,,,,,,,,,,,,,x,,,x,,,,,,,x,,,,,,,,,,,,,,x,,,x,,,,,,x,x,,,,,,,,,,x,,,,,,,,,,,,,,,,x,,x,,,,,,,,,,,,,,,,,,,,,,,,,,,,,
48,2,Nov_R_NT_Pt,Nov,r,nt,pt,,,,,,,,,,,,,,,,,,,,,,,,,,,x,,,,,,,,,,,,x,,,,,,,,,,,,,,,x,,,,,,,x,,,,,,,,,,x,,,,,,,,,,,,,,,,x,,,,,,,,,,,,,,,,,,,,,,,,,,,,,,,
49,2,Nov_R_T_NPt,Nov,r,t,npt,,,,x,,,,,,,,,,,,,,,,,,,,,,,x,,,,,,,,,,,x,,,,,,,,,,,,,,,,x,,,,,,,x,,,,,,,,,,x,,,,,,,,,,,x,x,,,,x,,,,,,,,,,,,,,,,,,,,,,,,,,,,,,,
50,2,Jan_R_T_NPt,Jan,r,t,npt,,,,,,,,,,x,,x,,,,,,,,,,,,,,,x,,,,,,x,,,,,,,,,,,,,,,,,,x,,,,,,,,,,,,,,,,,,,x,x,,,,,,,,,,,,,,,,,,,,,,,,,,,,,,,,,,,,,,,,,,,,,,,
51,2,Nov_R_T_Pt,Nov,r,t,pt,,,,,,,,,,x,,,,,,,,,,,,,,,,,x,,,x,,,x,,,,,,,,,,,,,,,,,,x,,,x,,,,,,,x,,,,,x,,,,,x,,,,,,,,,,,x,x,,,,x,,,,,,,,,,,,,,,,,,,,,,,,,,,,,,,
52,2,Con,c,c,c,c,,,,,,,,,,x,,x,,,,,x,,,,,,,,,,x,,,,,,,,,,,,,,,,,,,,,,,,,,,x,,,,,,,,,x,,,,,,,,,,,,,,,,,,,,,,,,x,,,,,,,,,,,,,,,,,,,,,,,,,,,,,,,x
53,2,Con,c,c,c,c,,,,,,,,,,x,,,,,,,,,,,,,,,,x,,,,,,,,,,,,,,,,,,,,,,,,,,,,x,,,,,,,,,x,,,,,,,,,,,,,,,,,,,,,,,,,,,,,,,,,,,,,,,,,,,,,,,,,,x,,,,,x
54,2,Nov_R_T_NPt,Nov,r,t,npt,,,,,,,,,,,,,,,,,x,,,,,,,,,,x,,,,,,,,,,,,,,,,,,,,,,,,,,,x,,,,,,,,,,,,,,,,,x,,,,,,,,,,,x,,,,,x,,,,,,,,,,,,,,,,,,,,,,,,,,,,,,,
55,2,Jan_R_NT_NPt,Jan,r,nt,npt,,,,,,,,,,x,,x,,,,,x,,,,,,,,,,x,,,,,,x,,,,,,,,,,,,,,,,,,,,,x,,,,,,,,,,,,,,,,x,x,,,,,,,,,,,,,,,,,,,,,,,,,,,,,,,,,,,,,,,,,,,,,,,
56,2,Nov_R_T_NPt,Nov,r,t,npt,,,,,,x,,,,,,,,,,,,,,,,,,,,,x,,,,,,x,x,,,,,,,,,,,,,,,,,x,,,x,,,,,,,x,,,,,,,,,x,x,,,,,,,,,,,x,x,,,,x,,,,,,,,,,,,,,,,,,,,,,,,,,,,,,,
57,2,Jan_R_NT_Pt,Jan,r,nt,pt,,,,x,,,,,,x,,,,,,,,,,,,,,,,,x,,,x,,,x,,,,,,,,,,,,,,,,,,x,,,x,,,,,,,x,,,,,,,,,x,x,,,,,,,,,,,,x,,,,,,,,x,,,,,,,,,,,,,,,,,,,,,,,,,,,
58,2,Nov_R_NT_Pt,Nov,r,nt,pt,,,,,,,,,,,,,,,,,,,,,,,,,,,x,,,x,,,x,,,,,,x,,,,,,,,,,,,x,,,x,,,,x,,,x,,,,,,,,,,x,,,,,,,,,,,,x,,,,x,,,,,,,,,,,,,,,,,,,,,,,,,,,,,,,
59,2,Nov_R_NT_Pt,Nov,r,nt,pt,,,,,,,,,,,,x,,,,,x,,,,,,,,,,x,,,,,,,x,,,,x,,,,,,,,,,,,,x,,,x,,,,,,,,,x,,,,,,,x,x,,,,,,,,,,,x,,,,,x,,,,,,,,,,,,,,,,,,,,,,,,,,,,,,,
60,2,Jan_R_NT_NPt,Jan,r,nt,npt,,,,,,,,,,x,,,,,,,,,,,,,,,,,x,,,x,,,x,x,,,,,,,,,,,,,,,,,x,,,x,,,,,,,,,,,,,,,,x,x,,,,,,x,,,,,x,x,x,,,x,,,,,,,,,,,,,,,,,,,,,,,,,,,,,,,x
61,2,Jan_R_NT_Pt,Jan,r,nt,pt,,,,,,,,,,x,,,,,,,,x,,,,,,,,,x,,,,,,x,,,,,,,,,,,,,,,,,,x,,,,,,,,,,,,,,,,,,,x,x,,,,,,x,,,,,,,x,,,,,,,,,,,,,,,,,,,,,,,,,,,,,,,,,,
62,2,Nov_R_NT_NPt,Nov,r,nt,npt,,,,,,,,,,,,,,,,,,,,,,,,,,,x,,,,,,,,,,,,,,,,,,,,,,,,,,,x,,,x,,,,,,,,,,,,,,x,,,,,,,,,,,x,,,,,x,,,,,,,,,,,,,,,,,,,,,,,,,,,,,,,
63,2,Jan_R_T_Pt,Jan,r,t,pt,,,,,,,,,,x,,,,,x,,,,,,,,,,,,x,,,,,,x,,,,x,,,,,,,,,,,,,,,,,,,,x,,,,,,,,,,,,,x,,,,,,,x,,,,,x,x,,,,,,,,,,,,,,,,,,,,,,,,,,,,,,,,,,,
64,2,Nov_R_T_NPt,Nov,r,t,npt,,,,,,,,,,,,x,,,,,,,,,,,,,,,x,,,,,,,,,,,,,,,,,,,,,,,,,,,x,,,x,,,,,,,,,x,,,,,x,,,,,,,,,,,x,x,,,,x,,,,,,,,,,,,,,,,,,,,,,,,,,,,,,,
65,2,Nov_R_NT_NPt,Nov,r,nt,npt,,,,,,,,,,,,,,,,,,,,,,,,,,,x,,,,,,x,,,,,x,x,,,,,,,,,,,,x,,,x,,,,,,,,,,,,x,,,,x,x,,,,,,,,,,,x,x,,,,x,,x,,,,,,,,,,,,,,,,,,,,,,,,,,,,,
66,2,Con,c,c,c,c,,,,,,,,,,x,,,,,,,,,,,,,,,,,,,,,,,,,,,,,,,,,,,,,,,,,,,,,,,,,,,,,,,,,,,,,,,,,,,,,,,,,,,,,x,,,,,,,,,,,,,,,,,,,,,,,,,,,,,,,x
67,2,Jan_R_T_NPt,Jan,r,t,npt,,,,,,,x,x,,x,,,,,,,,,,,,,,,,x,x,,,x,,,,,,,,,,,,,,,,,,,,,x,,,x,,,,,,,,,x,,,,,,,x,x,,,,,,,,,,,x,,,,,,,,,,,,,,,,,,,,,,,,,,,,,,,,,,,,
68,2,Con,c,c,c,c,,,,,,,,x,,x,,,,,,,x,,,,,,,,,x,x,,,,,,,,,x,,,,,,,,,,,,,,,,,,x,,,,,,,,,,,,,,,x,,,,,,,,,,,,,,,,,,,,,,,,,,,,,,,,,,,,,,,,,,,,,,,,,
69,2,Nov_R_T_Pt,Nov,r,t,pt,,,,,,x,x,,,x,,,,,,x,,,,,,,,,,,x,,,x,,,x,,,,,x,,,,,,,,,,,,,,,,x,,,x,,,x,,,x,,,,,,,,x,,,,,,,,,,,,,,,,x,,,,,,,,,,,,,,,,,,,,,,,,,,,,,,,
70,2,Jan_R_NT_NPt,Jan,r,nt,npt,,,,,,,,x,,x,,,,,,,,,,,,,,,,,,,,,,,x,,,,,,,,,,,,,,,,,,x,,,x,,,,,,x,,,,,,,,,,x,,,,,,,,,,,,x,,,,,,,,,,,,,,,,,,,,,,,,,,,,,,,,,,,,
71,2,Nov_R_NT_Pt,Nov,r,nt,pt,,,,,,,,x,,,,,,,x,,,,,,,,x,,,,x,,,x,,,x,,,,,,,,,,,,,,,,,,x,,,x,,,x,x,,x,,,x,,,x,,,,,x,,,,,,,,,,,,,,,,x,,,,,,,,,,,,,,,,,,,,,,,,,,,,,,,
72,2,Jan_R_NT_NPt,Jan,r,nt,npt,,,,,,,x,x,,x,,x,,,,,,,,,,,,,,,x,,,x,,,x,x,,,x,,,,,,,,,,,,,,x,,,x,,,,,,x,,,x,,,,,,,x,x,,,,,,x,,,,,x,x,,,,,,,,,,,,,,,,,,,,,,,,,,,,,,,,,,,
73,2,Nov_R_T_Pt,Nov,r,t,pt,,,,,,,x,,,x,,x,,,,,,,,,,,,,,,x,,,,,x,,,,,,,,,,,,,,,,,,,,,,x,,,,,,,,,,,,,,,,,x,,,,,,,,,,,,,,,,x,,x,,,,,,,,,,,,,,,,,,,,,,,,,,,,,
74,2,Jan_R_NT_NPt,Jan,r,nt,npt,,,,,,,,,,x,,,,,,,,,,,,,,,,,x,,,,,,,,,,,,,,,,,,,,,,,,x,,,x,,,,,,,,,x,,,,,,,x,x,,,,,,,,,,,x,,x,,,,,,,,,,,,,,,,,,,,,,,,,,,,,,,,,,
75,2,Jan_R_T_NPt,Jan,r,t,npt,,,,,,x,x,,,,,x,,,,,,,,,,,,,,,x,,,,,,x,x,,,,,,,,,,,,,,,,,x,,,x,,,x,,,,,,,,,,,,,x,x,,,,,,,,,,,x,,,,,,,,,,,,,,,,,,,,,,,,,,,,,,,,,,,,
76,2,Nov_R_NT_NPt,Nov,r,nt,npt,,,,,,,x,,,,,,,,,,x,,,,,,,,,,x,,,,,,,,,,x,,x,,,,,,,,,,,,x,,,x,,,x,,,,,,,,,,,,,,x,,,,,,,,,,,x,,,,,x,,,,,,,,,,,,,,,,,,,,,,,,,,,,,,,
77,2,Nov_R_NT_Pt,Nov,r,nt,pt,,,,,,x,,,,x,,x,,,,,x,,,,,,,,,,x,,,,,,x,,,,x,,x,,,,,,,,,,,,x,,,x,,,x,,,,,,,,,x,,,,,x,,,,,,,,,,,,x,,,,x,,,,,,,,,,,,,,,,,,,,,,,,,,,,,,,
78,2,Nov_R_T_Pt,Nov,r,t,pt,,,,,,,,,,,,,,,,,,,,,,,,,,,x,,,,,x,x,,,,,x,,,,,,,,,,,,,x,,,x,,,x,x,,,,,x,,,x,,,,,x,,,,,,,,,,,x,,,,,x,,,,,,,,,,,,,,,,,,,,,,,,,,,,,,,
79,2,Nov_R_T_Pt,Nov,r,t,pt,,,,,,,,,,,,,,,,,x,,,,,,x,,,,x,,,x,,,x,,,,,,,,,,,,,,,,,,,,,x,,,x,,,,,,,,,,,,,,x,,,,,,,,,,,,x,,,,x,,x,,,,,,,,,,,,,,,,,,,,,,,,,,,,,
80,2,Nov_R_NT_Pt,Nov,r,nt,pt,,,,x,,,,x,,,,,,,x,,,,,,,,,,,,x,,,x,,,x,,,,,x,,,,,,,,,,,,,x,,,,x,,x,,,x,x,,x,,,,,,,,x,,,,,,,,,,,,,,,,x,,,,,,,,,,,,,,,,,,,,,,,,,,,,,,,
81,2,Jan_R_T_NPt,Jan,r,t,npt,,,,,,,,x,,x,,,,,,,,,,,,,,,,,x,,,x,,,x,,,,,,,,,,,,,,,,,,x,,,,,,,,,,,,,,,x,,,,,x,,,,,,,,,,,x,x,,,,,,,,,,,,,,,,,,,,,,,,,,,,,,,,,,,
82,2,Jan_R_T_Pt,Jan,r,t,pt,,,,,,,,x,,x,,,,,,,,,,,,,,,,,x,,,,,,x,,,,,,,,,,,,,,,,,,x,,,x,,,x,,,,,,x,,,,,,,,x,,,,,,,,,,,x,,,,,,,,,,,,,,,,,,,,,,,,,,,,,,,,,,,,
83,2,Con,c,c,c,c,,,,,,,x,x,,x,,,,,,,,,,,,,,,,,,,,,,,x,,,,,,,,,,,,,,,,,,,,,,,,,,,,x,,,,,,,,,x,,,,,,,,,,,,,,,,,,,,,,,,,,,,,,,,,,,,,,,,,,,,,,,,
84,2,Nov_R_NT_Pt,Nov,r,nt,pt,,,,,,,x,x,,x,,x,,,x,,,,,,,,,,,,x,,,x,,x,x,,,,,,,,,,,,,,,,,,x,,,x,,,x,x,,x,,,,,,x,,,,,x,,,,,,,,,,,,,,,,x,,,,,,,,,,,,,,,,,,,,,,,,,,,,,,,
85,2,Jan_R_T_NPt,Jan,r,t,npt,,,,,,,,x,,x,,,,,,,,,,,,,,,,,x,,x,,,,x,,,,,,,,,,,,,,,,,,x,,,x,,,x,,,,,,,,,x,,,,x,x,,,,,,,,,,,x,,,,,,,,,,x,,,,,,,,,,,,,,,,,,,,,,,,,,
86,2,Con,c,c,c,c,,,,,,,,,,x,,,,,,,,x,,,,,,,,,,,,,,,,,,,,,,,,,,,,,,,,,,,,,,,,,,,,,,,,,,,,,,,,,,,,,,,,,,,,,,,,,,,,,,,,,,,,,,,,,,,,,,,,,,,,
87,2,Jan_R_NT_Pt,Jan,r,nt,pt,,,,x,,,,,,x,,,,,,,,x,,,,,,,,,x,,,,,,x,,,,,,,,,,,,,,,,,,x,,,x,,,x,,,,,x,,,,,,,,x,x,,,,,,,,,,,x,,,,,,,,,,,,,,,,,,,,,,,,,,,,,,,,,,,,
88,2,Jan_R_T_Pt,Jan,r,t,pt,,,,x,,,,,,,,x,,,,,x,,,,,,,,,,x,,,x,,,x,,,,,x,,,,,,,,,,,,,x,,,,,,,,,,,,,,,,,,,x,x,,,,,,,,,,,,x,,,,x,,,,,,,,,,,,,,,,,,,,,,,,,,,,,,,
89,2,Jan_R_T_Pt,Jan,r,t,pt,,,,x,,,,x,,x,,x,,,,,,,,,,,,,,,x,,,,,x,x,,,,,,,,,,,,,,,,,,x,,,x,,,x,,,,,x,,,,,,,,x,,,,,,,,,,,,x,x,,,,,,,,x,,,,,,,,,,,,,,,,,,,,,,,,,,,
90,2,Jan_R_NT_Pt,Jan,r,nt,pt,,,,,,,,x,,x,,x,,,,,,,,,,,,,,,x,,,,,x,x,,,,,x,,,,,,,,,,,,,x,,,x,,,x,,,,,,,,,,,,,x,x,,,,,,,,,,,x,x,,,,x,,,,,,,,,,,,,,,,,,,,,,,,,,,,,,,
91,2,Nov_R_T_NPt,Nov,r,t,npt,,,,,,,,x,,x,,,,,,,,,,,,,,,,,x,,,,,,x,,,,,x,,,,,,,,,,,,,x,,,x,,,x,x,,,,,,,,x,,,,,x,,,,,,,,,,,x,x,,,,,,,,,,,,,,,,,,,,,,,,,,,,,,,,,,,
92,2,Nov_R_T_Pt,Nov,r,t,pt,,,,,,,,x,,x,,,,,,,,,,,,,,,,,x,,,,,,x,,,,x,x,,,,,,,,,,,,,x,,,x,,,x,x,,x,,,,,,,,,,x,x,,,,,,,,,,,,,,,,x,,x,,,,,,,,,,,,,,,,,,,,,,,,,,,,,
93,2,Nov_R_T_NPt,Nov,r,t,npt,,,,x,,,,x,,x,,,,,,,,,,,,,,,,,x,,,x,,,x,x,,,,,x,,,,,,,,,,,,x,,,x,,,x,,,x,,,,,,,,,,,x,,,,,,,,,,,x,x,,,,x,,,,,,,,,,,,,,,,,,,,,,,,,,,,,,,
94,2,Nov_R_NT_NPt,Nov,r,nt,npt,,,,,,,,x,,x,,,,,x,x,,,,,,,,,,,x,,,x,,,x,x,,,,x,,,,,,,,,,,,,x,,,x,,,x,,,x,,,,,,,,,,,,,,,,,,,,,,x,,,,,x,,,,,,,,,,,,,,,,,,,,,,,,,,,,,,,
95,2,Con,c,c,c,c,,,,,,,,x,,x,,,,,,,,,,,,,,,,,,,,,,,,,,,,,,,,,,,,,,,,,,,,,,,,,,x,,,,,,,,,,,,,,,,,,,,,,,,x,,,x,,,,,,,,,,,,,,,,,,,,,,,,,,,x,,,,
96,2,Jan_R_T_NPt,Jan,r,t,npt,x,,,x,,,,x,,x,,,,,x,,,,,,,,,,,,,,,,,,x,x,,,,x,,,,,,,,,,,,,x,,,x,,,,,,x,,,,,,,,,,,,,,,,,,,,,,x,,,,,x,,,,x,,,,,,,,,,,,,,,,,,,,,,,x,,,,
97,2,Jan_R_T_NPt,Jan,r,t,npt,,,,x,,,,x,,x,,,,,,,,x,,,,,,,,,x,,,,,,x,x,,,,,,,,,,,,,,,,,x,,,,,,,,,,x,,,,,,,,,x,,,,,,,x,,,,,,x,x,,,x,,,,,,,,,,,,,,,,,,,,,,,,,,,,,x,,
98,2,Nov_R_T_NPt,Nov,r,t,npt,,,,,,,,x,,x,,,,,,,x,,,,,,,,,,x,,,,,,,,,,x,,,,,,,,,,,,,,x,,,,,,,,,,,,,,,x,,x,,,x,,,,,,,,,,,x,,,,,x,,x,,,,,,,,,,,,,,,,,,,,,,,,,,,,,
99,2,Nov_R_T_NPt,Nov,r,t,npt,,,,,,,,x,,x,,,,,,,,x,,,,,,,,,x,,,x,,,,x,,,x,x,,,,,,,,,,,,,,,,,,,,x,,,,,,,x,x,,,,x,x,,,,,,,,,,,x,x,,,,x,,,,,,,,,,,,,,,,,,,,,,,,,,,,,,,
100,2,Con,c,c,c,c,,,,,,,,x,,x,,x,,,,,,x,,,,,,,,,,,,,,,,,,,,,,,,,,,,,,,,,x,,,,,,,,,,,,,,,,,,,x,,,,,,,,,,,,,,,,,x,,x,,,,,,,,,,,,,,,,,,,,,,,,,,,,,
101,2,Nov_R_T_Pt,Nov,r,t,pt,,,,,,,,,,x,,,,,,,x,,,,,,,,,,x,,,x,,,,,,,,,,,,,,,,,,,,,x,,,x,,,x,x,,,,,x,,,,,,x,,x,,,,,,,,,,,,,,,,x,,,,,,,,,,,,,,,,,,,,,,,,,,,,,,,
102,2,Jan_R_T_Pt,Jan,r,t,pt,,,,,,,,,,x,,,,,,,,,,,,,,,,,x,,,,,,,,,,,,,,,,,,,,,,,,x,,,,,,x,,,,,,,,,,,,,x,x,,,,,,,,,,,x,,,,,,,x,,,x,,,,,,,,,,,,,,,,,,,,,,,,,,
103,2,Con,c,c,c,c,,,,x,,,,x,,x,,x,,,,,,,,,,,,,,,x,,,,,,,,,,,,,,,,,,,,,,,,,,,x,,,x,,,,,,,,,,,,,,,,,,,,,,,,,,,,,,,,x,,,,,,,,,,,,,,,,,,,,,,,,,x,,,,
104,2,Nov_R_NT_NPt,Nov,r,nt,npt,,,,,,,,x,,x,,,,,,,,,,,,,,,,,x,,,,,,,,,,,,,,,,,,,,,,,,,,,x,,,x,,,x,,,,,,,,,,,x,,,,,,,,,,,x,,,,,x,,,,,,,,,,,,,,,,,,,,,,,,,,,x,,,,
105,2,Con,c,c,c,c,,,,,,,,x,,x,,x,,,,,,,,,,,,,,,x,,,,,,x,x,,,,,,,,,,,,,,,,,,,,x,,,x,,,,,,,,,,,,,,,,,,,,,,,,,x,x,,,,x,,,,,,,,,,,,,,,,,,,,,,,,,,,,,,,
106,2,Jan_R_NT_NPt,Jan,r,nt,npt,,,,,,,,x,,x,,x,,,,,,,,,,,,,,,x,,,,,,x,,,,,x,,,,,,,,,,,,,x,,,,,,x,,,,,,,,,,,,,x,x,,,,,,,,,,,x,x,,,,x,,,,,,,,,,,,,,,,,,,,,,,,,,,,,,,
107,2,Nov_R_NT_Pt,Nov,r,nt,pt,,,,x,,,,x,,,x,,,,,x,x,,,,,,,,,,x,,,x,,,x,,,,x,x,,,,,,,,,,,,,,,,,,,x,x,,,,,,,,x,,,,x,x,,,,,,,,,,x,x,x,,,,x,,x,,,,,,,,,,,,,,,,,,,,,,,,,,x,,,
108,2,Jan_R_T_Pt,Jan,r,t,pt,,,,,,,,x,,x,,x,,,x,,,,,,,,,,,,x,,,x,,,x,,,,,x,,,,,,,,,,,,,x,,,,,,,,,,,,,,,x,,,,x,x,,,,,,,,,,x,x,x,,,,,,,,,,,,,,,,,,,,,,,,,,,,,,,,,,,
109,2,Nov_R_NT_Pt,Nov,r,nt,pt,,,,,,,,x,,x,,,,,,,,,,,,,x,,,,x,,,,,,x,,,,,,,,,,,,,,,,,,,,,x,,,x,,,x,,,,,,,,,,,x,,,,,,,,,,,,,,,,x,,,,,,,,,,,,,,,,,,,,,,,,,,,,,,,
110,2,Nov_R_NT_Pt,Nov,r,nt,pt,,,,,,,,x,,x,,,,,,,x,,,,,,,,,,,,,,,,,,,,,,,,,,,,,,,,,,,,,,,,,,,,,,,,,x,,,,,x,,,,,,,,,,,,,,,,x,,,,,,,,,,,,,,,,,,,,,,,,,,,,,,,
111,2,Jan_R_T_Pt,Jan,r,t,pt,,,,,,,,x,,x,,,,,,,,x,,,,,,,,,x,,,x,,,,,,,,,,,,,,,,,,,,,,,,,,,,,,,,,,,,,,,,,,,,,,,,,,,,,,,,,x,,,,,,,,,,,,,,,,,,,,,,,,,,,,,,,
112,2,Jan_R_NT_Pt,Jan,r,nt,pt,,,,,,,,,,x,,,,,,,,x,,,,,,,,,,,,,,,x,,,,x,x,,,,,,,,,,,,,,,,x,,,,,,,,x,,,,,,,,x,,,,,,,,,,,,,x,,,,,,,,,,,,,,,,,,,,,,,,,,,,,,,,,,,
113,2,Jan_R_NT_NPt,Jan,r,nt,npt,,,,,,,,,,x,,,,,,,,,,,,,,,,,x,,,x,,,x,x,,,,,,,,,,,,,,,,,,,,,,,,,,,,,,,,,,,,x,x,,,,,,x,,,,,,,,,,x,,,,,,,,,,,,,,,,,,,,,,,,,,,,,,,
114,2,Jan_R_NT_Pt,Jan,r,nt,pt,,,,,,,,,,x,,,,,,,x,,,,,,,,,,x,,,,,,x,,,,,,,,,,,,,,,,,,x,,,,,,,,,,x,,,,,,,,x,x,x,,,,,,,,,,,x,,,,,,,,,,,,,,,,,,,,,,,,,,,,,,,,,,,,
115,2,Nov_R_T_NPt,Nov,r,t,npt,,,,,,,,x,,,,,,,,,,,,,,,,,,,x,,,,,,,,,,,,,,,,,,,,,,,,,,,x,,,,,,,,,,,,,,,,,,,,,,,,,,,,,,,,,,,,,,,,,,,,,,,,,,,,,,,,,,,,,,,,
116,2,Jan_R_T_Pt,Jan,r,t,pt,,,,,,,,x,,x,,,,,,,,,,,,,,,,,x,,,,,,x,,,,,,,,,,,,,,,,,,,,,,,,,,,,,x,,,,x,,,,x,x,,,,,,,,,,,,,,,,,,,,,,,,,,,,,,,,,,,,,,,,,,,,,,,
117,2,Jan_R_NT_NPt,Jan,r,nt,npt,,,,,,,,x,,x,,,,,,,,,,,,,,,,,x,,,,,,,,,,,,,,,,,,,,,,,,x,,,x,,,,,,,,,,,,,,,,,,,,,,,,,,,,,,,,,,,,,,,,,,,,,,,,,,,,,,,,,,,,,,,,
118,2,Nov_R_NT_NPt,Nov,r,nt,npt,,,,,,,,x,,,,,,,,,,,,,,,,,,,x,,,,,,x,,,,,,,,,,,,,,,,,,,,,x,,,,,,,,,,,,,,,,,x,,,,,,,,,,,,,,,,x,,,,,,,,,,,,,,,,,,,,,,,,,,,,,,,
119,2,Jan_R_NT_NPt,Jan,r,nt,npt,,,,,,x,,x,,x,,,,,,,,,,,,,,,,,x,,,x,,,x,x,,,,x,,,,,,,,,,,,,x,,,,,,,,,,,,,,,x,,,,,x,,,,,,,,,,,x,x,,,,,,,,,,,,,,,,,,,,,,,,,,,,,,,,,,,
120,2,Jan_R_NT_Pt,Jan,r,nt,pt,,,,x,,,,x,,x,,,,,,,,,,,,,,,,,x,,,x,,,x,,,,,x,,,,,,,,,,,,,x,,,,,,,,,,,,,,,x,,,,x,x,,,,,,,,,,,x,x,,,,,,,,,,,,,,,,,,,,,,,,,,,,,,,,,,,
121,2,Nov_R_T_Pt,Nov,r,t,pt,,,,,,,,x,,,,,,,,,,,,,,,,,,,x,,,,,,,,,,,x,,,,,,,,,,,,,,,,x,,,,,,x,,,,,,,,,,x,x,,,,,,,,,,,x,,,,,x,,,,,,,,,,,,,,,,,,,,,,,,,,,,,,,
122,2,Nov_R_T_NPt,Nov,r,t,npt,,,,,,,,x,,x,,,,,,,,,,,,,,,,,x,,,,,,x,x,,,,,,,,,,,,,,,,,,,,x,,,,,,,,,,,,x,,,,,x,,,,,,,,,,,,,,,,x,,,,,,,,,,,,,,,,,,,,,,,,,,,,,,,
123,2,Jan_R_T_NPt,Jan,r,t,npt,,,,,,,,x,,x,,,,,,,,,,,,,,,,,x,,,,,,,,,,x,,,,,,,,,,,,,,x,,,,,,,,,,,,,,,x,,,,x,x,,,,,,,,,,,,x,,,,,,,,,,,,,,,,,,,,,,,,,,,,,,,,,,,
124,2,Con,c,c,c,c,,,,x,,,,,,x,,,,,,,x,x,,,,,,,,,x,,,,,,,,,,x,,,,,,,,,,,,,,,,,,,,x,,,,,,,,,,,,,,,,,,,,,,,,,,,,,,x,,,,,,,,,,,,,,,,,,,,,,,,,,,,,,,
125,2,Nov_R_T_Pt,Nov,r,t,pt,,,,,,,,x,,x,,,,,,,x,,,,,,,,,,x,,,,,,,,,,,,,,,,,,,,,,,,,,,x,,,x,,,,,,,,,,,,,,,,,,,,,,,,,,,,,,x,,,,,,,,,,,,,,,,,,,,,,,,,,,,,,,
126,2,Con,c,c,c,c,,,,,,,,x,,x,,,,,,,,,,,,,,,,,x,,,,,,,,,,,,,,,,,,,,,,,,,,,x,,,x,,,,,,,,,,,,,,,,,,,,,,,,,,,,,,,,,,,,,,,,,,,,,,,,,,,,,,,,,,,,,
127,2,Jan_R_T_NPt,Jan,r,t,npt,,,,x,,,,x,,x,,,,,,,,,,,,,,,,,x,,,,,,,x,,,,,,,,,,,,,,,,x,,,,x,,,x,x,,,,,,,,,,,,x,,,,,,,x,,,,,x,x,,,,,,,,,,,,,,,,,,,,,,,,,,,,,,,,,,,
128,2,Nov_R_NT_NPt,Nov,r,nt,npt,,,,,,,,x,,x,,,,,,,,,,,,,,,,,x,,,,,,,,,,,x,,,,,,,,,,,,,,,,x,,,x,,,x,,,,,,,,,,,x,,,,,,,,,,,,,,,,x,,,,,,,,,,,,,,,,,,,,,,,,,,,,,,,
129,2,Nov_R_T_Pt,Nov,r,t,pt,,,,,,,,x,,x,,,,,,,,,,,,,,,,,x,,,,,,,,,,,x,,,,,,,,,,,,,x,,,x,,,x,,,x,x,,,,,,,,,,x,,,,,,,,,,,,,,,,x,,,,,,,,,,,,,,,,,,,,,,,,,,,,,,,
130,2,Nov_R_T_NPt,Nov,r,t,npt,,,,x,,,,x,,x,,,,,,,,,,,,,,,,,x,,x,,,,,,,,,,,,,,,,,,,,,,x,,,,,,,,,,,,,,,x,,,,,,,,,,,,,,,,,x,,,,,,,,,,,,,,,,,,,,,,,,,,,,,,,,,,,
131,2,Jan_R_NT_NPt,Jan,r,nt,npt,,,,,,,,x,,x,,,,,,,x,,,,,,,,,,x,,,,,,,,,,,,,,,,,,,,,,,,,,,x,,,,,,,x,,,,,,,,,,x,,,,,,,,,,,,,,,,,,,,,,,,,,,,,,,,,,,,,,,,,,,,,,,
132,2,Nov_R_T_NPt,Nov,r,t,npt,,,,,,,,,,x,,,,,,,,,,,,,,,,,x,,,,,,x,,,,,,,,,,,,,,,,,,x,,,x,,,,,,,,,,,,x,,,,x,,,,,,,,,,,,x,x,,,,,,,,,,,,,,,,,,,,,,,,,,,,,,,,,,,
133,2,Nov_R_NT_Pt,Nov,r,nt,pt,,,,x,,,,x,,x,,,,,,,,,,,,,,,,,x,,,,,,,,,,,,,,,,,,,,,,,,x,,,x,,,,,,,,,x,,,,,,,,,,,,,,,,,,,x,x,,,,x,,,,,,,,,,,,,,,,,,,,,,,,,,,,,,,
134,2,Nov_R_NT_NPt,Nov,r,nt,npt,,,,,,,,x,,x,,,,,,,,,,,,,,,,,x,,,,,,,,,,,,,,,,,,,,,,,,,,,x,,,x,,,,,,,,,x,,,,,x,,,,,,,,,,,,,,,,x,,,,,,,,,,,,,,,,,,,,,,,,,,,,,,,
135,2,Con,c,c,c,c,,,,,,,,x,,,,,,,,,x,,,,,,,,,,x,,,,,,,,,,,,x,,,,,,,,,,,,,,,x,,,x,,,,,,,,,,,,,,x,,,,,,,,,,,,,,,,x,,,,,,,,,,,,,,,,,,,,,,,,,,,,,,,
136,2,Jan_R_NT_Pt,Jan,r,nt,pt,,,,x,,,,x,,x,,x,,,,,,,,,,,,,,,x,,,,,,,,,,,,,,,,,,,,,,,,,,,x,,,x,,,,,,,,,x,,,,,,,,,,,,,,,,,,,,,,,,,,,,,,,,,,,,,,,,,,,,,,,,,,,,
137,2,Nov_R_NT_NPt,Nov,r,nt,npt,,,,,,,,x,,x,,,,,,,,,,,,,,,,,x,,,,,,x,,,,,,,,,,,,,,,,,,x,,,,,,,,,,,,,,,,,,x,x,,,,,,,x,,,,,x,,,,,x,,,,,,,,,,,,,,,,,,,,,,,,,,,,,,,
138,2,Nov_R_T_NPt,Nov,r,t,npt,,,,,,,,x,,x,,,,,,,x,,,,,,,,,,x,,,,,,,,,,,x,,,,,,,,,,,,,,,,,,,,,,x,,,,,,,,,,,,,,,,,,,,,,x,,,,,x,,,,,,,,,,,,,,,,,,,,,,,,,,,,,,,
139,2,Jan_R_NT_Pt,Jan,r,nt,pt,,,,,,,,x,,x,,,,,x,,x,,,,,,,,,,x,,,x,,x,,,,,,,x,,,,,,,,,,,,x,,,,,,x,,,,x,,,,,x,,,,,x,,,,,,,,x,,,x,x,,,,x,,,,,,,,,,,,,,,,,,,,,,,,,,,,,,,
140,2,Jan_R_NT_Pt,Jan,r,nt,pt,,,,x,,,,x,,x,,,,,,,,,,,,,,,,,x,,,,,,,,,,,,,,,,,,,,,,,,,,,x,,,,x,,,,,x,,,x,,,,,,,,,,,,,,,,,,,,,x,,,,,,,,,,,,,,,,,,,,,,,,,,,,,,,
141,2,Nov_R_NT_NPt,Nov,r,nt,npt,,,,,,,,x,,x,,x,,,,,,,,,,,,,,,x,,,,,,x,,,,,x,,,,,,,,,,,,,,,,,,,,,,,,x,,,,x,,,,x,,,,,,,x,,,,,,x,,,,x,,,,,,,,,,,,,,,,,,,,,,,,,,,,,,,x
142,2,Jan_R_T_NPt,Jan,r,t,npt,,,,,,x,,,,x,,x,,,,,,,x,,,,,,,,x,,,,,,,,,,,,x,,,,,,,,,,,,x,,,,,,,,,,,x,,,,x,,,,,,,,,,,x,,,,,x,x,,,,,,,,,,,,,,,,,,,,,,,,,,,,,,,,,,,
143,2,Jan_R_T_Pt,Jan,r,t,pt,,,,x,,,,x,,x,,,,,,,x,,,,,,x,,,,x,,,,,x,x,x,,,,,,,,,,,,,,,,,x,,,x,,,,,,,x,,x,,,x,,,,,x,,,,,,x,,,,,,x,,,,x,,,,,,,,,,,,,,,,,,,,,,,,,,,,,,,
144,2,Nov_R_T_NPt,Nov,r,t,npt,,,,x,,,,x,,x,,x,,,,,,,x,,,,,,,,x,,,,,,x,x,,,x,,,,,,,,,,,,,,x,,,x,,,,,,,,,x,,,x,,,,x,,,,,,,x,,,,,,x,,,,,,,,,,,,,,,,,,,,,,,,,,,,,,,,,,,x
1,3,Jan_R_T_NPt,Jan,r,t,npt,,,,,,,,x,,,,,,,,,x,,,,,,,,,,x,,,,,,,,,,,,,,,,,,,,,,,,,,,,,,x,,,,,,x,,,,,,,,,,,,,,,x,,,,,,,,x,,,,,,,,,,,,,,,,,,,,,,,,,,,,,,,,
2,3,Jan_R_T_Pt,Jan,r,t,pt,,,,,,,,,,,,,,,,,,,,,,,,,,,x,,x,,,,x,,,,,,,,,,,,,,,,,,,,,,,,x,,,,x,,,,,,,,,,,,,,,,,,,,,x,,,,x,,,,,,,,,,,,,,,,,,,,,,,,,,,,,,,,
3,3,Nov_R_NT_NPt,Nov,r,nt,npt,,,,,,,,x,,,,,,,,,,,,,,,,,,,x,,,,,,,,,,,x,,,,,,,,,,,,,x,,,,,,x,,,,,,,,,,,,,,,,,,,,,,,,,x,,,,x,,,,,,,,,,,,,,,,,,,,,,,,,,,,,,,,
4,3,Jan_R_NT_Pt,Jan,r,nt,pt,,,,,,,,x,,,,,,,,,x,,,,,,,,x,,x,,,,,,,,,,,x,,,,,,,,,,,,,x,,,,,,,x,,,x,,,,,,,,,,x,,,,,,,,,,,,,,,,,,x,,,,,,,,,,,,,,,,,,,,,,,,,,,,,
5,3,Nov_R_NT_Pt,Nov,r,nt,pt,,,,,,,,x,,,,,,,,,x,,,,,,,,,,x,,,,,,,,,,,x,,,,,,,,,,,,,x,,,,,,x,,,,x,,,,,,,,,,,,,,,,,,,,,,,,,,,,x,,,,,,,,,,,,,,,,,,,,,,,,,,,,,
6,3,Nov_R_NT_Pt,Nov,r,nt,pt,,,,,,,,x,,,,,,,,,x,,,,,,,,,,x,,,,,,x,,,,,x,,,,,,,,,,,,,,,,,,,x,,,,x,,,,,,,,,,,,,,,,,,,,,,,,,,,,,,,,,,,,,,,,,,,,,,,,,,,,,,,,,
7,3,Nov_R_T_Pt,Nov,r,t,pt,,,,,,,,x,,,,,,,,,x,,,,,,,,,,x,,,,,,,,,,,x,,,,,,,,,,,,,x,,,,,,x,,,,x,,,,,,,,,,,,,,,,,,,,,,,,,,,,x,,,,,,,,,,,,,,,,,,,,,,,,,,,,,
8,3,Nov_R_NT_NPt,Nov,r,nt,npt,,,,,,,,x,,,,,,,,,x,,,,,,,,,,x,,,,,,,,,,,x,,,,,,,,,,,,,,,,,,,x,,,,x,,,,,,,,,,,,,,,,,,,,,,,,,,,,,,,,,,,,,,,,,,,,,,,,,,,,,,,,,
9,3,Jan_R_NT_Pt,Jan,r,nt,pt,,,,,,,,x,,,,,,,,,x,,,,,,,,,,x,,,,,,,,,,,x,,,,,,,,,,,,,,,,,,,x,,,,x,,,,,,,,,,,,,,,,,,,,,x,,,,,,,,,,,,,,,,,,,,,,,,,,,,,,,,,,,,
10,3,Nov_R_NT_Pt,Nov,r,nt,pt,,,,,,,,x,,,,,,,,,x,,,,,,,,,,x,,,,,,,,,,,x,,,,,,,,,,,,,,,,,,,x,x,,,x,,,,,,,,,,,,,,,,,,,,,,,,,,,,,,,,,,,,,,,,,,,,,,,,,,,,,,,,,
11,3,Jan_R_T_Pt,Jan,r,t,pt,,,,,,,,,,x,,x,,,,,x,,,,,,,,,,x,,,,,,x,,,,,x,,,,,,,,,,,,,,,,,,,,,,,x,,,,,,,,,,,,,,,,,,,,,,,,,,,,,,,,,,,,,,,,,,,,,,,,,,,,,,,,,
12,3,Con,c,c,c,c,,,,,,,,,,,x,x,,,,,x,,,,,,,,,,x,,,,,,,,,,,x,,,,,,,,,,,,,,,,,,,x,,,,x,,,,,,,,,,,,,,,,,,,,,,,,,,,,,,,,,,,,,,,,,,,,,,,,,,,,,,,,,
13,3,Nov_R_T_NPt,Nov,r,t,npt,,,,,,,,x,,,x,x,,,,x,x,,,,,,,,,,x,,,,,,,x,,,,x,,,,,,,,,,,,,,,,,,,x,,,,x,,,,,,,,,,,,,,,,,,,,,,,,,,,,,,,,,,,,,,,,,,,,,,,,,,,,,,,,,
14,3,Jan_R_T_NPt,Jan,r,t,npt,,,,,,,,,,,,x,,,,x,x,,,,,,,,,,x,,,,,,x,x,,,,x,,,,,,,,,,,,,x,,,,,,x,,,,x,,,,,,,,,,,,,,,,,,,,,x,,,,,,,,,,,,,,,,,,,,,,,,,,,,,,,,,,,,
15,3,Jan_R_T_Pt,Jan,r,t,pt,,,,,,,,x,,,,,,,,x,x,,,,,,,,,,x,,,,,,x,,,,,,,,,,,,,,,,,,x,,,,,,x,,,,x,,,,,,,,,,,,,,,,,,,,,x,,,,,,,,,,,,,,,,,,,,,,,,,,,,,,,,,,,,
16,3,Nov_R_T_Pt,Nov,r,t,pt,,,,,,,,x,,,,,,,,,x,,,,,,,,,,x,,,,,,,,,,,,x,,,,,,,,,,,,,,,,,,x,,,,x,,,,,,,,,,,,,,,,,,,,,,,,,,x,,x,,,,,,,,,,,,,,,,,,,,,,,,,,,,,
17,3,Jan_R_T_Pt,Jan,r,t,pt,,,,,,,,x,,,,,,,x,x,x,,,,,,,,,x,x,,,x,,,x,,,,,,,,,,,,,,,,,,,,,,,,,,,,x,,x,,,,,,,x,,,,,,x,,,,,,,,,,,,,x,,x,,,,,,,,,,,,,,,,,,,,,,,,,,,
18,3,Jan_R_T_Pt,Jan,r,t,pt,,,,x,,,,,,,,,,,,,,,,,,,,,,,x,,,x,,,x,,,,,,,,,,,,,,,,,,x,,,,,,,,,,x,,x,,,,,,,,,,,,,,,,,,,,x,,,x,,,,,x,,,,,,,,,,,,,,,,,,,,,,,,,,,
19,3,Nov_R_NT_Pt,Nov,r,nt,pt,,,,,,,,,,,,,,,,x,x,,,,,,,,,,x,,,x,,,x,,,,,,x,,,,,,,,,,,,,,,,,,x,,,,x,,x,,,,,,,,,,,,,,,,,,,,,,,,,,x,,,,,,,,,,,,,,,,,,,,,,,,,,,,,
20,3,Jan_R_T_NPt,Jan,r,t,npt,,,,,,,,,,,,,,,,x,x,,,,,,,,,,x,,,x,,,x,x,,,,,x,,,,,,,,,,,,x,,,,,,x,,,,x,,,,,,,,,,,,,,,,,,,,,x,,,,,,,,,,,,,,,,,,,,,,,,,,,,,,,,,,,,
21,3,Jan_R_NT_Pt,Jan,r,nt,pt,,,,,,,,,,,,,,,,x,x,,,,,,,,,,x,,,,,,x,x,,,,,x,,,,,,,,,,,,,,,,,,x,,,,x,,,,,,,,,,,,,,,,,,,,,x,,,,x,,,,,,,,,,,,,,,,,,,,,,,,,,,,,,,,
22,3,Nov_R_NT_NPt,Nov,r,nt,npt,,,,,,,,,,,,,,,,,x,,,,,,,,,,x,,,,,,,,,,,,x,,,,,,,,,,,,,,,,,,x,x,,,x,,,,,,,,,,,,,,,,,,,,,,,,,x,,,x,,,,,,,,,,,,,,,,,,,,,,,,,,,,,
23,3,Jan_R_NT_NPt,Jan,r,nt,npt,,,,,,,,,,,,,,,,,,,,,,,,,,,x,,,,,,,x,,,x,,,,,,,,,,,,,,,,,,,,x,,,,x,,,,,,,,,,,,,,,,,,,,,x,,,,,,,,,,,,,,,,,,,,,,,,,,,,,,,,,,,,
24,3,Jan_R_NT_NPt,Jan,r,nt,npt,,,,,,,,x,,x,,,,,,,,,,,,,,,,,x,,,,,,x,x,,,x,,,,,,,,,,,,,,x,,,,,,x,,,,x,,,,,,,,,x,,,,,,,,,,,,x,,,,,,,,,x,,,,,,,,,,,,,,,,,,,,,,,,,,,
25,3,Jan_R_NT_Pt,Jan,r,nt,pt,,,,,,,,,,,,,,,,,x,,,,,,,,,,x,,,,,,,,,,,,,,,,,,,,,,,,,,,,,,x,,,,x,,,,,,,,,,,,,,,,,,,,,,,,,,,,,,,,,,,,,,,,,,,,,,,,,,,,,,,,,
26,3,Nov_R_NT_NPt,Nov,r,nt,npt,,,,,,,,x,,,,x,,,,,x,,,,,,,,,,x,,,,,,,,,,,,x,,,,,,,,,,,,,,,,,,x,,,,x,,,,,,,,,,,,,,,,,,,,,,,,,,,,,,,,,,,,,,,,,,,,,,,,,,,,,,,,,
27,3,Jan_R_NT_Pt,Jan,r,nt,pt,,,,x,,,,,,,,,,,,,x,,,,,,,,,,x,,,,,,x,,,,,,x,,,,,,,,,,,,x,,,,,,x,,,,x,,,,,,,,,,,,,,,,,,,,,,,,,,,,,,,,,,,,,,,,,,,,,,,,,,,,,,,,,
28,3,Jan_R_NT_Pt,Jan,r,nt,pt,,,,,,,,,,,,x,,,,,x,,,,,,,,,,x,,,,,,x,,,,,,x,,,,,,,,,,,,x,,,,,,x,,,,x,,,,,,,,,,,,,,,,,,,,,,,,,,,,,,,,,,,,,,,,,,,,,,,,,,,,,,,,,
29,3,Jan_R_NT_NPt,Jan,r,nt,npt,,,,x,,,,x,,x,,,,,,x,x,,,,,,,,,,x,,,,,,x,,,,x,,,,,,,,,,,,,,,,,,,,x,,,,x,,,,,,,,x,x,x,,,,,x,,,,,x,x,,,,x,,,,,x,,,,,,,,,,,,,,,,,,,,,,,,,,,
30,3,Nov_R_NT_Pt,Nov,r,nt,pt,,,,,x,,,x,,,,,,,,x,x,,,x,,,,,,,x,,,x,,,,,,,,,,,,,,,,,,,,,x,,,,,,x,,,,,,x,,,,,,,,,,,,,,,,,,,x,,,,,,,,,,,,,,,,,,,,,,,,,,,,,,,,,,,,
31,3,Nov_R_NT_NPt,Nov,r,nt,npt,,,,x,,,,x,,,,,,,,x,,,,,,,,,,,x,,,x,,,,,,,,,,,,,,,,,,,,,,,,,,,x,,,,,,,,,,,,,,,,,,,,,,,,,,,,,,,,,,,,,,,,,,,,,,,,,,,,,,,,,,,,,
32,3,Jan_R_T_NPt,Jan,r,t,npt,,,,x,,,,x,,,,,,,,x,,,,,,,,,,,x,,,,,,,x,,,x,,,,,,,,,,,,,,x,,,,,,x,,,,x,,,,,,,,,,,,,,,,,,,,,x,,,,,,,,,,,,,,,,,,,,,,,,,,,,,,,,,,,,
33,3,Jan_R_T_Pt,Jan,r,t,pt,,,,,,,,,,,,,,,,x,,,,,,,,,,,x,,,x,,,x,,,,,,,,,,,,,,,,,,x,,,,,,x,,,,,,x,,,,,,,,,,,,,x,,,,,,x,,,,,,,,,,,,,,,,,,,,,,,,,,,,,,,,,,,,
34,3,Jan_R_NT_NPt,Jan,r,nt,npt,,,,,,,,,,,,,,,,,x,,,,,,,,,,x,,x,,,,x,x,,,,,,,,,,,,,,,,,x,,,,,,x,,,,,,,,,,,,,,,,,,,,,,,,,x,,,,x,,,,,,,,,,,,,,,,,,,,,,,,,,,,,,,,
35,3,Jan_R_T_Pt,Jan,r,t,pt,,,,,,,,,,,,,,,,,,,,,,,,,,,x,,,x,,,,,,,,,,,,,,,,,,,,,x,,,,,,x,,,,x,,,,,,,,,,,,,,,,,,,,,x,,,,x,,,,,x,,,,,,,,,,,,,,,,,,,,,,,,,,,
36,3,Nov_R_T_Pt,Nov,r,t,pt,,,,,,,,,,,,x,,,,,,,,,,,x,,,,x,,,x,,,x,,,,,,x,,,,,,,,,,,,,,,,,,x,,,,x,,,,,,,,,,,,,,,,,,,,,,,,,x,,,,,,,,,,,,,,,,,,,,,,,,,,,,,,,,
37,3,Con,c,c,c,c,,,,,,,,,,x,,x,,,,x,,,,,,,,,,,x,,,,,,,,,,,,,,,,,,,,,,,,,,,,,,x,,,,x,,,,,,,,,,,,,,,,,,,,,,,,,,,,,,,,,,,,,,,,,,,,,,,,,,,,,,,,,
38,3,Nov_R_T_Pt,Nov,r,t,pt,,,,x,,,,,,,,,,,,,,,x,,,,,,,,x,,,x,,,,,,,,,x,,,,,,,,,,,,,,,,,,x,,,,,,,,,,,,,,,,,,,,,,,,,,,,,,,,,,,,,,,,,,,,,,,,,,,,,,,,,,,,,
39,3,Jan_R_NT_NPt,Jan,r,nt,npt,,,,,,,,x,,,,,,,,x,,,x,,,,,,,,x,,,x,,,x,,,,,,,,,,,,,,,,,,,,,,,,x,,,,x,,x,,,,,,,,,,,,,,,,,,,x,,,,x,,,,,,,,,,,,,,,,,,,,,,,,,,,,,,,,
40,3,Jan_R_T_NPt,Jan,r,t,npt,,,,,,,,,,,,,,,,x,x,,,,,,,,,,x,,,x,,,x,x,,,,,,,,,,,,,,,,,x,,,,,,x,,,,x,,,,,,,,,x,,,,,,,,,,,x,x,,,,,,,x,,,,,,,,,,,,,,,,,,,,,,,,,,,,,
41,3,Nov_R_NT_NPt,Nov,r,nt,npt,,,,,,,,,,,,,,,,,x,,,,,,,,,,x,,,,,,,x,,,,,x,,,,,,,,,,,,,,,,,,x,,,,,,,,,,,,,,,,,,,,,,,,x,,,,,,x,,,,,,,,,,,,,,,,,,,,,,,,,,,,,,,
42,3,Nov_R_T_Pt,Nov,r,t,pt,,,,,,,,x,,,,,,,,x,,,,,,,,,,,x,,,,,,x,,,,,,x,,,,,,,,,,,,x,,,,,,x,,,,,,,,,,,,,,,,,,,,,,,,,,,,,,,,,,,,,,,,,,,,,,,,,,,,,,,,,,,,,
43,3,Jan_R_T_NPt,Jan,r,t,npt,,,,,,,,x,,,,,,,,,x,,,,,,,,,,x,,,,,,,,,,,,x,,,,,,,,,,,,x,,,,,,x,,,,,,,,,,,,,,,,,,,,,x,,,x,x,,,,x,,,,,,,,,,,,,,,,,,,,,,,,,,,,,,,,
44,3,Con,c,c,c,c,,,,,,,,x,,,,x,,,,,,,,,,,,,,,x,,x,,,,,,,,,,,,,,,,,,,,,,x,,,,,,x,x,,,x,,,,,,,,,x,,,,,,,,,,,x,,,,,,,,,,,,,,,,,,,,,,,,,,,,,,,,,,,,,
45,3,Nov_R_T_NPt,Nov,r,t,npt,,,,,x,,,x,,,,,,,,,x,,,,,,,,,,x,,,x,,,,x,,,,,,,,,,,,,,,,,x,,,,,,x,,,,x,,x,,,,,,,,,,,,,,,,,,,x,,,,,,,,,,,,,,,,,,,,,,,,,,,,,,,,,,,,
46,3,Jan_R_NT_NPt,Jan,r,nt,npt,,,,,,,,x,,,,,,,,,,,,,,,,,,,x,,,x,,,,,,,x,,,,,,,,,,,,,,x,,,,,,,,,,,,,,,,,,,,x,,,,,,,,,,x,x,,,,,,,,,,,,,,,,,,,,,,,,,,,,,,,,,,,,
47,3,Nov_R_T_Pt,Nov,r,t,pt,,,,,,,,,,,,,,,,,,,x,,,,,,,,x,,,x,,,x,,,,x,,,,,,,,,,,,,,x,,,,,,x,,,,,,x,,,,,,,,,,,,,,,,,,,,,,,,,,,,,,,,,,,,,,,,,,,,,,,,,,,,,,,
48,3,Nov_R_NT_Pt,Nov,r,nt,pt,,,,,,,x,,,,,,,,,x,,,x,,,,,,,,x,,,,,,,,,,x,,x,,,,,,,,,,,,x,,,,,,x,,,,,,,,,,,,,,,,x,,,,,,,,,,,,,x,,,,,,,,,,,,,,,,,,,,,,,,,,,,,,,,
49,3,Nov_R_T_NPt,Nov,r,t,npt,,,,x,,,,,,x,,x,,,,x,,,,,,,,,,,x,,,x,,,,,,,,,,,,,,,,,,,,,x,,,,,,x,,,,,,,,,,,,,,,,,,,,,,,,,,,,,,,,,,,,,,,,,,,,,,,,,,,,,,,,,,,,,
50,3,Jan_R_T_NPt,Jan,r,t,npt,,,,,,,,x,,x,,x,,,,,,,,,,,,,,,x,,,,,,x,,,,,,,,,,,,,,,,,,x,,,,,,,,,,,,,,,,,,,,,,,,,,,,,,,,,,,x,,,,,,,,,,,,,,,,,,,,,,,,,,,,,,,,
51,3,Nov_R_T_Pt,Nov,r,t,pt,,,,,,,,x,,x,,,,,,,,,,,,,,,,,x,,,x,,,,,,,,,x,,,,,,,,,,,,,,,,,,x,,,,x,,,,,,,,,,,,,,,,,,,,,x,,,,,,,,,,,,,,,,,,,,,,,,,,,,,,,,,,,,
52,3,Con,c,c,c,c,,,,,,,,x,,,,,,,,,x,,x,,,,,,,,x,,,,,,,,,,,,,,,,,,,,,,,,,,,,,,,,,,x,,,,,,,,,,,,,,,,,,,,,,,,,x,,,,,,,,,,,,,,,,,,,,,,,,,,,,,,,,
53,3,Con,c,c,c,c,,,,,,,,x,,,,,,,,,,,,,,,,,,x,x,,,,,,,,,,,,,,,,,,,,,,,,,,,,,,x,,,,,,,,,,,,,,,,,,,,,,,,,,,,,,,,,,,,,,,,,,,,,,,,,,,,,,,,,,,,,
54,3,Nov_R_T_NPt,Nov,r,t,npt,,,,,,,,,,,,,,,,,x,,,,,,,,,,x,,,,,,,,,,,,,,,,,,,,,,,,,,,,,,x,,,,,,,,,,,,,,,,,,,,,,,,,,,,,x,,,,,,,,,,,,,,,,,,,,,,,,,,,,,,,,
55,3,Jan_R_NT_NPt,Jan,r,nt,npt,,,,,,,,x,,,,,,,,x,x,,,,,,,,,,x,,,,,,x,,,,,,x,,,,,,,,,,,,x,,,,,,x,,,,,,x,,,,,,,,,,,,,,,,,,,x,,,,,,,,,,,,,,,,,,,,,,,,,,,,,,,,,,,,
56,3,Nov_R_T_NPt,Nov,r,t,npt,,,,,,,,,,,,x,,,,,,,,,,,x,,,,x,,,,,,x,x,,,,,x,,,,,,,,,,,,x,,,,,,x,,,,,,,,,,,,,,,,,,,,,,,,,x,,,,x,,,x,,,,,,,,,,,,,,,,,,,,,,,,,,,,,
57,3,Jan_R_NT_Pt,Jan,r,nt,pt,,,,x,,,,,,,,,,,,,,,,,,,,,,,x,,,x,,,,,,,,,x,,,,,,,,,,,,,,,,,,,,,,x,,,,,,,,x,,,,,,,,,,,,,,,,,,,,,,,,,,,,,,,,,,,,,,,,,,,,,,,,,
58,3,Nov_R_NT_Pt,Nov,r,nt,pt,,,,x,x,,,x,,,,,,,,x,x,,,,,,,,,,x,,,x,,,x,,,,,,x,,,,,,,,,,,,x,,,,,,x,,,,,,,,,,,,,,x,,,,,,,,,,,,,,,,,,,,,,,,,,,,,,,,,,,,,,,,,,,,,,,
59,3,Nov_R_NT_Pt,Nov,r,nt,pt,,,,,,,,x,,x,,,,,,x,x,,,,,,,,,,x,,,,,,,,,,,,,,,,,,,,,,,,x,,,,,,x,,,,,,,,,,,,,,,,,,,,,,,,,,,,,x,,,,,,,,,,,,,,,,,,,,,,,,,,,,,,,,
60,3,Jan_R_NT_NPt,Jan,r,nt,npt,,,,,,,,x,,,,,,,,x,,,,,,,,,,,x,,,x,,,,x,,,x,,,,,,,,,,,,,,,,,,,,,,,,,,x,,,,,,x,,x,,,,,x,,,,,x,x,x,,,x,,,,,,,,,,,,,,,,,,,,,,,,,,,,,,,,
61,3,Jan_R_NT_Pt,Jan,r,nt,pt,,,,,,,x,,,x,,x,,,,x,,,,,,,,,,,x,,,,,,x,,,,,,,,,,,,,,,,,,x,,,,,,,,,,,,,,,,,,,,,,,,,x,,,,,,,,,,,,,x,,,,,,,,,,,,,,,,,,,,,,,,,,,,,
62,3,Nov_R_NT_NPt,Nov,r,nt,npt,,,,,,,,,,x,,x,,,x,,,,,,,,,,,,x,,,x,,,,,,,,,x,,,,,,,,,,,,,,,,,,x,,,,,,x,,,,,,,,,,,,,,,,,,,,,,,,,,,,x,,,,,,,,,,,,,,,,,,,,,,,,,,,
63,3,Jan_R_T_Pt,Jan,r,t,pt,,,,,,,,x,,x,,,,,x,,,,,,,,,,,,x,,,,,,x,,,,,,,,,,,,,,,,,,,,,,,,x,,,,x,,x,,,,,,,,,,,,,,,,,,,x,,,,x,,,,,,,,,,,,,,,,,,,,,,,,,,,,,,,,
64,3,Nov_R_T_NPt,Nov,r,t,npt,,,,,,,,,,,,x,,,,,,,,,,,,,,,x,,,x,,,x,,,,,,x,,,,,,,,,,,,,,,,,,,,,,x,,x,,,x,,,,,,,,,,,,,,,,x,,,,x,,,,,,,,,,,,,,,,,,,,,,,,,,,,,,,,
65,3,Nov_R_NT_NPt,Nov,r,nt,npt,,,,x,,,,,,x,,x,,,,,x,,x,,,,,,,,x,,,x,,,,x,,,x,,x,,,,,,,,,,,,x,,,,,,x,,,,,,x,,,,,,,,,,,,,,,,,,,,,,,x,,,,,,,,,,,,,,,,,,,,,,,,,,,,,,,,
66,3,Con,c,c,c,c,,,,x,,,,x,,,,,,,,,x,,x,,,,,,,,x,,,,,,,,,,,,,,,,,,,,,,,,,,,,,,,,,,x,,,,,,,,,,x,,,,,,,,,,,x,,,,x,,,x,,,,,,,,,,,,,,,,,,,,,,,,,,,,,
67,3,Jan_R_T_NPt,Jan,r,t,npt,,,,,,,,x,,,,,,,,,,,,,,,,,,x,x,,,x,,,x,,,,x,,,,,,,,,,,,,,x,,,,,,,,,,,,x,,,,,,,,,,,,,,,,,,x,,,,,,,,,,,,,,,,,,,,,,,,,,,,,,,,,,,,,
68,3,Con,c,c,c,c,,,,,,,,x,,,,x,,,,,x,,,,,,,,,x,x,,x,,,,,,,x,,,,,,,,,,,,,,,,,,,,,,,,,,,,,,,,,x,,,,,,,,,,,,,,,,,x,,,x,,,,,,,,,,,,,,,,,,,,,,,,,,,,,
69,3,Nov_R_T_Pt,Nov,r,t,pt,,,,,x,,,x,,,,,,,,,x,,,,,,,,,,x,,,x,,,x,,,,,,,,,,,,,,,,,,,,,,,,,,,,,,x,,,,,,,,,,,,,,,,,,,,,,,,,,,,,,,,,,,,,,,,,,,,,,,,,,,,,,,
70,3,Jan_R_NT_NPt,Jan,r,nt,npt,,,,,,,,x,,,,,,,,x,,,,x,,,,,,,x,,x,,,,,,,,,,,,,,,,,,,,,,x,,,,,,,x,,,,,,,,,,,,,x,,,,,,,,,,x,,,,,,,,,,,,,,,,,,,,,,,,,,,,,,,,,,,,,
71,3,Nov_R_NT_Pt,Nov,r,nt,pt,,,,,,,,x,,,,,,,,x,,,,,,,,,,,x,,,,,,x,,,,,,,,,,,,,,,,,,x,,,,,,x,,,,,,,,,x,,,,,,,,,,,,,,,,,,,,x,,,,,,,,,,,,,,,,,,,,,,,,,,,,,,,,
72,3,Jan_R_NT_NPt,Jan,r,nt,npt,,,,,,,,x,,,,,,,,x,,,,,,,,,,,x,,x,x,,,x,x,,,,,,,,,,,,,,,,,,,,,,,,x,,,,,x,,,x,,,,,x,,,,,,x,,,,x,x,,,,,,,,,,,,,,,,,,,,,,,,,,,,,,,,,,,,
73,3,Nov_R_T_Pt,Nov,r,t,pt,,,,,,,,x,,x,,,,,,,,,x,,,,,,,,x,,,,,,,,,,x,,,,,,,,,,,,,,,,,,,,,,,,x,,x,,,,,,,,,,,,,,,,,,,x,,,,,,,,,x,,,,,,,,,,,,,,,,,,,,,,,,,,,
74,3,Jan_R_NT_NPt,Jan,r,nt,npt,,,,,,,,x,,,,x,,,,x,,,x,,,,,,,,x,,,,,,,,,,,,,,,,,,,,,,,,x,,,,,,,,,,,,x,,,x,,,,x,,,,,,,,,,,,,,,,,,x,,,,,,,,,,,,,,,,,,,,,,,,,,,,,,
75,3,Jan_R_T_NPt,Jan,r,t,npt,,,,,,,,,,,,x,,,,,,,,,,,,,,,x,,,,,,x,x,,,,,,,,,,,,,,,,,,,,,,,x,,,,,,x,,,,,,,,,,,,,,,,,,x,x,,,,,,,,,x,,,,,,,,,,,,,,,,,,,,,,,,,,,
76,3,Nov_R_NT_NPt,Nov,r,nt,npt,,,,,,,,x,,x,,x,,,,,,,,,,,,,,x,x,,,x,,,,x,,,x,,x,,,,,,,,,,,,,,,,,,x,,,,,,x,,,,,,,,,,,,,,,,,,x,x,,,,,,,,,,,,,,,,,,,,,,,,,,,,,,,,,,,,
77,3,Nov_R_NT_Pt,Nov,r,nt,pt,,,,,x,,,,,,,x,,,,,,,,,,,,,,,x,,,x,,,x,,,,,,,,,,,,,,,,,,,,,,,,x,,,,,,x,,,,,,,,,,,,,,,,,,,,,,,,,,,,,,,,,,,,,,,,,,,,,,,,,,,,,,,
78,3,Nov_R_T_Pt,Nov,r,t,pt,,,,,,,,,,,,,,,,,,,,,,,,,,,x,,,x,,,,,,,,,,,,,,,,,,,,,x,,,,,,x,,,,,,x,,,,,,,,,,,,,,,,,,,,,,,,,,,,,,,,,,,,,,,,,,,,,,,,,,,,,,,
79,3,Nov_R_T_Pt,Nov,r,t,pt,,,,,,,,x,,,,,,,,,x,,,,,,x,,,,x,,,x,,,,,,,,,,,,,,,,,,,,,,,,,,,,,,,,,x,,,,,,,,,,,,,,,,,,,x,,,,,,,,,,,,,,,,,,,,,,,,,,,,,,,,,,,,
80,3,Nov_R_NT_Pt,Nov,r,nt,pt,,,,x,,,,,,x,,,,,x,,x,,,,,,,,,,x,,,x,,,,,,,x,,,,,,,,,,,,,,x,,,,,,x,,,,x,,,,,,,,,,,,,,,,,,,,,,,,,,,,,,,,,,,,,,,,,,,,,,,,,,,,,,,,,
81,3,Jan_R_T_NPt,Jan,r,t,npt,,,,,,,,x,,,,x,,,,,,,,,,,,,,x,x,,,,,,,,,,,,,,,,,,,,,,,,x,,,,,,,,,,,,,,,,,,,,,,,,,,,,,,,x,,,,x,,,x,,,,,,,,,,,,,,,,,,,,,,,,,,,,,
82,3,Jan_R_T_Pt,Jan,r,t,pt,,,,,,,,x,,,,x,,,,,,,,,,,,,,,x,,,,,,x,,,,,,,,,,,,,,,,,,,,,,,,,,,,x,,x,,,,,,,,x,,,,,,,,,,,,,,,,,,,,,,,,,,,,,,,,,,,,,,,,,,,,,,,
83,3,Con,c,c,c,c,,,,,,,,x,,,,,,,,x,,,,x,,,,,,x,x,,x,,,,x,,,,x,,,,,,,,,,,,,,x,,,,,,,x,,,x,,,,,,,,,,,,,,,,,,,,x,,,,,,,,x,,,,,,,,,,,,,,,,,,,,,,,,,,,,,
84,3,Nov_R_NT_Pt,Nov,r,nt,pt,,,,,,,,x,,,,,,,x,x,,,,x,,,,,,,x,,,x,,,,,,,,,,,,,,,,,,,,,x,,,,,,x,,,,,,x,,,,,,,,,,,,,,,,,,,,,,,x,,,,,,,,,,,,,,,,,,,,,,,,,,,,,,,,
85,3,Jan_R_T_NPt,Jan,r,t,npt,,,,,,,,x,,x,,,,,,,,,x,,,,,,,,x,,x,,,,x,,,,x,,,,,,,,,,,,,,x,,,,,,,,,,,,,,,,,,x,x,,,,,,,,,,,,x,,,,,,,,,,,,,,,,,,,,,,,,,,,,,,,,,,,,
86,3,Con,c,c,c,c,,,,,,,,x,,,,x,,,,x,,,,,,,,,,,x,,,,,,,,,,,,,,,,,,,,,,,,,,,,,,,x,,,,,,,x,,,,,,,,,,,,,,,,,,,,,,x,x,,,,,,,,,,,,,,,,,,,,,,,,,,,,,,
87,3,Jan_R_NT_Pt,Jan,r,nt,pt,,,,x,,,,,,x,,x,,,,,,,x,,,,,,,,x,,,x,,,x,,,,x,,,,,,,,,,,,,,x,,,,,,x,,,,x,x,x,,,,,,,x,,,,,,,,,,,,x,,,,,,,x,x,,,,,,,,,,,,,,,,,,,,,,,,,,,,
88,3,Jan_R_T_Pt,Jan,r,t,pt,,,,x,,,,,,x,,,,,,x,,,x,,,,,,,,x,,,,,,x,,,,,,,,,,,,,,,,,,x,,,,,,,,,,,,,,,,,,,,,,,,,,,,,,,x,,,,,,,,,,,,,,,,,,,,,,,,,,,,,,,,,,,,
89,3,Jan_R_T_Pt,Jan,r,t,pt,,,,x,,,,,,x,,x,,,,,,,,,,,,,,,x,,,,,,,,,,,,,,,,,,,,,,,,x,,,,,,x,,,,,,,,,,,,,,,,,,,x,,,,,,x,,,,,,,,,,,,,,,,,,,,,,,,,,,,,,,,,,,,
90,3,Jan_R_NT_Pt,Jan,r,nt,pt,,,,x,,,,,,x,,x,,,,,,,,,,,,,,,x,,,x,,,x,,,,,,,,,,,,,,,,,,x,,,,,,,,,,,,,,,,,,,,,,,,,x,,,,,,x,,,,,,,,,,,,,,,,,,,,,,,,,,,,,,,,,,,,
91,3,Nov_R_T_NPt,Nov,r,t,npt,,,,,,,,,,x,,x,,,,x,,,,,,,,,,,x,,,,,,x,x,,,,,,,,,,,,,,,,,x,,,,,,x,,,,,,,,,,,,,,,,,,,,,,,,,x,,,,,,,,,,,,,,,,,,,,,,,,,,,,,,,,,,,,
92,3,Nov_R_T_Pt,Nov,r,t,pt,,,,,,,,,,,,x,,,,,,,,,,,,,,,x,,,x,,,x,,,,,,,,,,,,,,,,,,x,,,,,,x,,,,,,x,,,,,,,,,,,,,,,,,,,x,,,,,,,,,,,,,,,,,,,,,,,,,,,,,,,,,,,,
93,3,Nov_R_T_NPt,Nov,r,t,npt,,,,,,,,,,x,,,,,,,,,,,,,,,,,x,,,x,,,,x,,,x,,,,,,,,,,,,,,x,,,,,,x,,,,,,x,,,,,,,,,,,,,,,,,,,x,,,,x,,,,,,,,,,,,,,,,,,,,,,,,,,,,,,,,
94,3,Nov_R_NT_NPt,Nov,r,nt,npt,,,,,,,,,,x,,,,,x,x,,,,,,,,,,,x,,,x,,,,,,,,,,,,,,,,,,,,,,,,,,,,,,,,,x,,,,,,,,,,,,,,,,,,,,,,,,,,,,,,,,,,,,,,,,,,,,,,,,,,,,,,,
95,3,Con,c,c,c,c,,,,,,,,x,,,,,,,,x,x,,,,,,,,,,x,,,,,,,,,,,,,,,,,,,,,,,,x,,,,,,,,,,x,,,,,x,,,,,,,,,,,,,,,x,x,x,,,,x,,x,,,,,,,,,,,,,,,,,,,,,,,,,,,,,
96,3,Jan_R_T_NPt,Jan,r,t,npt,,,,,,,,x,,x,,,,,,x,x,,,x,,,,,,,x,,,,,,x,x,,,x,,,,,,,,,,,,,,x,,,,,,,x,,,,,x,,,,,,,,x,,,,,,,,,,x,,,,,,,,x,,,,,,,,,,,,,,,,,,,,,,,,,,,,,
97,3,Jan_R_T_NPt,Jan,r,t,npt,,,,,,,,x,,,,x,,,,x,x,,,x,,,,,,x,x,,x,x,,,x,x,,,x,,,,,,,,,,,,,,x,,,,,,x,x,,,,,x,,,,,,,x,x,,,,,x,,,,,x,,x,,,,x,,x,,,,,,,,,,,,,,,,,,,,,,,,,,,,,
98,3,Nov_R_T_NPt,Nov,r,t,npt,,,,,,,,x,,x,,,,,,x,,,x,,,,,,,,x,,,x,,,,x,,,x,,,,,,,,,,,,,,,,,,,,,,,,,,x,,,,,,,x,,,,,,,,,,,,,,,,,,,,,,,,,,,,,,,,,,,,,,,,,,,,,,,,
99,3,Nov_R_T_NPt,Nov,r,t,npt,,,,,,,,x,,x,,,,,,,,,,,,,,,,,x,,,x,,,,x,,,x,,,,,,,,,,,,,,,,,,,,x,,,,,,,,,,,,x,,,,,,,,,,,,,x,,,,x,,,,,,,,,,,,,,,,,,,,,,,,,,,,,,,,
100,3,Con,c,c,c,c,,,,,,,,,,x,,x,,,,x,,,x,,,,,,,,x,,,,,,,,,,x,,,,,,,,,,,,,,,,,,,,,,,,x,,,,,x,,,x,,,,,,,x,,,,,,,,,,x,,x,,,,,,,,,,,,,,,,,,,,,,,,,,,,,,
101,3,Nov_R_T_Pt,Nov,r,t,pt,,,,,,,,,,x,,,,,,,,,x,,,,x,,,,x,,,x,,,,,,,x,,,,,,,,,,,,,,x,,,,,,x,,,,,,x,,,,,,,x,,,,,,,,,,,,x,,,,x,,,,,,,,,,,,,,,,,,,,,,,,,,,,,,,,
102,3,Jan_R_T_Pt,Jan,r,t,pt,,,,,,,,,,x,,,,,,,,,,,,,,,,,x,,,,,,x,,,,,,,,,,,,,,,,,,x,,,,,,x,,,,,,x,,,,,,,,,,,,,,,,,,,,,,,,,,,,,,,,,,,,,,,,,,,,,,,,,,,,,,,
103,3,Con,c,c,c,c,,,,x,,,,x,,,,,,,,x,,,,,,,,,,,x,,,,,,,,,,x,,,,,,,,,,,,,,,,,,,,x,,,,,,,,,,,,,,,,,,,,,,,,,,,,,,,,,,,,,,,,,,,,,,,,,,,,,,,,,,,,,
104,3,Nov_R_NT_NPt,Nov,r,nt,npt,,,,,,,,x,,x,,x,,,,,,,,,,,,,,,x,,,,,,,,,,,,,,,,,,,,,,,,,,,,,,x,,,,,,x,,,,,,,,,,,,,,,,,,,x,,,,,,,,,,,,,,,,,,,,,,,,,,,,,,,,,,,,
105,3,Con,c,c,c,c,,,,,,,,x,,,,,,,,,,,,,,,,,,,x,,,,,,,,,,,,,,,,,,,,,,,,,,,,,,x,x,,,,,,,,,,,,,,,,,,x,,,,,,,,,,x,,,,,,,,,,,,,,,,,,,,,,,,,,,,,,,,
106,3,Jan_R_NT_NPt,Jan,r,nt,npt,,,,x,,,,x,,,,,,,,,,,,,,,,,,,x,,,x,,,x,x,,,,,,,,,,,,,,,,,,,,,,,x,,,,,,x,,,,,,,,,,,,,x,,,,,x,x,,,,,,,,,,,,,,,,,,,,,,,,,,,,,,,,,,,,
107,3,Nov_R_NT_Pt,Nov,r,nt,pt,,,,x,,,,x,,,,,,,,,,,x,,,,,,,,x,,,x,,,x,,,,,,,,,,,,,,,,,,,,,,,,x,,,,,,x,,,,,,,,,,,,,,,,,,,,,,,,x,,,,,,,,,,,,,,,,,,,,,,,,,,,,,,,
108,3,Jan_R_T_Pt,Jan,r,t,pt,,,,,,,,x,,,,,,,,,,,,x,,,,,,,,,,x,,,,x,,,,,,,,,,,,,,,,,x,,,,,,,,,,,,x,,,,,,,x,,,,,,,,,,,,x,,,,,,,x,,,,,,,,,,,,,,,,,,,,,,,,,,,,,
109,3,Nov_R_NT_Pt,Nov,r,nt,pt,,,,,,,,x,,,,,,,,x,,,,x,,,x,,,,x,,,,,,,,,,,,,,,,,,,,,,,,x,,,,,,,,,,x,,,,,,,,,,x,,,,,,,,,,,,,,,,,,,,,,,,,,,,,,,,,,,,,,,,,,,,,,,
110,3,Nov_R_NT_Pt,Nov,r,nt,pt,,,,,,,,x,,,,,,,,x,,,,,,,,,,,,,,,,,,,,,,,,,,,,,,,,,,,,,,,,,,,,,,,,,,,,,,,,,,,,,,,,,,,,,,x,,,,,,,,,,,,,,,,,,,,,,,,,,,,,,,,
111,3,Jan_R_T_Pt,Jan,r,t,pt,,,,,,,,x,,,,,,,,x,,,,,,,,,,,x,,,,,,,,,,,,,,,,,,,,,,,,,,,,,,,,,,,,,,,x,,,,,,,,,,,,,,,,,,,,x,,,,,,,,,,,,,,,,,,,,,,,,,,,,,,,,
112,3,Jan_R_NT_Pt,Jan,r,nt,pt,,,,,,,,,,x,,,,,,,,,x,,,,,,,,x,,,,,,,,,,x,,,,,,,,,,,,,,,,,,,,,,,,,x,,,,x,,,,x,x,,,,,,,,,,,x,x,,,,,,x,,,,,,,,,,,,,,,,,,,,,,,,,,,,,
113,3,Jan_R_NT_NPt,Jan,r,nt,npt,,,,,,,,,,,,,,,,,,,,,,,,,,,x,,,x,,,,x,,,x,,,,,,,,,,,,,,,,,,,,,,,,,,x,,,,,,,,,,,,,x,,,,,,,,,,,,,,,,,,,,,,,,,,,,,,,,,,,,,,,,,,
114,3,Jan_R_NT_Pt,Jan,r,nt,pt,,,,,,,,,,,,,,,,,,,,,,,,,,,x,,,x,,,,,,,,,,,,,,,,,,,,,x,,,,,,x,,,,,,,,,,,,,,,,,,,,,,,,,,,,,,,,,,,,,,,,,,,,,,,,,,,,,,,,,,,,,
115,3,Nov_R_T_NPt,Nov,r,t,npt,,,,,,,x,,,,,x,,,,,,,,,,,,,,,x,,,,,,,,,,,,x,,,,,,,,,,,,,,,,,,x,,,,,,,,,,,,,,,,,,,,,,,,,,,,,,,,,,,,,,,,,,,,,,,,,,,,,,,,,,,,,
116,3,Jan_R_T_Pt,Jan,r,t,pt,,,,,,,,x,,x,,,,,,,,,,,,,,,,,x,,,,,,x,,,,,,,,,,,,,,,,,,,,,,,,x,,,,,,,,,,,,,,,,,,,,,,,,,,,,,x,,,,,,,,,,,,,,,,,,,,,,,,,,,,,,,,
117,3,Jan_R_NT_NPt,Jan,r,nt,npt,,,,,,,,x,,,,,,,,,,,,,,,,,,,x,,,,,,,,,,,,,,,,,,,,,,,,,,,,,,,,,,,,,,,,,,,,,,,,,,,,,,,,,,,,,,,,,,,,,,,,,,,,,,,,,,,,,,,,,,,
118,3,Nov_R_NT_NPt,Nov,r,nt,npt,,,,,,,,x,,,,,,,,x,,,,,,,,,,,x,,,x,,,,,,,x,,,,,,,,,,,,,,,,,,,,x,,,,,,,,,,,,,,,,,,,,,,,,,,,,,x,,,,,,,,,,,,,,,,,,,,,,,,,,,,,,,,
119,3,Jan_R_NT_NPt,Jan,r,nt,npt,,,,,x,,,x,,,,,,,,,,,,,,,,,,,x,,,x,,,x,x,,,,,,,,,,,,,,,,,x,,,,,,,,,,,,,,,,,,,,,,,,,,,,,,x,x,,,,,,,,,,,,,,,,,,,,,,,,,,,,,,,,,,,,
120,3,Jan_R_NT_Pt,Jan,r,nt,pt,,,,x,,,,x,,,,,,,,,,,,,,,,,,,x,,,x,,,x,,,,,,,,,,,,,,,,,,x,,,,,,,,,,,,,,,x,,,,x,,,,,,,,,,,,x,,,,,,,,,,,,,,,,,,,,,,,,,,,,,,,,,,,,
121,3,Nov_R_T_Pt,Nov,r,t,pt,,,,,,,,x,,,,,,,,x,,,,,,,,,,,x,,,,,,,,,,x,x,,,,,,,,,,,,,x,,,,,,x,,,,,,x,,,,,,,,,,,,,,,,,,x,,,,,x,,,x,,,,,,,,,,,,,,,,,,,,,,,,,,,,,
122,3,Nov_R_T_NPt,Nov,r,t,npt,,,,,,,,x,,x,,,,,,x,,,x,,,,,,,,x,,,,,,,,,,x,,,,,,,,,,,,,,x,,,,,,x,,,,,,,,,x,,,,,,,,,,,,,,,,,,,,,,,,,,,,,,,,,,,,,,,,,,,,,,,,,,,,
123,3,Jan_R_T_NPt,Jan,r,t,npt,,,,,,,,x,,,,,,,,,x,,x,,,,,,,,x,,,,,,,x,,,x,,,,,,,,,,,,,,x,,,,,,,,,,,,x,,,x,,,,x,x,,x,,,,,,,,,x,,,,,,x,,,,,,,,,,,,,,,,,,,,,,,,,,,,,,
124,3,Con,c,c,c,c,,,,,,,,,,,,,,,,,x,,,,,,,,,,x,,,,,,,,,,,,,,,,,,,,,,,,,,,,,,x,,,,,,,,,,,,,,,,,,,,,,,,,,,,,,,,,,,,,,,,,,,,,,,,,,,,,,,,,,,,,
125,3,Nov_R_T_Pt,Nov,r,t,pt,,,,x,,,,x,,,,,,,,,x,,,,,,,,,,x,,,,,,,,,,,,,,,,,,,,,,,,,,,,,,x,,,,,,,,,,,,,,,,,,,,,,,,,,,,,,,,,,,,,,,,,,,,,,,,,,,,,,,,,,,,,
126,3,Con,c,c,c,c,,,,,,,,x,,,,,,,,,x,,,,,,,,,,x,,,,,,,,,,,,,,,,,,,,,,,,,,,,,,x,,,,,,,,,,,,,,,,,,,,,,,,,,,,,,,,,,,,,,,,,,,,,,,,,,,,,,,,,,,,,
127,3,Jan_R_T_NPt,Jan,r,t,npt,,,,,,,,x,,x,,,,,,x,,,,,,,,,,,x,,,,,,,x,,,,,,,,,,,,,,,,,,,,,,,x,,,,,,,,,,,,,,,,,,,,,,,,,,,,,,,,,,,,,,,,,,,,,,,,,,,,,,,,,,,,,
128,3,Nov_R_NT_NPt,Nov,r,nt,npt,,,,,,,,x,,,,,,,,x,,,,,,,,,,,x,,,,,,,,,,,,,,,,,,,,,,,,,,,,,,x,,,,,,,,,,,,,,,,,,,,,,,,,x,,,,,,,,,,,,,,,,,,,,,,,,,,,,,,,,,,,,
129,3,Nov_R_T_Pt,Nov,r,t,pt,,,,,,,,x,,,,,,,,x,,,x,,,,,,,,x,,,x,,,,,,,,,,,,,,,,,,,,,,,,,,,x,,,,,,,,,,,,,,,,,,,,,,,,,x,,,,,,,,,,,,,,,,,,,,,,,,,,,,,,,,,,,,
130,3,Nov_R_T_NPt,Nov,r,t,npt,,,,x,,,,x,,,,,,,,,,,,,,,,,,,,,,x,,,,,,,,,,,,,,,,,,,,,x,,,,,,,,,,,,,,,,,,,,,,,,,,,,,,,x,x,,,,,,,,,,,,,,,,,,,,,,,,,,,,,,,,,,,
131,3,Jan_R_NT_NPt,Jan,r,nt,npt,,,,,,,,x,,,,,,,,x,,,x,,,,,,,,,,,,,,,,,,x,,,,,,,,,,,,,,,,,,,,,x,,,,,,,,,,,,,,,,,,,,,,,,,,,,x,,,,,,,,,,,,,,,,,,,,,,,,,,,,,,,,
132,3,Nov_R_T_NPt,Nov,r,t,npt,,,,,,,,x,,,,,,,,x,x,,,,,,,,,,x,,,,,,,x,,,,,,,,,,,,,,,,,,,,,,,x,,,,,,,,,x,,,,,,,,,,,,,,,x,x,,,,x,,,,,,,,,,,,,,,,,,,,,,,,,,,,,,,,
133,3,Nov_R_NT_Pt,Nov,r,nt,pt,,,,x,,,,,,,,,,,,x,,,x,,,,,,,,x,,,x,,,,x,,,x,,,,,,,,,,,,,,,,,,,,,,,,,,x,,,,,,,,,,,,,,,,,,,x,,,,x,,,,,,,,,,,,,,,,,,,,,,,,,,,,,,,,
134,3,Nov_R_NT_NPt,Nov,r,nt,npt,,,,x,,,,x,,x,,,,,,,x,,,,,,,,,,x,,,x,,,,,,,,,,,,,,,,,,,,,,,,,,,x,,,,,,,,,,,,,,,,,,,,,,,,,x,,,,,,,,,,,,,,,,,,,,,,,,,,,,,,,,,,,,
135,3,Con,c,c,c,c,,,,,,,,x,,x,,,,,,,,,,,,,,,,,x,,,,,,,,,,,,x,,,,,,,,,,,,,,,,,,x,,,,,,x,,,,,,,,,,,,,,,,,,,,,,,,,,x,,,,,,,,,,,,,,,,,,,,,,,,,,,,,
136,3,Jan_R_NT_Pt,Jan,r,nt,pt,,,,x,,,,x,,,,,,,,,,,,,,,,,,,x,,,,,,,,,,,,,,,,,,,,,,,,,,,,,,x,,,,,,,,,,,,,,,,,,,,,,,,,,,,,,,,,,,,,,,,,,,,,,,,,,,,,,,,,,,,,
137,3,Nov_R_NT_NPt,Nov,r,nt,npt,,,,,,,,x,,,,,,,,x,,,,,,,,,,,x,,,,,,x,,,,,,,,,,,,,,,,,,x,,,,,,x,,,,,,x,,,,,,,,,,,,,,,x,,,,,,,,x,,,,,,,,,,,,,,,,,,,,,,,,,,,,,,,,
138,3,Nov_R_T_NPt,Nov,r,t,npt,,,,,,,,x,,,,,,,,x,,,,,,,,,,,x,,,x,,,,,,,x,,,,,,,,,,,,,,x,,,,,,,x,,,x,,x,,,,,,,,x,,,,,,,,,,,,,,,x,,,x,,,,,,,,,,,,,,,,,,,,,,,,,,,,,
139,3,Jan_R_NT_Pt,Jan,r,nt,pt,,,,,,,,,,,,,,,x,x,x,,,,,,,,,,x,,,,,,,x,,,x,,,,,,,,,,,,,,x,,,,,,x,,,,,,x,,,,,,,,,,,,,,,,,,,x,,,,x,,,,,,,,,,,,,,,,,,,,,,,,,,,,,,,,
140,3,Jan_R_NT_Pt,Jan,r,nt,pt,,,,x,,,,,,,,,,,,x,x,,x,,,,,,,,x,,,,,,,,,,x,,,,,,,,,,,,,,,,,,,,,x,,,,,,,,,,,,,,,,,,,,,,,,,,,,,,,,,,,,,,,,,,,,,,,,,,,,,,,,,,,,
141,3,Nov_R_NT_NPt,Nov,r,nt,npt,,,,,,,,,,,,,,,,x,,,x,,,,,,,,x,,,,,,,,,,,,,,,,,,,,,,,,,,,,,,x,,,,,x,,,,x,,,,,,,,,,x,,,,,,x,,x,,,,,,,,,,,,,,,,,,,,,,,,,,,,,,,,,,
142,3,Jan_R_T_NPt,Jan,r,t,npt,,,,x,x,,,x,,,,,,,,x,,,x,,,,,,,,x,,,,,,,,,,x,,,,,,,,,,,,,,,,,,,,,,,,,x,,,,x,,,,,,,,,,,,,,,,,,x,,,,,,,,,,,,,,,,,,,,,,,,,,,,,,,,,,
143,3,Jan_R_T_Pt,Jan,r,t,pt,,,,x,x,,,,,,,,,,,x,,,x,,,,,,,,,,,x,,,x,x,,,x,,,,,,,,,,,,,,x,,,,,,,,,,,,,,,x,,,,,,,,,,x,,,,,,x,,,,,,,,,,,,,,,,,,,,,,,,,,,,,,,,,,,,
144,3,Nov_R_T_NPt,Nov,r,t,npt,,,,,,,,,,,,,,,,,,,x,,,,,,,,x,,,,,,,x,,,,,,,,,,,,,,,,,x,,,,,,,,,,,,x,,,x,,,,,,,,,,x,,,,,,x,,,,,,,,,,,,,,,,,,,,,,,,,,,,,,,,,,,,
